-- Active: 1746963621814@@127.0.0.1@5435@radiant

INSERT INTO organization (id, code, name, category) VALUES
  (1, 'CHOP', 'Children Hospital of Philadelphia', 'healthcare_provider'),
  (2, 'UCSF', 'University of California San-Francisco', 'healthcare_provider'),
  (3, 'CHUSJ', 'Centre hospitalier universitaire Sainte-Justine', 'healthcare_provider'),
  (4, 'LDM-CHUSJ', 'Laboratoire de diagnostic moléculaire, CHU Sainte-Justine', 'diagnostic_laboratory'),
  (5, 'LDM-CHOP', 'Molecular Diagnostic Laboratory, CHOP', 'diagnostic_laboratory'),
  (6, 'CQGC', 'Quebec Clinical Genomic Center', 'sequencing_center')
  ON CONFLICT (code) DO NOTHING;

INSERT INTO practitioner (id, last_name, first_name, license, prefix, suffix) VALUES 
(1, 'Laflamme', 'Felix', '37498', 'Dr', NULL),
(2, 'Lopez', 'Melissa', '37500', 'Dr', NULL),
(3, 'Watson', 'Christopher', '37502', 'Dr', NULL),
(4, 'Breton', 'Victoria', '37504', 'Dr', NULL),
(5, 'Paré', 'Antoine', '37506', 'Dr', NULL),
(6, 'Frye', 'Jonathan', '37508', 'Dr', NULL),
(7, 'Taylor', 'Dawn', '37510', 'Dr', NULL),
(8, 'Maxwell', 'Lauren', '37512', 'Dr', NULL),
(9, 'Duchesne', 'Elliot', '37514', 'Dr', NULL),
(10, 'Williams', 'Alex', '37516', 'Dr', NULL),
(11, 'Séguin', 'Arthur', '37518', 'Dr', NULL),
(12, 'Veilleux', 'Raphaelle', '37520', 'Dr', NULL),
(13, 'Stevens', 'Louis', '37522', 'Dr', NULL),
(14, 'Gervais', 'Sarah', '37524', 'Dr', NULL),
(15, 'Peterson', 'Xavier', '37526', 'Dr', NULL),
(16, 'Laroche', 'Jeanne', '37528', 'Dr', NULL),
(17, 'Morissette', 'Arnaud', '37530', 'Dr', NULL),
(18, 'Charron', 'Sophia', '37532', 'Dr', NULL),
(19, 'Reid', 'Ethan', '37534', 'Dr', NULL),
(20, 'Laplante', 'Leonie', '37536', 'Dr', NULL),
(21, 'Chabot', 'Henri', '37538', 'Dr', NULL),
(22, 'Brunet', 'Alexia', '37540', 'Dr', NULL),
(23, 'Vézina', 'Loic', '37542', 'Dr', NULL),
(24, 'Desrochers', 'Rose', '37544', 'Dr', NULL),
(25, 'Morgan', 'Zachary', '37546', 'Dr', NULL),
(26, 'Hall', 'Julie', NULL, 'PhD', NULL),
(27, 'Hamdan', 'Fadi', NULL, 'PhD', NULL),
(28, 'Anoja', 'Nancy', NULL, 'PhD', NULL),
(29, 'Baret', 'Laurence', NULL, 'PhD', NULL),
(30, 'Canales', 'Karen', NULL, 'PhD', NULL),
(31, 'Sillon', 'Guillaume', NULL, 'PhD', NULL),
(32, 'Chong', 'George', NULL, 'PhD', NULL),
(33, 'Monczak', 'Yury', NULL, 'PhD', NULL),
(34, 'Roy', 'Leonard', '37549', 'Dr', NULL),
(35, 'Leclerc', 'Juliette', '37550', 'Dr', NULL),
(36, 'Roy', 'Leon', '37551', 'Dr', NULL),
(37, 'Gagnon', 'Ella', '37552', 'Dr', NULL),
(38, 'Poirier', 'Eva', '37553', 'Dr', NULL),
(39, 'Leblanc', 'Thomas', '37554', 'Dr', NULL),
(40, 'Jordan', 'Romy', NULL, NULL, NULL),
(41, 'Boucher', 'Alexis', NULL, NULL, NULL),
(42, 'Girard', 'Nathan', NULL, NULL, NULL),
(43, 'Thibault', 'Victoria', NULL, NULL, NULL),
(44, 'Beaulieu', 'Samuel', NULL, NULL, NULL),
(45, 'Poulin', 'Mia', NULL, NULL, NULL)
ON CONFLICT (id) DO NOTHING;


INSERT INTO practitioner_has_roles (id, practitioner_id, organization_id, role, email, phone) VALUES
(1, 1, 3, 'doctor', 'laflamme.felix@chusj.org', '514-564-3099'),
(2, 2, 3, 'doctor', 'lopez.melissa@chusj.org', '514-564-3100'),
(3, 3, 3, 'doctor', 'watson.christopher@chusj.org', '514-564-3101'),
(4, 4, 3, 'doctor', 'breton.victoria@chusj.org', '514-564-3102'),
(5, 5, 3, 'doctor', 'pare.antoine@chusj.org', '514-564-3103'),
(6, 6, 3, 'doctor', 'frye.jonathan@chusj.org', '514-564-3104'),
(7, 7, 1, 'doctor', 'taylor.dawn@chop.org', '514-564-3105'),
(8, 8, 1, 'doctor', 'maxwell.lauren@chop.org', '514-564-3106'),
(9, 9, 1, 'doctor', 'duchesne.elliot@chop.org', '514-564-3107'),
(10, 10, 1, 'doctor', 'williams.alex@chop.org', '514-564-3108'),
(11, 11, 1, 'doctor', 'seguin.arthur@chop.org', '514-564-3109'),
(12, 12, 1, 'doctor', 'veilleux.raphaelle@chop.org', '514-564-3110'),
(13, 13, 2, 'doctor', 'stevens.louis@ucsf.org', '514-564-3111'),
(14, 14, 2, 'doctor', 'gervais.sarah@ucsf.org', '514-564-3112'),
(15, 15, 2, 'doctor', 'peterson.xavier@ucsf.org', '514-564-3113'),
(16, 16, 2, 'doctor', 'laroche.jeanne@ucsf.org', '514-564-3114'),
(17, 17, 2, 'doctor', 'morissette.arnaud@ucsf.org', '514-564-3115'),
(18, 18, 3, 'geneticist', 'charron.sophia@ucsfj.org', '514-564-3116'),
(19, 19, 3, 'geneticist', 'reid.ethan@chusj.org', '514-564-3117'),
(20, 20, 3, 'geneticist', 'laplante.leonie@chusj.org', '514-564-3118'),
(21, 21, 3, 'geneticist', 'chabot.henri@chusj.org', '514-564-3119'),
(22, 22, 1, 'geneticist', 'brunet.alexia@chop.org', '514-564-3120'),
(23, 23, 2, 'geneticist', 'vezina.loic@chop.org', '514-564-3121'),
(24, 24, 2, 'geneticist', 'desrochers.rose@ucsf.org', '514-564-3122'),
(25, 25, 2, 'geneticist', 'morgan.zachary@ucsf.org', '514-564-3123'),
(26, 26, 4, 'geneticist', 'hall.julie@ldm-chusj.org', '514-564-3124'),
(27, 27, 4, 'geneticist', 'hamdan.fadi@ldm-chusj.org', '514-564-3125'),
(28, 28, 4, 'geneticist', 'anoja.nancy@ldm-chusj.org', '514-564-3126'),
(29, 29, 5, 'geneticist', 'baret.laurence@ldm-chop.org', '514-564-3127'),
(30, 30, 5, 'geneticist', 'canales.karen@ldm-chop.org', '514-564-3128'),
(31, 31, 5, 'geneticist', 'sillon.guillaume@ldm-chop.org', '514-564-3129'),
(32, 32, 5, 'geneticist', 'chong.george@ldm-chop.org', '514-564-3130'),
(33, 33, 5, 'geneticist', 'monczak.yury@ldm-chop.org', '514-564-3131'),
(34, 34, 4, 'geneticist', 'roy.leonard@ldm-chusj.org', '514-564-3132'),
(35, 35, 4, 'geneticist', 'leclerc.juliette@ldm-chusj.org', '514-564-3133'),
(36, 36, 5, 'geneticist', 'roy.leon@ldm-chop.org', '514-564-3134'),
(37, 37, 5, 'geneticist', 'gagnon.ella@ldm-chop.org', '514-564-3135'),
(38, 38, 5, 'geneticist', 'poirier.eva@ldm-chop.org', '514-564-3136'),
(39, 39, 5, 'geneticist', 'leblanc.thomas@ldm-chop.org', '514-564-3137'),
(40, 40, 4, 'geneticist', 'jordan.romy@ldm-chusj.org', '514-564-3138'),
(41, 41, 5, 'geneticist', 'boucher.alexis@ldm-chop.org', '514-564-3139'),
(42, 42, 5, 'geneticist', 'girard.nathan@ldm-chop.org', '514-564-3140'),
(43, 43, 4, 'geneticist', 'thibault.victoria@ldm-chusj.org', '514-564-3141'),
(44, 44, 5, 'geneticist', 'beaulieu.samuel@ldm-chop.org', '514-564-3142'),
(45, 45, 5, 'geneticist', 'poulin.mia@ldm-chop.org', '514-564-3143')
ON CONFLICT (id) DO NOTHING;

-- Patients
INSERT INTO person (id, last_name, first_name, sex, dob, jhn) VALUES
(1, 'Anderson', 'Jaccoba', 'female', '2012-02-03', 'CHAJ12020376'),
(2, 'Baker', 'Lea', 'male', '1970-01-30', 'MORL70513037'),
(3, 'Bennett', 'Thomas', 'male', '1973-03-23', 'CHAT73032326'),
(4, 'Blake', 'Raphael', 'male', '1995-08-05', 'BOUR95080581'),
(5, 'Brooks', 'Alice', 'female', '1971-08-22', 'LEPA71582256'),
(6, 'Brown', 'Nathan', 'male', '1969-03-21', 'BOUN69032192'),
(7, 'Campbell', 'Leo', 'male', '2013-01-24', 'RICL13012437'),
(8, 'Carter', 'Olivio', 'male', '1988-06-02', 'LACO88560220'),
(9, 'Clark', 'Alexie', 'female', '1985-11-05', 'RICA85110573'),
(10, 'Collins', 'Emilie', 'female', '2011-11-23', 'NGUE11112362'),
(11, 'Cooper', 'Florence', 'female', '1987-06-09', 'GREF87560940'),
(12, 'Cox', 'Samuel', 'male', '1986-10-18', 'NGUS86101881'),
(13, 'Davis', 'Edouard', 'male', '2017-09-11', 'BLAE17091181'),
(14, 'Dixon', 'Charlotte', 'female', '1989-07-06', 'LAUC89570634'),
(15, 'Edwards', 'Finomena', 'female', '1987-01-12', 'BLAF87011237'),
(16, 'Evans', 'Olivier', 'male', '2016-07-13', 'GILO16071311'),
(17, 'Fisher', 'Charlie', 'male', '1989-04-30', 'MASC89543062'),
(18, 'Foster', 'Gabriel', 'male', '1987-11-06', 'GILG87110683'),
(19, 'Garcia', 'Charlotte', 'female', '1996-06-30', 'FORC96063024'),
(20, 'Gray', 'Rousseau', 'male', '1995-05-07', 'DROR95550784'),
(21, 'Green', 'Antoine', 'male', '2002-06-17', 'BEDA02061770'),
(22, 'Hall', 'Alice', 'female', '2008-01-05', 'PILA08010529'),
(23, 'Harris', 'Victoria', 'female', '2003-04-16', 'COUV03041667'),
(24, 'Harrison', 'Benjamin', 'male', '2012-06-21', 'ROBB12062170'),
(25, 'Henderson', 'Beatrice', 'female', '1981-08-16', 'MERB81581688'),
(26, 'Hill', 'Zo', 'male', '2006-04-06', 'BEAZ06540688'),
(27, 'Holmes', 'Elliot', 'male', '1991-01-09', 'CLOE91010953'),
(28, 'Howard', 'Joey', 'male', '2013-08-12', 'POIJ13581280'),
(29, 'Hughes', 'Jayden', 'male', '1957-03-11', 'COUJ57031167'),
(30, 'Hunt', 'Arianna', 'female', '2010-04-07', 'LEBA10040725'),
(31, 'Jackson', 'Chloe', 'female', '1956-12-08', 'BOUC56620835'),
(32, 'James', 'Eva', 'female', '1988-07-17', 'ARSE88571771'),
(33, 'Jenkins', 'Jamie', 'female', '1988-12-06', 'CARJ88120683'),
(34, 'Johnson', 'Soufianne', 'male', '2001-05-08', 'AUDS01550878'),
(35, 'Jones', 'Julien', 'male', '1978-05-28', 'FOUJ78552867'),
(36, 'Kelly', 'Romy', 'female', '1987-04-26', 'DEMR87542632'),
(37, 'King', 'Louis', 'male', '1956-01-15', 'LANL56011596'),
(38, 'Knight', 'Theo', 'female', '1999-05-23', 'GAUT99052351'),
(39, 'Lee', 'Xavier', 'male', '2016-11-09', 'CHOX16110972'),
(40, 'Lewis', 'Mia', 'female', '1974-01-13', 'LEMM74511326'),
(41, 'Long', 'Victoria', 'male', '1965-08-15', 'GOSV65581593'),
(42, 'Martin', 'Zaina', 'female', '1995-06-18', 'EMOZ95061858'),
(43, 'Mason', 'Arnaud', 'male', '2014-10-26', 'MICA14102620'),
(44, 'Matthews', 'Rose', 'female', '2021-02-14', 'HAMR21521437'),
(45, 'Miller', 'Clara', 'female', '1956-04-29', 'ALLC56542942'),
(46, 'Mitchell', 'Lucy', 'female', '1956-01-15', 'LAVL56011572'),
(47, 'Moore', 'Liv', 'male', '1973-04-03', 'ROBL73540336'),
(48, 'Morgan', 'Eve', 'female', '1963-01-13', 'GUAE63011346'),
(49, 'Morris', 'Mila', 'female', '1995-07-16', 'OUEM95571685'),
(50, 'Murphy', 'Nolan', 'male', '1990-03-06', 'LARN90030672'),
(51, 'Nelson', 'Maeva', 'male', '1974-08-09', 'PAQM74580934'),
(52, 'Parker', 'Henri', 'male', '1960-07-08', 'ROBH60070829'),
(53, 'Patterson', 'Milan', 'male', '2019-12-05', 'BERM19120523'),
(54, 'Perry', 'Camille', 'female', '1989-10-22', 'PAQC89602292'),
(55, 'Phillips', 'Laurence', 'female', '2020-02-16', 'CHAL20521646'),
(56, 'Price', 'Raphaelle', 'female', '1977-12-06', 'GAGR77620610'),
(57, 'Reed', 'Loicia', 'female', '1979-08-04', 'BOIL79080483'),
(58, 'Richardson', 'Mathis', 'male', '1994-06-26', 'CHAM94062622'),
(59, 'Roberts', 'Frédérique', 'female', '1984-02-09', 'PLAZ84020945'),
(60, 'Robinson', 'Dina', 'female', '1979-07-01', 'MARD79070187'),
(61, 'Rogers', 'Alexia', 'female', '1971-07-25', 'LARA71072588')
ON CONFLICT (id) DO NOTHING;

INSERT INTO patient (id, submitter_id, person_id, sex, mrn, managing_organization_id, note) VALUES
(1, '803.2', 1, 'female', 'MRN-283773', 3, 'note on patient'),
(2, '803.3', 2, 'male', 'MRN-283774', 3, 'note on patient'),
(3, '803.1', 3, 'male', 'MRN-283775', 3, 'note on patient'),
(4, '804.1', 4, 'male', 'MRN-283776', 3, 'note on patient'),
(5, '804.3', 5, 'male', 'MRN-283777', 3, 'note on patient'),
(6, '804.2', 6, 'female', 'MRN-283778', 3, 'note on patient'),
(7, '805.3', 7, 'male', 'MRN-283779', 3, 'note on patient'),
(8, '805.1', 8, 'male', 'MRN-283780', 3, 'note on patient'),
(9, '805.2', 9, 'female', 'MRN-283781', 3, 'note on patient'),
(10, '806.1', 10, 'female', 'MRN-283782', 3, 'note on patient'),
(11, '806.3', 11, 'male', 'MRN-283783', 3, 'note on patient'),
(12, '806.2', 12, 'female', 'MRN-283784', 3, 'note on patient'),
(13, '807.2', 13, 'female', 'MRN-283785', 3, 'note on patient'),
(14, '807.3', 14, 'male', 'MRN-283786', 3, 'note on patient'),
(15, '807.1', 15, 'male', 'MRN-283787', 3, 'note on patient'),
(16, '836.1', 16, 'male', 'MRN-283788', 3, 'note on patient'),
(17, '836.2', 17, 'female', 'MRN-283789', 3, 'note on patient'),
(18, '836.3', 18, 'male', 'MRN-283790', 3, 'note on patient'),
(19, '839.2', 19, 'female', 'MRN-283791', 3, 'note on patient'),
(20, '839.1', 20, 'female', 'MRN-283792', 3, 'note on patient'),
(21, '839.3', 21, 'male', 'MRN-283793', 3, 'note on patient'),
(22, '859.1', 22, 'male', 'MRN-283794', 3, 'note on patient'),
(23, '869.1', 23, 'female', 'MRN-283795', 3, 'note on patient'),
(24, '869.2', 24, 'female', 'MRN-283796', 3, 'note on patient'),
(25, '869.3', 25, 'male', 'MRN-283797', 3, 'note on patient'),
(26, '870.3', 26, 'male', 'MRN-283798', 3, 'note on patient'),
(27, '870.1', 27, 'male', 'MRN-283799', 3, 'note on patient'),
(28, '870.2', 28, 'female', 'MRN-283800', 3, 'note on patient'),
(29, '871.3', 29, 'male', 'MRN-283801', 3, 'note on patient'),
(30, '871.1', 30, 'male', 'MRN-283802', 3, 'note on patient'),
(31, '871.2', 31, 'female', 'MRN-283803', 3, 'note on patient'),
(32, '912.3', 32, 'male', 'MRN-283804', 2, 'note on patient'),
(33, '912.2', 33, 'female', 'MRN-283805', 2, 'note on patient'),
(34, '912.1', 34, 'female', 'MRN-283806', 2, 'note on patient'),
(35, '948.3', 35, 'male', 'MRN-283807', 2, 'note on patient'),
(36, '948.2', 36, 'female', 'MRN-283808', 2, 'note on patient'),
(37, '948.1', 37, 'female', 'MRN-283809', 2, 'note on patient'),
(38, '950.2', 38, 'female', 'MRN-283810', 1, 'note on patient'),
(39, '950.1', 39, 'male', 'MRN-283811', 1, 'note on patient'),
(40, '950.3', 40, 'male', 'MRN-283812', 1, 'note on patient'),
(41, '951.3', 41, 'male', 'MRN-283813', 1, 'note on patient'),
(42, '951.1', 42, 'male', 'MRN-283814', 1, 'note on patient'),
(43, '951.2', 43, 'female', 'MRN-283815', 1, 'note on patient'),
(44, '952.1', 44, 'female', 'MRN-283816', 1, 'note on patient'),
(45, '952.3', 45, 'male', 'MRN-283817', 1, 'note on patient'),
(46, '952.2', 46, 'female', 'MRN-283818', 1, 'note on patient'),
(47, '953.1', 47, 'female', 'MRN-283819', 1, 'note on patient'),
(48, '953.3', 48, 'male', 'MRN-283820', 1, 'note on patient'),
(49, '953.2', 49, 'female', 'MRN-283821', 1, 'note on patient'),
(50, '954.1', 50, 'male', 'MRN-283822', 1, 'note on patient'),
(51, '954.2', 51, 'female', 'MRN-283823', 1, 'note on patient'),
(52, '954.3', 52, 'male', 'MRN-283824', 1, 'note on patient'),
(53, '956.2', 53, 'female', 'MRN-283825', 1, 'note on patient'),
(54, '956.3', 54, 'male', 'MRN-283826', 1, 'note on patient'),
(55, '956.1', 55, 'male', 'MRN-283827', 2, 'note on patient'),
(56, '958.3', 56, 'male', 'MRN-283828', 2, 'note on patient'),
(57, '958.2', 57, 'female', 'MRN-283829', 2, 'note on patient'),
(58, '958.1', 58, 'female', 'MRN-283830', 2, 'note on patient'),
(59, '990.3', 59, 'male', 'MRN-283831', 2, 'note on patient'),
(60, '990.1', 60, 'female', 'MRN-283832', 2, 'note on patient'),
(61, '990.2', 61, 'female', 'MRN-283833', 2, 'note on patient')
ON CONFLICT (id) DO NOTHING;

INSERT INTO study (id, code, name, description) VALUES
(1, 'CaG', 'CARTaGENE','CARTaGENE est une plateforme publique de recherche du CHU Sainte-Justine'),
(2, 'NeuroDev', 'WGS for the investigation of neuro-developmental disorders', NULL)
ON CONFLICT (id) DO NOTHING;

INSERT INTO study_has_patients (study_id, patient_id) VALUES
(2, 1),
(2, 2),
(2, 3),
(2, 4),
(2, 5),
(2, 6),
(2, 7),
(2, 8),
(2, 9),
(2, 10),
(2, 11),
(2, 12),
(2, 13),
(2, 14),
(2, 15),
(2, 16),
(2, 17),
(2, 18),
(2, 19),
(2, 20),
(2, 21),
(2, 22),
(2, 23),
(2, 24),
(2, 25),
(2, 26),
(2, 27),
(2, 28),
(2, 29),
(2, 30),
(2, 31),
(2, 32),
(2, 33),
(2, 34),
(2, 35),
(2, 36),
(2, 37),
(2, 38),
(2, 39),
(2, 40),
(2, 41),
(2, 42),
(2, 43),
(2, 44),
(2, 45),
(2, 46),
(2, 47),
(2, 48),
(2, 49),
(2, 50),
(2, 51),
(2, 52),
(2, 53),
(2, 54),
(2, 55),
(2, 56),
(2, 57),
(2, 58),
(2, 59),
(2, 60),
(2, 61)
ON CONFLICT (study_id, patient_id) DO NOTHING;

INSERT INTO event (id, patient_id, type, age_at_event, age_at_event_unit, start_date, end_date) VALUES
(1, 3, 'baseline', 1, 'year', NULL, NULL),
(2, 4, 'baseline', 1, 'year', NULL, NULL),
(3, 8, 'baseline', 1, 'year', NULL, NULL),
(4, 10, 'baseline', 1, 'year', NULL, NULL),
(5, 15, 'baseline', 1, 'year', NULL, NULL),
(6, 16, 'baseline', 1, 'year', NULL, NULL),
(7, 20, 'baseline', 1, 'year', NULL, NULL),
(8, 22, 'baseline', 1, 'year', NULL, NULL),
(9, 23, 'baseline', 1, 'year', NULL, NULL),
(10, 27, 'baseline', 1, 'year', NULL, NULL),
(11, 30, 'baseline', 1, 'year', NULL, NULL),
(12, 34, 'baseline', 1, 'year', NULL, NULL),
(13, 37, 'baseline', 1, 'year', NULL, NULL),
(14, 39, 'baseline', 1, 'year', NULL, NULL),
(15, 42, 'baseline', 1, 'year', NULL, NULL),
(16, 44, 'baseline', 1, 'year', NULL, NULL),
(17, 47, 'baseline', 1, 'year', NULL, NULL),
(18, 50, 'baseline', 1, 'year', NULL, NULL),
(19, 55, 'baseline', 1, 'year', NULL, NULL),
(20, 58, 'baseline', 1, 'year', NULL, NULL),
(21, 60, 'baseline', 1, 'year', NULL, NULL)
ON CONFLICT (id) DO NOTHING;

-- Cases

INSERT INTO project (id, code, name, description) VALUES
(1, 'N1', 'NeuroDev Phase I', 'Phase one NeuroDev cases'),
(2, 'N2', 'NeuroDev Phase II', 'Phase two NeuroDev cases')
ON CONFLICT (id) DO NOTHING;

 INSERT INTO "case" (id, analysis_catalog_id, proband_id, project_id, event_id, type, status, priority, priority_score, life_stage, requester_id, performer_org_id, created_on, updated_on, reflex_panel, diagnosis_hypothesis, note) VALUES
(1, 1, 3, 1, 1, 'familial_germline', 'active', 'routine', '1', 'postnatal', 2, 6, '2021-09-12T13:08:00-04:00', '2021-09-12T13:08:00-04:00', False, 'This is a diagnosis hypothesis', 'Administrative comment'),
(2, 1, 4, 1, 2, 'familial_germline', 'active', 'routine', '1', 'postnatal', 8, 6, '2021-09-12T13:08:00-04:00', '2021-09-12T13:08:00-04:00', False, 'This is a diagnosis hypothesis', 'Administrative comment'),
(3, 1, 8, 1, 3, 'familial_germline', 'active', 'routine', '1', 'postnatal', 14, 6, '2021-09-12T13:08:00-04:00', '2021-09-12T13:08:00-04:00', False, 'This is a diagnosis hypothesis', 'Administrative comment'),
(4, 1, 10, 1, 4, 'familial_germline', 'active', 'routine', '1', 'postnatal', 2, 6, '2021-09-12T13:08:00-04:00', '2021-09-12T13:08:00-04:00', False, 'This is a diagnosis hypothesis', 'Administrative comment'),
(5, 1, 15, 1, 5, 'familial_germline', 'active', 'routine', '1', 'postnatal', 8, 6, '2021-09-12T13:08:00-04:00', '2021-09-12T13:08:00-04:00', False, 'This is a diagnosis hypothesis', 'Administrative comment'),
(6, 1, 16, 1, 6, 'familial_germline', 'active', 'routine', '1', 'postnatal', 14, 6, '2021-09-12T13:08:00-04:00', '2021-09-12T13:08:00-04:00', False, 'This is a diagnosis hypothesis', 'Administrative comment'),
(7, 1, 20, 1, 7, 'familial_germline', 'active', 'routine', '1', 'postnatal', 2, 6, '2021-09-12T13:08:00-04:00', '2021-09-12T13:08:00-04:00', False, 'This is a diagnosis hypothesis', 'Administrative comment'),
(8, 1, 22, 1, 8, 'single_germline', 'active', 'urgent', '2', 'postnatal', 8, 6, '2021-09-12T13:08:00-04:00', '2021-09-12T13:08:00-04:00', False, 'This is a diagnosis hypothesis', 'Administrative comment'),
(9, 1, 23, 1, 9, 'familial_germline', 'active', 'urgent', '2', 'postnatal', 14, 6, '2021-09-12T13:08:00-04:00', '2021-09-12T13:08:00-04:00', False, 'This is a diagnosis hypothesis', 'Administrative comment'),
(10, 1, 27, 2, 10, 'familial_germline', 'active', 'routine', '1', 'postnatal', 2, 6, '2021-09-12T13:08:00-04:00', '2021-09-12T13:08:00-04:00', False, 'This is a diagnosis hypothesis', 'Administrative comment'),
(11, 1, 30, 2, 11, 'familial_germline', 'active', 'routine', '1', 'postnatal', 8, 6, '2021-09-12T13:08:00-04:00', '2021-09-12T13:08:00-04:00', False, 'This is a diagnosis hypothesis', 'Administrative comment'),
(12, 1, 34, 2, 12, 'familial_germline', 'active', 'routine', '1', 'postnatal', 14, 6, '2021-09-12T13:08:00-04:00', '2021-09-12T13:08:00-04:00', False, 'This is a diagnosis hypothesis', 'Administrative comment'),
(13, 1, 37, 2, 13, 'familial_germline', 'active', 'stat', '4', 'postnatal', 2, 6, '2021-09-12T13:08:00-04:00', '2021-09-12T13:08:00-04:00', False, 'This is a diagnosis hypothesis', 'Administrative comment'),
(14, 1, 39, 2, 14, 'familial_germline', 'active', 'routine', '1', 'postnatal', 8, 6, '2021-09-12T13:08:00-04:00', '2021-09-12T13:08:00-04:00', False, 'This is a diagnosis hypothesis', 'Administrative comment'),
(15, 1, 42, 2, 15, 'familial_germline', 'active', 'routine', '1', 'postnatal', 14, 6, '2021-09-12T13:08:00-04:00', '2021-09-12T13:08:00-04:00', False, 'This is a diagnosis hypothesis', 'Administrative comment'),
(16, 1, 44, 2, 16, 'familial_germline', 'active', 'routine', '1', 'postnatal', 2, 6, '2021-09-12T13:08:00-04:00', '2021-09-12T13:08:00-04:00', False, 'This is a diagnosis hypothesis', 'Administrative comment'),
(17, 1, 47, 2, 17, 'familial_germline', 'active', 'routine', '1', 'postnatal', 8, 6, '2021-09-12T13:08:00-04:00', '2021-09-12T13:08:00-04:00', False, 'This is a diagnosis hypothesis', 'Administrative comment'),
(18, 1, 50, 2, 18, 'familial_germline', 'active', 'routine', '1', 'postnatal', 14, 6, '2021-09-12T13:08:00-04:00', '2021-09-12T13:08:00-04:00', False, 'This is a diagnosis hypothesis', 'Administrative comment'),
(19, 1, 55, 2, 19, 'familial_germline', 'active', 'routine', '1', 'postnatal', 2, 6, '2021-09-12T13:08:00-04:00', '2021-09-12T13:08:00-04:00', False, 'This is a diagnosis hypothesis', 'Administrative comment'),
(20, 1, 58, 2, 20, 'familial_germline', 'active', 'routine', '1', 'postnatal', 8, 6, '2021-09-12T13:08:00-04:00', '2021-09-12T13:08:00-04:00', False, 'This is a diagnosis hypothesis', 'Administrative comment'),
(21, 1, 60, 2, 21, 'familial_germline', 'active', 'routine', '1', 'postnatal', 14, 6, '2021-09-12T13:08:00-04:00', '2021-09-12T13:08:00-04:00', False, 'This is a diagnosis hypothesis', 'Administrative comment')
ON CONFLICT (id) DO NOTHING;

INSERT INTO family (id, submitter_id, case_id, family_member_id, relationship_to_proband, affected_status) VALUES
(1, '803', 1, 1, 'mother', 'affected'),
(2, '803', 1, 2, 'father', 'non_affected'),
(3, '804', 2, 5, 'father', 'non_affected'),
(4, '804', 2, 6, 'mother', 'affected'),
(5, '805', 3, 7, 'father', 'non_affected'),
(6, '805', 3, 9, 'mother', 'unknown'),
(7, '806', 4, 11, 'father', 'non_affected'),
(8, '806', 4, 12, 'mother', 'non_affected'),
(9, '807', 5, 13, 'mother', 'affected'),
(10, '807', 5, 14, 'father', 'non_affected'),
(11, '836', 6, 17, 'mother', 'non_affected'),
(12, '836', 6, 18, 'father', 'non_affected'),
(13, '839', 7, 19, 'mother', 'non_affected'),
(14, '839', 7, 21, 'father', 'affected'),
(15, '869', 9, 24, 'mother', 'non_affected'),
(16, '869', 9, 25, 'father', 'non_affected'),
(17, '870', 10, 26, 'father', 'unknown'),
(18, '870', 10, 28, 'mother', 'non_affected'),
(19, '871', 11, 29, 'father', 'non_affected'),
(20, '871', 11, 31, 'mother', 'affected'),
(21, '912', 12, 32, 'father', 'non_affected'),
(22, '912', 12, 33, 'mother', 'non_affected'),
(23, '948', 13, 35, 'father', 'unknown'),
(24, '948', 13, 36, 'mother', 'non_affected'),
(25, '950', 14, 38, 'mother', 'non_affected'),
(26, '950', 14, 40, 'father', 'non_affected'),
(27, '951', 15, 41, 'father', 'non_affected'),
(28, '951', 15, 43, 'mother', 'affected'),
(29, '952', 16, 45, 'father', 'non_affected'),
(30, '952', 16, 46, 'mother', 'non_affected'),
(31, '953', 17, 48, 'father', 'affected'),
(32, '953', 17, 49, 'mother', 'non_affected'),
(33, '954', 18, 51, 'mother', 'non_affected'),
(34, '954', 18, 52, 'father', 'unknown'),
(35, '956', 19, 53, 'mother', 'non_affected'),
(36, '956', 19, 54, 'father', 'non_affected'),
(37, '958', 20, 56, 'father', 'affected'),
(38, '958', 20, 57, 'mother', 'non_affected'),
(39, '990', 21, 59, 'father', 'non_affected'),
(40, '990', 21, 61, 'mother', 'non_affected')
ON CONFLICT (id) DO NOTHING;


INSERT INTO service_request (id, service_catalog_id, case_id, patient_id, status, priority, requester_id, performer_org_id, created_on, updated_on, note) VALUES
(1, 1, 1, 1, 'completed', 'routine', 2, 6, '2021-10-12T13:08:00-04:00', '2021-10-12T13:08:00-04:00', 'This is a service request note'),
(2, 1, 1, 2, 'completed', 'routine', 2, 6, '2021-10-12T13:08:00-04:00', '2021-10-12T13:08:00-04:00', 'This is a service request note'),
(3, 1, 1, 3, 'completed', 'routine', 2, 6, '2021-10-12T13:08:00-04:00', '2021-10-12T13:08:00-04:00', 'This is a service request note'),
(4, 1, 2, 4, 'completed', 'routine', 8, 6, '2021-10-12T13:08:00-04:00', '2021-10-12T13:08:00-04:00', 'This is a service request note'),
(5, 1, 2, 5, 'completed', 'routine', 8, 6, '2021-10-12T13:08:00-04:00', '2021-10-12T13:08:00-04:00', 'This is a service request note'),
(6, 1, 2, 6, 'completed', 'routine', 8, 6, '2021-10-12T13:08:00-04:00', '2021-10-12T13:08:00-04:00', 'This is a service request note'),
(7, 1, 3, 7, 'completed', 'routine', 14, 6, '2021-10-12T13:08:00-04:00', '2021-10-12T13:08:00-04:00', 'This is a service request note'),
(8, 1, 3, 8, 'completed', 'routine', 14, 6, '2021-10-12T13:08:00-04:00', '2021-10-12T13:08:00-04:00', 'This is a service request note'),
(9, 1, 3, 9, 'completed', 'routine', 14, 6, '2021-10-12T13:08:00-04:00', '2021-10-12T13:08:00-04:00', 'This is a service request note'),
(10, 1, 4, 10, 'completed', 'routine', 2, 6, '2021-10-12T13:08:00-04:00', '2021-10-12T13:08:00-04:00', 'This is a service request note'),
(11, 1, 4, 11, 'completed', 'routine', 2, 6, '2021-10-12T13:08:00-04:00', '2021-10-12T13:08:00-04:00', 'This is a service request note'),
(12, 1, 4, 12, 'completed', 'routine', 2, 6, '2021-10-12T13:08:00-04:00', '2021-10-12T13:08:00-04:00', 'This is a service request note'),
(13, 1, 5, 13, 'completed', 'routine', 8, 6, '2021-10-12T13:08:00-04:00', '2021-10-12T13:08:00-04:00', 'This is a service request note'),
(14, 1, 5, 14, 'completed', 'routine', 8, 6, '2021-10-12T13:08:00-04:00', '2021-10-12T13:08:00-04:00', 'This is a service request note'),
(15, 1, 5, 15, 'completed', 'routine', 8, 6, '2021-10-12T13:08:00-04:00', '2021-10-12T13:08:00-04:00', 'This is a service request note'),
(16, 1, 6, 16, 'completed', 'routine', 14, 6, '2021-10-12T13:08:00-04:00', '2021-10-12T13:08:00-04:00', 'This is a service request note'),
(17, 1, 6, 17, 'completed', 'routine', 14, 6, '2021-10-12T13:08:00-04:00', '2021-10-12T13:08:00-04:00', 'This is a service request note'),
(18, 1, 6, 18, 'completed', 'routine', 14, 6, '2021-10-12T13:08:00-04:00', '2021-10-12T13:08:00-04:00', 'This is a service request note'),
(19, 1, 7, 19, 'completed', 'routine', 2, 6, '2021-10-12T13:08:00-04:00', '2021-10-12T13:08:00-04:00', 'This is a service request note'),
(20, 1, 7, 20, 'completed', 'routine', 2, 6, '2021-10-12T13:08:00-04:00', '2021-10-12T13:08:00-04:00', 'This is a service request note'),
(21, 1, 7, 21, 'completed', 'routine', 2, 6, '2021-10-12T13:08:00-04:00', '2021-10-12T13:08:00-04:00', 'This is a service request note'),
(22, 1, 8, 22, 'completed', 'urgent', 8, 6, '2021-10-12T13:08:00-04:00', '2021-10-12T13:08:00-04:00', 'This is a service request note'),
(23, 1, 9, 23, 'completed', 'urgent', 14, 6, '2021-10-12T13:08:00-04:00', '2021-10-12T13:08:00-04:00', 'This is a service request note'),
(24, 1, 9, 24, 'completed', 'urgent', 14, 6, '2021-10-12T13:08:00-04:00', '2021-10-12T13:08:00-04:00', 'This is a service request note'),
(25, 1, 9, 25, 'completed', 'urgent', 14, 6, '2021-10-12T13:08:00-04:00', '2021-10-12T13:08:00-04:00', 'This is a service request note'),
(26, 1, 10, 26, 'completed', 'routine', 2, 6, '2021-10-12T13:08:00-04:00', '2021-10-12T13:08:00-04:00', 'This is a service request note'),
(27, 1, 10, 27, 'completed', 'routine', 2, 6, '2021-10-12T13:08:00-04:00', '2021-10-12T13:08:00-04:00', 'This is a service request note'),
(28, 1, 10, 28, 'completed', 'routine', 2, 6, '2021-10-12T13:08:00-04:00', '2021-10-12T13:08:00-04:00', 'This is a service request note'),
(29, 1, 11, 29, 'completed', 'routine', 8, 6, '2021-10-12T13:08:00-04:00', '2021-10-12T13:08:00-04:00', 'This is a service request note'),
(30, 1, 11, 30, 'completed', 'routine', 8, 6, '2021-10-12T13:08:00-04:00', '2021-10-12T13:08:00-04:00', 'This is a service request note'),
(31, 1, 11, 31, 'completed', 'routine', 8, 6, '2021-10-12T13:08:00-04:00', '2021-10-12T13:08:00-04:00', 'This is a service request note'),
(32, 1, 12, 32, 'completed', 'routine', 14, 6, '2021-10-12T13:08:00-04:00', '2021-10-12T13:08:00-04:00', 'This is a service request note'),
(33, 1, 12, 33, 'completed', 'routine', 14, 6, '2021-10-12T13:08:00-04:00', '2021-10-12T13:08:00-04:00', 'This is a service request note'),
(34, 1, 12, 34, 'completed', 'routine', 14, 6, '2021-10-12T13:08:00-04:00', '2021-10-12T13:08:00-04:00', 'This is a service request note'),
(35, 1, 13, 35, 'completed', 'stat', 2, 6, '2021-10-12T13:08:00-04:00', '2021-10-12T13:08:00-04:00', 'This is a service request note'),
(36, 1, 13, 36, 'completed', 'stat', 2, 6, '2021-10-12T13:08:00-04:00', '2021-10-12T13:08:00-04:00', 'This is a service request note'),
(37, 1, 13, 37, 'completed', 'stat', 2, 6, '2021-10-12T13:08:00-04:00', '2021-10-12T13:08:00-04:00', 'This is a service request note'),
(38, 1, 14, 38, 'completed', 'routine', 8, 6, '2021-10-12T13:08:00-04:00', '2021-10-12T13:08:00-04:00', 'This is a service request note'),
(39, 1, 14, 39, 'completed', 'routine', 8, 6, '2021-10-12T13:08:00-04:00', '2021-10-12T13:08:00-04:00', 'This is a service request note'),
(40, 1, 14, 40, 'completed', 'routine', 8, 6, '2021-10-12T13:08:00-04:00', '2021-10-12T13:08:00-04:00', 'This is a service request note'),
(41, 1, 15, 41, 'completed', 'routine', 14, 6, '2021-10-12T13:08:00-04:00', '2021-10-12T13:08:00-04:00', 'This is a service request note'),
(42, 1, 15, 42, 'completed', 'routine', 14, 6, '2021-10-12T13:08:00-04:00', '2021-10-12T13:08:00-04:00', 'This is a service request note'),
(43, 1, 15, 43, 'completed', 'routine', 14, 6, '2021-10-12T13:08:00-04:00', '2021-10-12T13:08:00-04:00', 'This is a service request note'),
(44, 1, 16, 44, 'completed', 'routine', 2, 6, '2021-10-12T13:08:00-04:00', '2021-10-12T13:08:00-04:00', 'This is a service request note'),
(45, 1, 16, 45, 'completed', 'routine', 2, 6, '2021-10-12T13:08:00-04:00', '2021-10-12T13:08:00-04:00', 'This is a service request note'),
(46, 1, 16, 46, 'completed', 'routine', 2, 6, '2021-10-12T13:08:00-04:00', '2021-10-12T13:08:00-04:00', 'This is a service request note'),
(47, 1, 17, 47, 'completed', 'routine', 8, 6, '2021-10-12T13:08:00-04:00', '2021-10-12T13:08:00-04:00', 'This is a service request note'),
(48, 1, 17, 48, 'completed', 'routine', 8, 6, '2021-10-12T13:08:00-04:00', '2021-10-12T13:08:00-04:00', 'This is a service request note'),
(49, 1, 17, 49, 'completed', 'routine', 8, 6, '2021-10-12T13:08:00-04:00', '2021-10-12T13:08:00-04:00', 'This is a service request note'),
(50, 1, 18, 50, 'completed', 'routine', 14, 6, '2021-10-12T13:08:00-04:00', '2021-10-12T13:08:00-04:00', 'This is a service request note'),
(51, 1, 18, 51, 'completed', 'routine', 14, 6, '2021-10-12T13:08:00-04:00', '2021-10-12T13:08:00-04:00', 'This is a service request note'),
(52, 1, 18, 52, 'completed', 'routine', 14, 6, '2021-10-12T13:08:00-04:00', '2021-10-12T13:08:00-04:00', 'This is a service request note'),
(53, 1, 19, 53, 'completed', 'routine', 2, 6, '2021-10-12T13:08:00-04:00', '2021-10-12T13:08:00-04:00', 'This is a service request note'),
(54, 1, 19, 54, 'completed', 'routine', 2, 6, '2021-10-12T13:08:00-04:00', '2021-10-12T13:08:00-04:00', 'This is a service request note'),
(55, 1, 19, 55, 'completed', 'routine', 2, 6, '2021-10-12T13:08:00-04:00', '2021-10-12T13:08:00-04:00', 'This is a service request note'),
(56, 1, 20, 56, 'completed', 'routine', 8, 6, '2021-10-12T13:08:00-04:00', '2021-10-12T13:08:00-04:00', 'This is a service request note'),
(57, 1, 20, 57, 'completed', 'routine', 8, 6, '2021-10-12T13:08:00-04:00', '2021-10-12T13:08:00-04:00', 'This is a service request note'),
(58, 1, 20, 58, 'completed', 'routine', 8, 6, '2021-10-12T13:08:00-04:00', '2021-10-12T13:08:00-04:00', 'This is a service request note'),
(59, 1, 21, 59, 'completed', 'routine', 14, 6, '2021-10-12T13:08:00-04:00', '2021-10-12T13:08:00-04:00', 'This is a service request note'),
(60, 1, 21, 60, 'completed', 'routine', 14, 6, '2021-10-12T13:08:00-04:00', '2021-10-12T13:08:00-04:00', 'This is a service request note'),
(61, 1, 21, 61, 'completed', 'routine', 14, 6, '2021-10-12T13:08:00-04:00', '2021-10-12T13:08:00-04:00', 'This is a service request note')
ON CONFLICT (id) DO NOTHING;


-- Observations

INSERT INTO "observation_coding" (
    id,
    case_id,
    patient_id,
    observation_code,
    coding_system,
    code_value,
    onset_code,
    interpretation,
    note
) VALUES
(1, 16, 44,'phenotype','HPO', 'HP:0001263', 'unknown', 'negative', 'Clinical comment'),
(2, 16, 44,'phenotype','HPO', 'HP:0011344', 'infantile', 'negative', 'Clinical comment'),
(3, 16, 44,'phenotype','HPO', 'HP:0001518', 'infantile', 'negative', 'Clinical comment'),
(4, 16, 44,'phenotype','HPO', 'HP:0001558', 'unknown', 'negative', 'Clinical comment'),
(5, 16, 44,'phenotype','HPO', 'HP:0001561', 'childhood', 'positive', 'Clinical comment'),
(6, 16, 44,'phenotype','HPO', 'HP:0002643', 'infantile', 'positive', 'Clinical comment'),
(7, 16, 44,'phenotype','HPO', 'HP:0006579', 'childhood', 'positive', 'Clinical comment'),
(8, 16, 44,'phenotype','HPO', 'HP:0030244', 'infantile', 'positive', 'Clinical comment'),
(9, 16, 44,'phenotype','HPO', 'HP:0040187', 'childhood', 'positive', 'Clinical comment'),
(10, 16, 44,'phenotype','HPO', 'HP:0001787', 'childhood', 'positive', 'Clinical comment'),
(11, 16, 44,'phenotype','HPO', 'HP:0001998', 'childhood', 'positive', 'Clinical comment'),
(12, 16, 44,'phenotype','HPO', 'HP:0002033', 'unknown', 'negative', 'Clinical comment'),
(13, 16, 44,'phenotype','HPO', 'HP:0009800', 'childhood', 'positive', 'Clinical comment'),
(14, 16, 44,'phenotype','HPO', 'HP:0010519', 'childhood', 'negative', 'Clinical comment'),
(15, 16, 44,'phenotype','HPO', 'HP:0100622', 'childhood', 'negative', 'Clinical comment'),
(16, 16, 44,'phenotype','HPO', 'HP:0001511', 'unknown', 'negative', 'Clinical comment'),
(17, 16, 44,'phenotype','HPO', 'HP:0001520', 'unknown', 'negative', 'Clinical comment'),
(18, 16, 44,'phenotype','HPO', 'HP:0001562', 'unknown', 'negative', 'Clinical comment'),
(19, 16, 44,'phenotype','HPO', 'HP:0001622', 'unknown', 'positive', 'Clinical comment'),
(20, 15, 42,'phenotype','HPO', 'HP:0001513', 'infantile', 'negative', 'Clinical comment'),
(21, 15, 42,'phenotype','HPO', 'HP:0004324', 'unknown', 'negative', 'Clinical comment'),
(22, 15, 42,'phenotype','HPO', 'HP:0000256', 'infantile', 'positive', 'Clinical comment'),
(23, 15, 42,'phenotype','HPO', 'HP:0000098', 'infantile', 'positive', 'Clinical comment'),
(24, 17, 47,'phenotype','HPO', 'HP:0001631', 'infantile', 'positive', 'Clinical comment'),
(25, 17, 47,'phenotype','HPO', 'HP:0011408', 'childhood', 'positive', 'Clinical comment'),
(26, 17, 47,'phenotype','HPO', 'HP:0000316', 'unknown', 'positive', 'Clinical comment'),
(27, 17, 47,'phenotype','HPO', 'HP:0000486', 'childhood', 'positive', 'Clinical comment'),
(28, 17, 47,'phenotype','HPO', 'HP:0000565', 'infantile', 'positive', 'Clinical comment'),
(29, 17, 47,'phenotype','HPO', 'HP:0001511', 'infantile', 'positive', 'Clinical comment'),
(30, 17, 47,'phenotype','HPO', 'HP:0001562', 'childhood', 'negative', 'Clinical comment'),
(31, 17, 47,'phenotype','HPO', 'HP:0001622', 'childhood', 'positive', 'Clinical comment'),
(32, 17, 47,'phenotype','HPO', 'HP:0001684', 'childhood', 'positive', 'Clinical comment'),
(33, 17, 47,'phenotype','HPO', 'HP:0002033', 'childhood', 'negative', 'Clinical comment'),
(34, 17, 47,'phenotype','HPO', 'HP:0004322', 'childhood', 'negative', 'Clinical comment'),
(35, 17, 47,'phenotype','HPO', 'HP:0004325', 'unknown', 'negative', 'Clinical comment'),
(36, 17, 47,'phenotype','HPO', 'HP:0001629', 'childhood', 'negative', 'Clinical comment'),
(37, 17, 47,'phenotype','HPO', 'HP:0001636', 'unknown', 'negative', 'Clinical comment'),
(38, 17, 47,'phenotype','HPO', 'HP:0001655', 'childhood', 'negative', 'Clinical comment'),
(39, 17, 47,'phenotype','HPO', 'HP:0001680', 'childhood', 'negative', 'Clinical comment'),
(40, 17, 47,'phenotype','HPO', 'HP:0001787', 'infantile', 'positive', 'Clinical comment'),
(41, 17, 47,'phenotype','HPO', 'HP:0001998', 'unknown', 'positive', 'Clinical comment'),
(42, 17, 47,'phenotype','HPO', 'HP:0004488', 'infantile', 'positive', 'Clinical comment'),
(43, 17, 47,'phenotype','HPO', 'HP:0008883', 'unknown', 'negative', 'Clinical comment'),
(44, 17, 47,'phenotype','HPO', 'HP:0009800', 'infantile', 'positive', 'Clinical comment'),
(45, 17, 47,'phenotype','HPO', 'HP:0010519', 'infantile', 'positive', 'Clinical comment'),
(46, 17, 47,'phenotype','HPO', 'HP:0010877', 'infantile', 'negative', 'Clinical comment'),
(47, 17, 47,'phenotype','HPO', 'HP:0011567', 'childhood', 'positive', 'Clinical comment'),
(48, 17, 47,'phenotype','HPO', 'HP:0011675', 'infantile', 'negative', 'Clinical comment'),
(49, 17, 47,'phenotype','HPO', 'HP:0025069', 'childhood', 'positive', 'Clinical comment'),
(50, 17, 47,'phenotype','HPO', 'HP:0025312', 'unknown', 'positive', 'Clinical comment'),
(51, 17, 47,'phenotype','HPO', 'HP:0025313', 'childhood', 'positive', 'Clinical comment'),
(52, 17, 47,'phenotype','HPO', 'HP:0100622', 'childhood', 'positive', 'Clinical comment'),
(53, 17, 47,'phenotype','HPO', 'HP:0000479', 'childhood', 'positive', 'Clinical comment'),
(54, 17, 47,'phenotype','HPO', 'HP:0000481', 'unknown', 'negative', 'Clinical comment'),
(55, 17, 47,'phenotype','HPO', 'HP:0000505', 'unknown', 'negative', 'Clinical comment'),
(56, 17, 47,'phenotype','HPO', 'HP:0000577', 'childhood', 'positive', 'Clinical comment'),
(57, 17, 47,'phenotype','HPO', 'HP:0000587', 'unknown', 'positive', 'Clinical comment'),
(58, 17, 47,'phenotype','HPO', 'HP:0000589', 'childhood', 'negative', 'Clinical comment'),
(59, 17, 47,'phenotype','HPO', 'HP:0000639', 'infantile', 'negative', 'Clinical comment'),
(60, 17, 47,'phenotype','HPO', 'HP:0001520', 'infantile', 'positive', 'Clinical comment'),
(61, 17, 47,'phenotype','HPO', 'HP:0000518', 'infantile', 'negative', 'Clinical comment'),
(62, 17, 47,'phenotype','HPO', 'HP:0000568', 'infantile', 'positive', 'Clinical comment'),
(63, 17, 47,'phenotype','HPO', 'HP:0000593', 'childhood', 'positive', 'Clinical comment'),
(64, 17, 47,'phenotype','HPO', 'HP:0000601', 'childhood', 'positive', 'Clinical comment'),
(65, 17, 47,'phenotype','HPO', 'HP:0001558', 'infantile', 'positive', 'Clinical comment'),
(66, 17, 47,'phenotype','HPO', 'HP:0001561', 'unknown', 'positive', 'Clinical comment'),
(67, 17, 47,'phenotype','HPO', 'HP:0001638', 'infantile', 'negative', 'Clinical comment'),
(68, 17, 47,'phenotype','HPO', 'HP:0001674', 'childhood', 'positive', 'Clinical comment'),
(69, 17, 47,'phenotype','HPO', 'HP:0002643', 'childhood', 'positive', 'Clinical comment'),
(70, 17, 47,'phenotype','HPO', 'HP:0003517', 'unknown', 'positive', 'Clinical comment'),
(71, 17, 47,'phenotype','HPO', 'HP:0006579', 'childhood', 'negative', 'Clinical comment'),
(72, 17, 47,'phenotype','HPO', 'HP:0008846', 'unknown', 'negative', 'Clinical comment'),
(73, 17, 47,'phenotype','HPO', 'HP:0010445', 'childhood', 'negative', 'Clinical comment'),
(74, 17, 47,'phenotype','HPO', 'HP:0025068', 'infantile', 'negative', 'Clinical comment'),
(75, 17, 47,'phenotype','HPO', 'HP:0030244', 'childhood', 'negative', 'Clinical comment'),
(76, 17, 47,'phenotype','HPO', 'HP:0031017', 'infantile', 'positive', 'Clinical comment'),
(77, 17, 47,'phenotype','HPO', 'HP:0040187', 'infantile', 'positive', 'Clinical comment'),
(78, 11, 30,'phenotype','HPO', 'HP:0000486', 'infantile', 'negative', 'Clinical comment'),
(79, 11, 30,'phenotype','HPO', 'HP:0000639', 'infantile', 'negative', 'Clinical comment'),
(80, 11, 30,'phenotype','HPO', 'HP:0001999', 'infantile', 'negative', 'Clinical comment'),
(81, 11, 30,'phenotype','HPO', 'HP:0006934', 'unknown', 'positive', 'Clinical comment'),
(82, 11, 30,'phenotype','HPO', 'HP:0008050', 'infantile', 'positive', 'Clinical comment'),
(83, 11, 30,'phenotype','HPO', 'HP:0200005', 'unknown', 'positive', 'Clinical comment'),
(84, 11, 30,'phenotype','HPO', 'HP:0000098', 'childhood', 'negative', 'Clinical comment'),
(85, 11, 30,'phenotype','HPO', 'HP:0000175', 'infantile', 'negative', 'Clinical comment'),
(86, 11, 30,'phenotype','HPO', 'HP:0000316', 'childhood', 'negative', 'Clinical comment'),
(87, 11, 30,'phenotype','HPO', 'HP:0000518', 'unknown', 'positive', 'Clinical comment'),
(88, 11, 30,'phenotype','HPO', 'HP:0000568', 'childhood', 'positive', 'Clinical comment'),
(89, 11, 30,'phenotype','HPO', 'HP:0000593', 'unknown', 'negative', 'Clinical comment'),
(90, 11, 30,'phenotype','HPO', 'HP:0000601', 'childhood', 'positive', 'Clinical comment'),
(91, 11, 30,'phenotype','HPO', 'HP:0000640', 'childhood', 'negative', 'Clinical comment'),
(92, 11, 30,'phenotype','HPO', 'HP:0000666', 'unknown', 'negative', 'Clinical comment'),
(93, 11, 30,'phenotype','HPO', 'HP:0001363', 'childhood', 'negative', 'Clinical comment'),
(94, 11, 30,'phenotype','HPO', 'HP:0001558', 'childhood', 'positive', 'Clinical comment'),
(95, 11, 30,'phenotype','HPO', 'HP:0001561', 'childhood', 'negative', 'Clinical comment'),
(96, 11, 30,'phenotype','HPO', 'HP:0002643', 'infantile', 'negative', 'Clinical comment'),
(97, 11, 30,'phenotype','HPO', 'HP:0003517', 'childhood', 'positive', 'Clinical comment'),
(98, 11, 30,'phenotype','HPO', 'HP:0006579', 'infantile', 'negative', 'Clinical comment'),
(99, 11, 30,'phenotype','HPO', 'HP:0010542', 'infantile', 'positive', 'Clinical comment'),
(100, 11, 30,'phenotype','HPO', 'HP:0010544', 'infantile', 'negative', 'Clinical comment'),
(101, 11, 30,'phenotype','HPO', 'HP:0030244', 'unknown', 'positive', 'Clinical comment'),
(102, 11, 30,'phenotype','HPO', 'HP:0040187', 'childhood', 'positive', 'Clinical comment'),
(103, 11, 30,'phenotype','HPO', 'HP:0001787', 'unknown', 'positive', 'Clinical comment'),
(104, 11, 30,'phenotype','HPO', 'HP:0001998', 'infantile', 'negative', 'Clinical comment'),
(105, 11, 30,'phenotype','HPO', 'HP:0002033', 'unknown', 'negative', 'Clinical comment'),
(106, 11, 30,'phenotype','HPO', 'HP:0004322', 'unknown', 'negative', 'Clinical comment'),
(107, 11, 30,'phenotype','HPO', 'HP:0004324', 'unknown', 'positive', 'Clinical comment'),
(108, 11, 30,'phenotype','HPO', 'HP:0004325', 'childhood', 'positive', 'Clinical comment'),
(109, 11, 30,'phenotype','HPO', 'HP:0004488', 'unknown', 'negative', 'Clinical comment'),
(110, 11, 30,'phenotype','HPO', 'HP:0009800', 'childhood', 'negative', 'Clinical comment'),
(111, 11, 30,'phenotype','HPO', 'HP:0010519', 'childhood', 'negative', 'Clinical comment'),
(112, 11, 30,'phenotype','HPO', 'HP:0012043', 'childhood', 'negative', 'Clinical comment'),
(113, 11, 30,'phenotype','HPO', 'HP:0030691', 'childhood', 'negative', 'Clinical comment'),
(114, 11, 30,'phenotype','HPO', 'HP:0100622', 'childhood', 'positive', 'Clinical comment'),
(115, 11, 30,'phenotype','HPO', 'HP:0000204', 'childhood', 'negative', 'Clinical comment'),
(116, 11, 30,'phenotype','HPO', 'HP:0000252', 'unknown', 'negative', 'Clinical comment'),
(117, 11, 30,'phenotype','HPO', 'HP:0000256', 'infantile', 'positive', 'Clinical comment'),
(118, 11, 30,'phenotype','HPO', 'HP:0000479', 'unknown', 'negative', 'Clinical comment'),
(119, 11, 30,'phenotype','HPO', 'HP:0000481', 'childhood', 'positive', 'Clinical comment'),
(120, 11, 30,'phenotype','HPO', 'HP:0000505', 'infantile', 'negative', 'Clinical comment'),
(121, 11, 30,'phenotype','HPO', 'HP:0000587', 'unknown', 'negative', 'Clinical comment'),
(122, 11, 30,'phenotype','HPO', 'HP:0000589', 'infantile', 'positive', 'Clinical comment'),
(123, 11, 30,'phenotype','HPO', 'HP:0001361', 'childhood', 'negative', 'Clinical comment'),
(124, 11, 30,'phenotype','HPO', 'HP:0001508', 'unknown', 'negative', 'Clinical comment'),
(125, 11, 30,'phenotype','HPO', 'HP:0001511', 'unknown', 'negative', 'Clinical comment'),
(126, 11, 30,'phenotype','HPO', 'HP:0001528', 'childhood', 'negative', 'Clinical comment'),
(127, 11, 30,'phenotype','HPO', 'HP:0001562', 'infantile', 'negative', 'Clinical comment'),
(128, 11, 30,'phenotype','HPO', 'HP:0001583', 'infantile', 'negative', 'Clinical comment'),
(129, 11, 30,'phenotype','HPO', 'HP:0001622', 'childhood', 'positive', 'Clinical comment'),
(130, 18, 50,'phenotype','HPO', 'HP:0001290', 'childhood', 'positive', 'Clinical comment'),
(131, 18, 50,'phenotype','HPO', 'HP:0000407', 'unknown', 'positive', 'Clinical comment'),
(132, 18, 50,'phenotype','HPO', 'HP:0000408', 'unknown', 'positive', 'Clinical comment'),
(133, 18, 50,'phenotype','HPO', 'HP:0001263', 'infantile', 'negative', 'Clinical comment'),
(134, 18, 50,'phenotype','HPO', 'HP:0001999', 'childhood', 'negative', 'Clinical comment'),
(135, 18, 50,'phenotype','HPO', 'HP:0011344', 'childhood', 'negative', 'Clinical comment'),
(136, 18, 50,'phenotype','HPO', 'HP:0011474', 'childhood', 'positive', 'Clinical comment'),
(137, 18, 50,'phenotype','HPO', 'HP:0001787', 'childhood', 'negative', 'Clinical comment'),
(138, 18, 50,'phenotype','HPO', 'HP:0001998', 'childhood', 'negative', 'Clinical comment'),
(139, 18, 50,'phenotype','HPO', 'HP:0002033', 'childhood', 'negative', 'Clinical comment'),
(140, 18, 50,'phenotype','HPO', 'HP:0004488', 'infantile', 'negative', 'Clinical comment'),
(141, 18, 50,'phenotype','HPO', 'HP:0009800', 'infantile', 'negative', 'Clinical comment'),
(142, 18, 50,'phenotype','HPO', 'HP:0010519', 'infantile', 'negative', 'Clinical comment'),
(143, 18, 50,'phenotype','HPO', 'HP:0100622', 'infantile', 'positive', 'Clinical comment'),
(144, 18, 50,'phenotype','HPO', 'HP:0001511', 'infantile', 'negative', 'Clinical comment'),
(145, 18, 50,'phenotype','HPO', 'HP:0001520', 'unknown', 'positive', 'Clinical comment'),
(146, 18, 50,'phenotype','HPO', 'HP:0001562', 'infantile', 'negative', 'Clinical comment'),
(147, 18, 50,'phenotype','HPO', 'HP:0001622', 'unknown', 'positive', 'Clinical comment'),
(148, 18, 50,'phenotype','HPO', 'HP:0001518', 'infantile', 'positive', 'Clinical comment'),
(149, 18, 50,'phenotype','HPO', 'HP:0001558', 'unknown', 'positive', 'Clinical comment'),
(150, 18, 50,'phenotype','HPO', 'HP:0001561', 'unknown', 'positive', 'Clinical comment'),
(151, 18, 50,'phenotype','HPO', 'HP:0002643', 'unknown', 'positive', 'Clinical comment'),
(152, 18, 50,'phenotype','HPO', 'HP:0003517', 'unknown', 'positive', 'Clinical comment'),
(153, 18, 50,'phenotype','HPO', 'HP:0003561', 'infantile', 'positive', 'Clinical comment'),
(154, 18, 50,'phenotype','HPO', 'HP:0006579', 'unknown', 'positive', 'Clinical comment'),
(155, 18, 50,'phenotype','HPO', 'HP:0030244', 'unknown', 'negative', 'Clinical comment'),
(156, 18, 50,'phenotype','HPO', 'HP:0040187', 'unknown', 'positive', 'Clinical comment'),
(157, 2, 4,'phenotype','HPO', 'HP:0001263', 'childhood', 'negative', 'Clinical comment'),
(158, 7, 20,'phenotype','HPO', 'HP:0002904', 'unknown', 'negative', 'Clinical comment'),
(159, 7, 20,'phenotype','HPO', 'HP:0010818', 'childhood', 'positive', 'Clinical comment'),
(160, 7, 20,'phenotype','HPO', 'HP:0011282', 'childhood', 'negative', 'Clinical comment'),
(161, 7, 20,'phenotype','HPO', 'HP:0000646', 'childhood', 'negative', 'Clinical comment'),
(162, 7, 20,'phenotype','HPO', 'HP:0000486', 'unknown', 'negative', 'Clinical comment'),
(163, 7, 20,'phenotype','HPO', 'HP:0000577', 'unknown', 'negative', 'Clinical comment'),
(164, 7, 20,'phenotype','HPO', 'HP:0001250', 'infantile', 'negative', 'Clinical comment'),
(165, 7, 20,'phenotype','HPO', 'HP:0002011', 'infantile', 'positive', 'Clinical comment'),
(166, 7, 20,'phenotype','HPO', 'HP:0002197', 'infantile', 'negative', 'Clinical comment'),
(167, 7, 20,'phenotype','HPO', 'HP:0004325', 'unknown', 'positive', 'Clinical comment'),
(168, 7, 20,'phenotype','HPO', 'HP:0007068', 'childhood', 'positive', 'Clinical comment'),
(169, 7, 20,'phenotype','HPO', 'HP:0010819', 'unknown', 'positive', 'Clinical comment'),
(170, 7, 20,'phenotype','HPO', 'HP:0012443', 'infantile', 'positive', 'Clinical comment'),
(171, 7, 20,'phenotype','HPO', 'HP:0009800', 'unknown', 'positive', 'Clinical comment'),
(172, 7, 20,'phenotype','HPO', 'HP:0010519', 'childhood', 'positive', 'Clinical comment'),
(173, 7, 20,'phenotype','HPO', 'HP:0100622', 'unknown', 'positive', 'Clinical comment'),
(174, 7, 20,'phenotype','HPO', 'HP:0000479', 'childhood', 'positive', 'Clinical comment'),
(175, 7, 20,'phenotype','HPO', 'HP:0000587', 'childhood', 'negative', 'Clinical comment'),
(176, 7, 20,'phenotype','HPO', 'HP:0001562', 'unknown', 'positive', 'Clinical comment'),
(177, 7, 20,'phenotype','HPO', 'HP:0001622', 'infantile', 'negative', 'Clinical comment'),
(178, 7, 20,'phenotype','HPO', 'HP:0000568', 'childhood', 'negative', 'Clinical comment'),
(179, 7, 20,'phenotype','HPO', 'HP:0001558', 'childhood', 'negative', 'Clinical comment'),
(180, 7, 20,'phenotype','HPO', 'HP:0001561', 'childhood', 'positive', 'Clinical comment'),
(181, 7, 20,'phenotype','HPO', 'HP:0030244', 'childhood', 'negative', 'Clinical comment'),
(182, 9, 23,'phenotype','HPO', 'HP:0001272', 'unknown', 'positive', 'Clinical comment'),
(183, 9, 23,'phenotype','HPO', 'HP:0001520', 'unknown', 'negative', 'Clinical comment'),
(184, 9, 23,'phenotype','HPO', 'HP:0001623', 'unknown', 'negative', 'Clinical comment'),
(185, 9, 23,'phenotype','HPO', 'HP:0100277', 'childhood', 'positive', 'Clinical comment'),
(186, 9, 23,'phenotype','HPO', 'HP:0000256', 'unknown', 'positive', 'Clinical comment'),
(187, 9, 23,'phenotype','HPO', 'HP:0006579', 'childhood', 'negative', 'Clinical comment'),
(188, 9, 23,'phenotype','HPO', 'HP:0001622', 'childhood', 'negative', 'Clinical comment'),
(189, 21, 60,'phenotype','HPO', 'HP:0001518', 'unknown', 'negative', 'Clinical comment'),
(190, 21, 60,'phenotype','HPO', 'HP:0001558', 'infantile', 'negative', 'Clinical comment'),
(191, 21, 60,'phenotype','HPO', 'HP:0001561', 'infantile', 'negative', 'Clinical comment'),
(192, 21, 60,'phenotype','HPO', 'HP:0002643', 'childhood', 'negative', 'Clinical comment'),
(193, 21, 60,'phenotype','HPO', 'HP:0003517', 'unknown', 'positive', 'Clinical comment'),
(194, 21, 60,'phenotype','HPO', 'HP:0003561', 'childhood', 'positive', 'Clinical comment'),
(195, 21, 60,'phenotype','HPO', 'HP:0006579', 'infantile', 'negative', 'Clinical comment'),
(196, 21, 60,'phenotype','HPO', 'HP:0030244', 'infantile', 'positive', 'Clinical comment'),
(197, 21, 60,'phenotype','HPO', 'HP:0040187', 'infantile', 'positive', 'Clinical comment'),
(198, 21, 60,'phenotype','HPO', 'HP:0001787', 'unknown', 'negative', 'Clinical comment'),
(199, 21, 60,'phenotype','HPO', 'HP:0001998', 'childhood', 'negative', 'Clinical comment'),
(200, 21, 60,'phenotype','HPO', 'HP:0002033', 'infantile', 'positive', 'Clinical comment'),
(201, 21, 60,'phenotype','HPO', 'HP:0004488', 'childhood', 'negative', 'Clinical comment'),
(202, 21, 60,'phenotype','HPO', 'HP:0009800', 'childhood', 'negative', 'Clinical comment'),
(203, 21, 60,'phenotype','HPO', 'HP:0010519', 'unknown', 'positive', 'Clinical comment'),
(204, 21, 60,'phenotype','HPO', 'HP:0011451', 'infantile', 'positive', 'Clinical comment'),
(205, 21, 60,'phenotype','HPO', 'HP:0100622', 'infantile', 'positive', 'Clinical comment'),
(206, 21, 60,'phenotype','HPO', 'HP:0001511', 'unknown', 'positive', 'Clinical comment'),
(207, 21, 60,'phenotype','HPO', 'HP:0001520', 'infantile', 'positive', 'Clinical comment'),
(208, 21, 60,'phenotype','HPO', 'HP:0001562', 'childhood', 'positive', 'Clinical comment'),
(209, 21, 60,'phenotype','HPO', 'HP:0001622', 'infantile', 'positive', 'Clinical comment'),
(210, 6, 16,'phenotype','HPO', 'HP:0001263', 'unknown', 'positive', 'Clinical comment'),
(211, 6, 16,'phenotype','HPO', 'HP:0001290', 'unknown', 'negative', 'Clinical comment'),
(212, 6, 16,'phenotype','HPO', 'HP:0001622', 'unknown', 'positive', 'Clinical comment'),
(213, 3, 8,'phenotype','HPO', 'HP:0001263', 'infantile', 'negative', 'Clinical comment'),
(214, 3, 8,'phenotype','HPO', 'HP:0011451', 'unknown', 'positive', 'Clinical comment'),
(215, 3, 8,'phenotype','HPO', 'HP:0001622', 'childhood', 'negative', 'Clinical comment'),
(216, 4, 10,'phenotype','HPO', 'HP:0001257', 'childhood', 'positive', 'Clinical comment'),
(217, 4, 10,'phenotype','HPO', 'HP:0001344', 'childhood', 'negative', 'Clinical comment'),
(218, 4, 10,'phenotype','HPO', 'HP:0006863', 'infantile', 'negative', 'Clinical comment'),
(219, 4, 10,'phenotype','HPO', 'HP:0025335', 'infantile', 'negative', 'Clinical comment'),
(220, 4, 10,'phenotype','HPO', 'HP:0025336', 'infantile', 'negative', 'Clinical comment'),
(221, 4, 10,'phenotype','HPO', 'HP:0000750', 'infantile', 'positive', 'Clinical comment'),
(222, 4, 10,'phenotype','HPO', 'HP:0001263', 'childhood', 'negative', 'Clinical comment'),
(223, 4, 10,'phenotype','HPO', 'HP:0001276', 'unknown', 'positive', 'Clinical comment'),
(224, 4, 10,'phenotype','HPO', 'HP:0001328', 'unknown', 'positive', 'Clinical comment'),
(225, 4, 10,'phenotype','HPO', 'HP:0002194', 'infantile', 'negative', 'Clinical comment'),
(226, 4, 10,'phenotype','HPO', 'HP:0002474', 'unknown', 'negative', 'Clinical comment'),
(227, 4, 10,'phenotype','HPO', 'HP:0007728', 'unknown', 'positive', 'Clinical comment'),
(228, 4, 10,'phenotype','HPO', 'HP:0010862', 'unknown', 'negative', 'Clinical comment'),
(229, 4, 10,'phenotype','HPO', 'HP:0011344', 'unknown', 'positive', 'Clinical comment'),
(230, 4, 10,'phenotype','HPO', 'HP:0001787', 'childhood', 'positive', 'Clinical comment'),
(231, 4, 10,'phenotype','HPO', 'HP:0001998', 'unknown', 'negative', 'Clinical comment'),
(232, 4, 10,'phenotype','HPO', 'HP:0002033', 'childhood', 'negative', 'Clinical comment'),
(233, 4, 10,'phenotype','HPO', 'HP:0004488', 'childhood', 'positive', 'Clinical comment'),
(234, 4, 10,'phenotype','HPO', 'HP:0009800', 'unknown', 'negative', 'Clinical comment'),
(235, 4, 10,'phenotype','HPO', 'HP:0010519', 'childhood', 'negative', 'Clinical comment'),
(236, 4, 10,'phenotype','HPO', 'HP:0011342', 'infantile', 'positive', 'Clinical comment'),
(237, 4, 10,'phenotype','HPO', 'HP:0011346', 'unknown', 'positive', 'Clinical comment'),
(238, 4, 10,'phenotype','HPO', 'HP:0012736', 'infantile', 'positive', 'Clinical comment'),
(239, 4, 10,'phenotype','HPO', 'HP:0100622', 'unknown', 'positive', 'Clinical comment'),
(240, 4, 10,'phenotype','HPO', 'HP:0001511', 'unknown', 'positive', 'Clinical comment'),
(241, 4, 10,'phenotype','HPO', 'HP:0001520', 'infantile', 'negative', 'Clinical comment'),
(242, 4, 10,'phenotype','HPO', 'HP:0001562', 'unknown', 'positive', 'Clinical comment'),
(243, 4, 10,'phenotype','HPO', 'HP:0001622', 'childhood', 'negative', 'Clinical comment'),
(244, 4, 10,'phenotype','HPO', 'HP:0001518', 'childhood', 'positive', 'Clinical comment'),
(245, 4, 10,'phenotype','HPO', 'HP:0001558', 'childhood', 'positive', 'Clinical comment'),
(246, 4, 10,'phenotype','HPO', 'HP:0001561', 'unknown', 'negative', 'Clinical comment'),
(247, 4, 10,'phenotype','HPO', 'HP:0002643', 'infantile', 'negative', 'Clinical comment'),
(248, 4, 10,'phenotype','HPO', 'HP:0003517', 'childhood', 'negative', 'Clinical comment'),
(249, 4, 10,'phenotype','HPO', 'HP:0006579', 'childhood', 'negative', 'Clinical comment'),
(250, 4, 10,'phenotype','HPO', 'HP:0011343', 'infantile', 'positive', 'Clinical comment'),
(251, 4, 10,'phenotype','HPO', 'HP:0011345', 'unknown', 'negative', 'Clinical comment'),
(252, 4, 10,'phenotype','HPO', 'HP:0030244', 'unknown', 'positive', 'Clinical comment'),
(253, 4, 10,'phenotype','HPO', 'HP:0040187', 'infantile', 'negative', 'Clinical comment'),
(254, 5, 15,'phenotype','HPO', 'HP:0001319', 'infantile', 'negative', 'Clinical comment'),
(255, 5, 15,'phenotype','HPO', 'HP:0001513', 'unknown', 'positive', 'Clinical comment'),
(256, 5, 15,'phenotype','HPO', 'HP:0004324', 'infantile', 'positive', 'Clinical comment'),
(257, 5, 15,'phenotype','HPO', 'HP:0001787', 'unknown', 'positive', 'Clinical comment'),
(258, 5, 15,'phenotype','HPO', 'HP:0001998', 'unknown', 'positive', 'Clinical comment'),
(259, 5, 15,'phenotype','HPO', 'HP:0009800', 'infantile', 'positive', 'Clinical comment'),
(260, 5, 15,'phenotype','HPO', 'HP:0010519', 'infantile', 'negative', 'Clinical comment'),
(261, 5, 15,'phenotype','HPO', 'HP:0100622', 'infantile', 'positive', 'Clinical comment'),
(262, 5, 15,'phenotype','HPO', 'HP:0001511', 'childhood', 'positive', 'Clinical comment'),
(263, 5, 15,'phenotype','HPO', 'HP:0001562', 'childhood', 'negative', 'Clinical comment'),
(264, 5, 15,'phenotype','HPO', 'HP:0001622', 'unknown', 'positive', 'Clinical comment'),
(265, 5, 15,'phenotype','HPO', 'HP:0001558', 'infantile', 'negative', 'Clinical comment'),
(266, 5, 15,'phenotype','HPO', 'HP:0001561', 'unknown', 'negative', 'Clinical comment'),
(267, 5, 15,'phenotype','HPO', 'HP:0002643', 'infantile', 'negative', 'Clinical comment'),
(268, 5, 15,'phenotype','HPO', 'HP:0006579', 'childhood', 'negative', 'Clinical comment'),
(269, 5, 15,'phenotype','HPO', 'HP:0030244', 'childhood', 'positive', 'Clinical comment'),
(270, 5, 15,'phenotype','HPO', 'HP:0040187', 'infantile', 'negative', 'Clinical comment'),
(271, 12, 34,'phenotype','HPO', 'HP:0001257', 'childhood', 'negative', 'Clinical comment'),
(272, 12, 34,'phenotype','HPO', 'HP:0001290', 'childhood', 'negative', 'Clinical comment'),
(273, 12, 34,'phenotype','HPO', 'HP:0031165', 'infantile', 'positive', 'Clinical comment'),
(274, 12, 34,'phenotype','HPO', 'HP:0001250', 'childhood', 'negative', 'Clinical comment'),
(275, 12, 34,'phenotype','HPO', 'HP:0001263', 'infantile', 'positive', 'Clinical comment'),
(276, 12, 34,'phenotype','HPO', 'HP:0002072', 'childhood', 'positive', 'Clinical comment'),
(277, 12, 34,'phenotype','HPO', 'HP:0002266', 'infantile', 'negative', 'Clinical comment'),
(278, 12, 34,'phenotype','HPO', 'HP:0002384', 'infantile', 'negative', 'Clinical comment'),
(279, 12, 34,'phenotype','HPO', 'HP:0004322', 'infantile', 'negative', 'Clinical comment'),
(280, 12, 34,'phenotype','HPO', 'HP:0007359', 'childhood', 'negative', 'Clinical comment'),
(281, 12, 34,'phenotype','HPO', 'HP:0011146', 'infantile', 'positive', 'Clinical comment'),
(282, 12, 34,'phenotype','HPO', 'HP:0011153', 'unknown', 'positive', 'Clinical comment'),
(283, 12, 34,'phenotype','HPO', 'HP:0011344', 'unknown', 'negative', 'Clinical comment'),
(284, 12, 34,'phenotype','HPO', 'HP:0012736', 'childhood', 'positive', 'Clinical comment'),
(285, 12, 34,'phenotype','HPO', 'HP:0000252', 'childhood', 'negative', 'Clinical comment'),
(286, 12, 34,'phenotype','HPO', 'HP:0001787', 'childhood', 'negative', 'Clinical comment'),
(287, 12, 34,'phenotype','HPO', 'HP:0001998', 'childhood', 'negative', 'Clinical comment'),
(288, 12, 34,'phenotype','HPO', 'HP:0002033', 'childhood', 'negative', 'Clinical comment'),
(289, 12, 34,'phenotype','HPO', 'HP:0004488', 'childhood', 'negative', 'Clinical comment'),
(290, 12, 34,'phenotype','HPO', 'HP:0009800', 'infantile', 'negative', 'Clinical comment'),
(291, 12, 34,'phenotype','HPO', 'HP:0010519', 'infantile', 'negative', 'Clinical comment'),
(292, 12, 34,'phenotype','HPO', 'HP:0100622', 'infantile', 'negative', 'Clinical comment'),
(293, 12, 34,'phenotype','HPO', 'HP:0001511', 'infantile', 'positive', 'Clinical comment'),
(294, 12, 34,'phenotype','HPO', 'HP:0001520', 'infantile', 'negative', 'Clinical comment'),
(295, 12, 34,'phenotype','HPO', 'HP:0001562', 'unknown', 'positive', 'Clinical comment'),
(296, 12, 34,'phenotype','HPO', 'HP:0001622', 'unknown', 'positive', 'Clinical comment'),
(297, 12, 34,'phenotype','HPO', 'HP:0001558', 'unknown', 'positive', 'Clinical comment'),
(298, 12, 34,'phenotype','HPO', 'HP:0001561', 'infantile', 'positive', 'Clinical comment'),
(299, 12, 34,'phenotype','HPO', 'HP:0002643', 'unknown', 'positive', 'Clinical comment'),
(300, 12, 34,'phenotype','HPO', 'HP:0003517', 'unknown', 'positive', 'Clinical comment'),
(301, 12, 34,'phenotype','HPO', 'HP:0006579', 'unknown', 'positive', 'Clinical comment'),
(302, 12, 34,'phenotype','HPO', 'HP:0030244', 'unknown', 'negative', 'Clinical comment'),
(303, 12, 34,'phenotype','HPO', 'HP:0040187', 'unknown', 'negative', 'Clinical comment'),
(304, 14, 39,'phenotype','HPO', 'HP:0001263', 'unknown', 'negative', 'Clinical comment'),
(305, 14, 39,'phenotype','HPO', 'HP:0001999', 'infantile', 'negative', 'Clinical comment'),
(306, 14, 39,'phenotype','HPO', 'HP:0012498', 'infantile', 'negative', 'Clinical comment'),
(307, 14, 39,'phenotype','HPO', 'HP:0012736', 'infantile', 'negative', 'Clinical comment'),
(308, 14, 39,'phenotype','HPO', 'HP:0000280', 'childhood', 'positive', 'Clinical comment'),
(309, 14, 39,'phenotype','HPO', 'HP:0000325', 'unknown', 'positive', 'Clinical comment'),
(310, 14, 39,'phenotype','HPO', 'HP:0001195', 'childhood', 'positive', 'Clinical comment'),
(311, 14, 39,'phenotype','HPO', 'HP:0000175', 'infantile', 'negative', 'Clinical comment'),
(312, 14, 39,'phenotype','HPO', 'HP:0001257', 'unknown', 'positive', 'Clinical comment'),
(313, 14, 39,'phenotype','HPO', 'HP:0001290', 'infantile', 'negative', 'Clinical comment'),
(314, 14, 39,'phenotype','HPO', 'HP:0001363', 'childhood', 'positive', 'Clinical comment'),
(315, 14, 39,'phenotype','HPO', 'HP:0001518', 'unknown', 'positive', 'Clinical comment'),
(316, 14, 39,'phenotype','HPO', 'HP:0001558', 'unknown', 'positive', 'Clinical comment'),
(317, 14, 39,'phenotype','HPO', 'HP:0001561', 'childhood', 'negative', 'Clinical comment'),
(318, 14, 39,'phenotype','HPO', 'HP:0002643', 'unknown', 'negative', 'Clinical comment'),
(319, 14, 39,'phenotype','HPO', 'HP:0003517', 'childhood', 'negative', 'Clinical comment'),
(320, 14, 39,'phenotype','HPO', 'HP:0003561', 'childhood', 'negative', 'Clinical comment'),
(321, 14, 39,'phenotype','HPO', 'HP:0006579', 'childhood', 'negative', 'Clinical comment'),
(322, 14, 39,'phenotype','HPO', 'HP:0010301', 'infantile', 'negative', 'Clinical comment'),
(323, 14, 39,'phenotype','HPO', 'HP:0030244', 'infantile', 'positive', 'Clinical comment'),
(324, 14, 39,'phenotype','HPO', 'HP:0040187', 'infantile', 'negative', 'Clinical comment'),
(325, 14, 39,'phenotype','HPO', 'HP:0001787', 'infantile', 'negative', 'Clinical comment'),
(326, 14, 39,'phenotype','HPO', 'HP:0001998', 'infantile', 'negative', 'Clinical comment'),
(327, 14, 39,'phenotype','HPO', 'HP:0002033', 'unknown', 'positive', 'Clinical comment'),
(328, 14, 39,'phenotype','HPO', 'HP:0002072', 'childhood', 'positive', 'Clinical comment'),
(329, 14, 39,'phenotype','HPO', 'HP:0004488', 'infantile', 'positive', 'Clinical comment'),
(330, 14, 39,'phenotype','HPO', 'HP:0004875', 'childhood', 'positive', 'Clinical comment'),
(331, 14, 39,'phenotype','HPO', 'HP:0009800', 'infantile', 'negative', 'Clinical comment'),
(332, 14, 39,'phenotype','HPO', 'HP:0010519', 'childhood', 'negative', 'Clinical comment'),
(333, 14, 39,'phenotype','HPO', 'HP:0011451', 'infantile', 'negative', 'Clinical comment'),
(334, 14, 39,'phenotype','HPO', 'HP:0012768', 'childhood', 'positive', 'Clinical comment'),
(335, 14, 39,'phenotype','HPO', 'HP:0100622', 'childhood', 'negative', 'Clinical comment'),
(336, 14, 39,'phenotype','HPO', 'HP:0000204', 'childhood', 'positive', 'Clinical comment'),
(337, 14, 39,'phenotype','HPO', 'HP:0000339', 'infantile', 'negative', 'Clinical comment'),
(338, 14, 39,'phenotype','HPO', 'HP:0001250', 'unknown', 'negative', 'Clinical comment'),
(339, 14, 39,'phenotype','HPO', 'HP:0001251', 'childhood', 'negative', 'Clinical comment'),
(340, 14, 39,'phenotype','HPO', 'HP:0001332', 'childhood', 'positive', 'Clinical comment'),
(341, 14, 39,'phenotype','HPO', 'HP:0001511', 'childhood', 'positive', 'Clinical comment'),
(342, 14, 39,'phenotype','HPO', 'HP:0001520', 'childhood', 'negative', 'Clinical comment'),
(343, 14, 39,'phenotype','HPO', 'HP:0001562', 'childhood', 'positive', 'Clinical comment'),
(344, 14, 39,'phenotype','HPO', 'HP:0001622', 'infantile', 'negative', 'Clinical comment'),
(345, 10, 27,'phenotype','HPO', 'HP:0006986', 'childhood', 'positive', 'Clinical comment'),
(346, 10, 27,'phenotype','HPO', 'HP:0000256', 'infantile', 'negative', 'Clinical comment'),
(347, 10, 27,'phenotype','HPO', 'HP:0001257', 'unknown', 'positive', 'Clinical comment'),
(348, 10, 27,'phenotype','HPO', 'HP:0001290', 'childhood', 'positive', 'Clinical comment'),
(349, 10, 27,'phenotype','HPO', 'HP:0003517', 'unknown', 'positive', 'Clinical comment'),
(350, 10, 27,'phenotype','HPO', 'HP:0001998', 'infantile', 'negative', 'Clinical comment'),
(351, 10, 27,'phenotype','HPO', 'HP:0002033', 'infantile', 'negative', 'Clinical comment'),
(352, 10, 27,'phenotype','HPO', 'HP:0001520', 'unknown', 'positive', 'Clinical comment'),
(353, 10, 27,'phenotype','HPO', 'HP:0001622', 'unknown', 'positive', 'Clinical comment'),
(354, 10, 27,'phenotype','HPO', 'HP:0001518', 'childhood', 'positive', 'Clinical comment'),
(355, 10, 27,'phenotype','HPO', 'HP:0002643', 'unknown', 'negative', 'Clinical comment'),
(356, 10, 27,'phenotype','HPO', 'HP:0006579', 'childhood', 'negative', 'Clinical comment'),
(357, 10, 27,'phenotype','HPO', 'HP:0040187', 'infantile', 'negative', 'Clinical comment'),
(358, 1, 3,'phenotype','HPO', 'HP:0000717', 'childhood', 'negative', 'Clinical comment'),
(359, 1, 3,'phenotype','HPO', 'HP:0001263', 'childhood', 'negative', 'Clinical comment'),
(360, 19, 55,'phenotype','HPO', 'HP:0001998', 'childhood', 'positive', 'Clinical comment'),
(361, 19, 55,'phenotype','HPO', 'HP:0002033', 'childhood', 'negative', 'Clinical comment'),
(362, 19, 55,'phenotype','HPO', 'HP:0009800', 'infantile', 'negative', 'Clinical comment'),
(363, 19, 55,'phenotype','HPO', 'HP:0010519', 'infantile', 'negative', 'Clinical comment'),
(364, 19, 55,'phenotype','HPO', 'HP:0100622', 'unknown', 'negative', 'Clinical comment'),
(365, 19, 55,'phenotype','HPO', 'HP:0001511', 'childhood', 'positive', 'Clinical comment'),
(366, 19, 55,'phenotype','HPO', 'HP:0001562', 'infantile', 'positive', 'Clinical comment'),
(367, 19, 55,'phenotype','HPO', 'HP:0001622', 'unknown', 'positive', 'Clinical comment'),
(368, 19, 55,'phenotype','HPO', 'HP:0001558', 'infantile', 'negative', 'Clinical comment'),
(369, 19, 55,'phenotype','HPO', 'HP:0001561', 'unknown', 'positive', 'Clinical comment'),
(370, 19, 55,'phenotype','HPO', 'HP:0002643', 'unknown', 'negative', 'Clinical comment'),
(371, 19, 55,'phenotype','HPO', 'HP:0006579', 'unknown', 'negative', 'Clinical comment'),
(372, 19, 55,'phenotype','HPO', 'HP:0030244', 'childhood', 'negative', 'Clinical comment'),
(373, 19, 55,'phenotype','HPO', 'HP:0040187', 'childhood', 'negative', 'Clinical comment'),
(374, 8, 22,'phenotype','HPO', 'HP:0002069', 'childhood', 'negative', 'Clinical comment'),
(375, 8, 22,'phenotype','HPO', 'HP:0002123', 'childhood', 'negative', 'Clinical comment'),
(376, 8, 22,'phenotype','HPO', 'HP:0001250', 'infantile', 'negative', 'Clinical comment'),
(377, 8, 22,'phenotype','HPO', 'HP:0002197', 'unknown', 'positive', 'Clinical comment'),
(378, 8, 22,'phenotype','HPO', 'HP:0001629', 'childhood', 'negative', 'Clinical comment'),
(379, 8, 22,'phenotype','HPO', 'HP:0001636', 'infantile', 'negative', 'Clinical comment'),
(380, 8, 22,'phenotype','HPO', 'HP:0001680', 'infantile', 'positive', 'Clinical comment'),
(381, 8, 22,'phenotype','HPO', 'HP:0001738', 'infantile', 'negative', 'Clinical comment'),
(382, 8, 22,'phenotype','HPO', 'HP:0001787', 'unknown', 'positive', 'Clinical comment'),
(383, 8, 22,'phenotype','HPO', 'HP:0001998', 'unknown', 'positive', 'Clinical comment'),
(384, 8, 22,'phenotype','HPO', 'HP:0001999', 'unknown', 'negative', 'Clinical comment'),
(385, 8, 22,'phenotype','HPO', 'HP:0002033', 'infantile', 'negative', 'Clinical comment'),
(386, 8, 22,'phenotype','HPO', 'HP:0002088', 'childhood', 'negative', 'Clinical comment'),
(387, 8, 22,'phenotype','HPO', 'HP:0002251', 'unknown', 'negative', 'Clinical comment'),
(388, 8, 22,'phenotype','HPO', 'HP:0002652', 'childhood', 'positive', 'Clinical comment'),
(389, 8, 22,'phenotype','HPO', 'HP:0002659', 'childhood', 'negative', 'Clinical comment'),
(390, 8, 22,'phenotype','HPO', 'HP:0004467', 'childhood', 'negative', 'Clinical comment'),
(391, 8, 22,'phenotype','HPO', 'HP:0004488', 'childhood', 'negative', 'Clinical comment'),
(392, 8, 22,'phenotype','HPO', 'HP:0005306', 'childhood', 'negative', 'Clinical comment'),
(393, 8, 22,'phenotype','HPO', 'HP:0009800', 'childhood', 'negative', 'Clinical comment'),
(394, 8, 22,'phenotype','HPO', 'HP:0009816', 'infantile', 'negative', 'Clinical comment'),
(395, 8, 22,'phenotype','HPO', 'HP:0010519', 'childhood', 'positive', 'Clinical comment'),
(396, 8, 22,'phenotype','HPO', 'HP:0011451', 'infantile', 'negative', 'Clinical comment'),
(397, 8, 22,'phenotype','HPO', 'HP:0011675', 'unknown', 'positive', 'Clinical comment'),
(398, 8, 22,'phenotype','HPO', 'HP:0100622', 'infantile', 'negative', 'Clinical comment'),
(399, 8, 22,'phenotype','HPO', 'HP:0000028', 'unknown', 'positive', 'Clinical comment'),
(400, 8, 22,'phenotype','HPO', 'HP:0000062', 'infantile', 'positive', 'Clinical comment'),
(401, 8, 22,'phenotype','HPO', 'HP:0000107', 'unknown', 'positive', 'Clinical comment'),
(402, 8, 22,'phenotype','HPO', 'HP:0000204', 'unknown', 'negative', 'Clinical comment'),
(403, 8, 22,'phenotype','HPO', 'HP:0000819', 'unknown', 'positive', 'Clinical comment'),
(404, 8, 22,'phenotype','HPO', 'HP:0000953', 'childhood', 'positive', 'Clinical comment'),
(405, 8, 22,'phenotype','HPO', 'HP:0001010', 'infantile', 'negative', 'Clinical comment'),
(406, 8, 22,'phenotype','HPO', 'HP:0001396', 'childhood', 'positive', 'Clinical comment'),
(407, 8, 22,'phenotype','HPO', 'HP:0001511', 'unknown', 'negative', 'Clinical comment'),
(408, 8, 22,'phenotype','HPO', 'HP:0001520', 'unknown', 'positive', 'Clinical comment'),
(409, 8, 22,'phenotype','HPO', 'HP:0001562', 'childhood', 'positive', 'Clinical comment'),
(410, 8, 22,'phenotype','HPO', 'HP:0001622', 'unknown', 'negative', 'Clinical comment'),
(411, 8, 22,'phenotype','HPO', 'HP:0000047', 'childhood', 'positive', 'Clinical comment'),
(412, 8, 22,'phenotype','HPO', 'HP:0000069', 'childhood', 'negative', 'Clinical comment'),
(413, 8, 22,'phenotype','HPO', 'HP:0000085', 'unknown', 'negative', 'Clinical comment'),
(414, 8, 22,'phenotype','HPO', 'HP:0000175', 'unknown', 'negative', 'Clinical comment'),
(415, 8, 22,'phenotype','HPO', 'HP:0000384', 'unknown', 'negative', 'Clinical comment'),
(416, 8, 22,'phenotype','HPO', 'HP:0000776', 'infantile', 'negative', 'Clinical comment'),
(417, 8, 22,'phenotype','HPO', 'HP:0000795', 'childhood', 'positive', 'Clinical comment'),
(418, 8, 22,'phenotype','HPO', 'HP:0001363', 'childhood', 'negative', 'Clinical comment'),
(419, 8, 22,'phenotype','HPO', 'HP:0001518', 'unknown', 'positive', 'Clinical comment'),
(420, 8, 22,'phenotype','HPO', 'HP:0001539', 'childhood', 'negative', 'Clinical comment'),
(421, 8, 22,'phenotype','HPO', 'HP:0001543', 'unknown', 'positive', 'Clinical comment'),
(422, 8, 22,'phenotype','HPO', 'HP:0001558', 'infantile', 'positive', 'Clinical comment'),
(423, 8, 22,'phenotype','HPO', 'HP:0001561', 'infantile', 'positive', 'Clinical comment'),
(424, 8, 22,'phenotype','HPO', 'HP:0001631', 'childhood', 'positive', 'Clinical comment'),
(425, 8, 22,'phenotype','HPO', 'HP:0001638', 'unknown', 'positive', 'Clinical comment'),
(426, 8, 22,'phenotype','HPO', 'HP:0001674', 'unknown', 'positive', 'Clinical comment'),
(427, 8, 22,'phenotype','HPO', 'HP:0002032', 'childhood', 'negative', 'Clinical comment'),
(428, 8, 22,'phenotype','HPO', 'HP:0002575', 'infantile', 'positive', 'Clinical comment'),
(429, 8, 22,'phenotype','HPO', 'HP:0002643', 'infantile', 'negative', 'Clinical comment'),
(430, 8, 22,'phenotype','HPO', 'HP:0002910', 'childhood', 'negative', 'Clinical comment'),
(431, 8, 22,'phenotype','HPO', 'HP:0003517', 'childhood', 'positive', 'Clinical comment'),
(432, 8, 22,'phenotype','HPO', 'HP:0003561', 'childhood', 'positive', 'Clinical comment'),
(433, 8, 22,'phenotype','HPO', 'HP:0006579', 'childhood', 'positive', 'Clinical comment'),
(434, 8, 22,'phenotype','HPO', 'HP:0009824', 'unknown', 'negative', 'Clinical comment'),
(435, 8, 22,'phenotype','HPO', 'HP:0011276', 'infantile', 'negative', 'Clinical comment'),
(436, 8, 22,'phenotype','HPO', 'HP:0030244', 'infantile', 'positive', 'Clinical comment'),
(437, 8, 22,'phenotype','HPO', 'HP:0040187', 'infantile', 'positive', 'Clinical comment'),
(438, 20, 58,'phenotype','HPO', 'HP:0000708', 'infantile', 'positive', 'Clinical comment'),
(439, 20, 58,'phenotype','HPO', 'HP:0001250', 'infantile', 'positive', 'Clinical comment'),
(440, 20, 58,'phenotype','HPO', 'HP:0001263', 'unknown', 'positive', 'Clinical comment'),
(441, 20, 58,'phenotype','HPO', 'HP:0007359', 'infantile', 'positive', 'Clinical comment'),
(442, 20, 58,'phenotype','HPO', 'HP:0011342', 'childhood', 'negative', 'Clinical comment'),
(443, 20, 58,'phenotype','HPO', 'HP:0001290', 'childhood', 'negative', 'Clinical comment'),
(444, 20, 58,'phenotype','HPO', 'HP:0000750', 'infantile', 'negative', 'Clinical comment'),
(445, 20, 58,'phenotype','HPO', 'HP:0001558', 'childhood', 'negative', 'Clinical comment'),
(446, 20, 58,'phenotype','HPO', 'HP:0001561', 'childhood', 'negative', 'Clinical comment'),
(447, 20, 58,'phenotype','HPO', 'HP:0002643', 'childhood', 'positive', 'Clinical comment'),
(448, 20, 58,'phenotype','HPO', 'HP:0003517', 'infantile', 'negative', 'Clinical comment'),
(449, 20, 58,'phenotype','HPO', 'HP:0003561', 'infantile', 'positive', 'Clinical comment'),
(450, 20, 58,'phenotype','HPO', 'HP:0006579', 'infantile', 'negative', 'Clinical comment'),
(451, 20, 58,'phenotype','HPO', 'HP:0030244', 'infantile', 'positive', 'Clinical comment'),
(452, 20, 58,'phenotype','HPO', 'HP:0040187', 'childhood', 'positive', 'Clinical comment'),
(453, 20, 58,'phenotype','HPO', 'HP:0001787', 'unknown', 'positive', 'Clinical comment'),
(454, 20, 58,'phenotype','HPO', 'HP:0001998', 'unknown', 'positive', 'Clinical comment'),
(455, 20, 58,'phenotype','HPO', 'HP:0002033', 'unknown', 'positive', 'Clinical comment'),
(456, 20, 58,'phenotype','HPO', 'HP:0004488', 'unknown', 'negative', 'Clinical comment'),
(457, 20, 58,'phenotype','HPO', 'HP:0009800', 'unknown', 'negative', 'Clinical comment'),
(458, 20, 58,'phenotype','HPO', 'HP:0010519', 'unknown', 'positive', 'Clinical comment'),
(459, 20, 58,'phenotype','HPO', 'HP:0100622', 'unknown', 'positive', 'Clinical comment'),
(460, 20, 58,'phenotype','HPO', 'HP:0001511', 'childhood', 'negative', 'Clinical comment'),
(461, 20, 58,'phenotype','HPO', 'HP:0001520', 'childhood', 'negative', 'Clinical comment'),
(462, 20, 58,'phenotype','HPO', 'HP:0001562', 'unknown', 'negative', 'Clinical comment'),
(463, 20, 58,'phenotype','HPO', 'HP:0001622', 'childhood', 'negative', 'Clinical comment')
ON CONFLICT (id) DO NOTHING;


-- Samples

INSERT INTO "sample" (
    id,
    submitter_id,
    category,
    type,
    patient_id,
    parent_specimen_id,
    tissue_site,
    histology
) VALUES
(1, 'S13224', 'sample', 'dna', 3, 62, NULL, NULL),
(2, 'S13225', 'sample', 'dna', 1, 63, NULL, NULL),
(3, 'S13226', 'sample', 'dna', 2, 64, NULL, NULL),
(4, 'S13227', 'sample', 'dna', 4, 65, NULL, NULL),
(5, 'S13228', 'sample', 'dna', 6, 66, NULL, NULL),
(6, 'S13229', 'sample', 'dna', 5, 67, NULL, NULL),
(7, 'S13230', 'sample', 'dna', 8, 68, NULL, NULL),
(8, 'S13231', 'sample', 'dna', 9, 69, NULL, NULL),
(9, 'S13232', 'sample', 'dna', 7, 70, NULL, NULL),
(10, 'S13233', 'sample', 'dna', 10, 71, NULL, NULL),
(11, 'S13234', 'sample', 'dna', 12, 72, NULL, NULL),
(12, 'S13235', 'sample', 'dna', 11, 73, NULL, NULL),
(13, 'S13236', 'sample', 'dna', 15, 74, NULL, NULL),
(14, 'S13237', 'sample', 'dna', 13, 75, NULL, NULL),
(15, 'S13238', 'sample', 'dna', 14, 76, NULL, NULL),
(16, 'S14029', 'sample', 'dna', 16, 77, NULL, NULL),
(17, 'S14030', 'sample', 'dna', 17, 78, NULL, NULL),
(18, 'S14031', 'sample', 'dna', 18, 79, NULL, NULL),
(19, 'S14048', 'sample', 'dna', 20, 80, NULL, NULL),
(20, 'S14049', 'sample', 'dna', 19, 81, NULL, NULL),
(21, 'S14050', 'sample', 'dna', 21, 82, NULL, NULL),
(22, 'S14069', 'sample', 'dna', 22, 83, NULL, NULL),
(23, 'S14131', 'sample', 'dna', 23, 84, NULL, NULL),
(24, 'S14132', 'sample', 'dna', 24, 85, NULL, NULL),
(25, 'S14133', 'sample', 'dna', 25, 86, NULL, NULL),
(26, 'S14134', 'sample', 'dna', 27, 87, NULL, NULL),
(27, 'S14135', 'sample', 'dna', 28, 88, NULL, NULL),
(28, 'S14136', 'sample', 'dna', 26, 89, NULL, NULL),
(29, 'S14137', 'sample', 'dna', 30, 90, NULL, NULL),
(30, 'S14138', 'sample', 'dna', 31, 91, NULL, NULL),
(31, 'S14139', 'sample', 'dna', 29, 92, NULL, NULL),
(32, 'S14691', 'sample', 'dna', 34, 93, NULL, NULL),
(33, 'S14692', 'sample', 'dna', 33, 94, NULL, NULL),
(34, 'S14693', 'sample', 'dna', 32, 95, NULL, NULL),
(35, 'S14711', 'sample', 'dna', 37, 96, NULL, NULL),
(36, 'S14712', 'sample', 'dna', 36, 97, NULL, NULL),
(37, 'S14713', 'sample', 'dna', 35, 98, NULL, NULL),
(38, 'S14730', 'sample', 'dna', 39, 99, NULL, NULL),
(39, 'S14731', 'sample', 'dna', 38, 100, NULL, NULL),
(40, 'S14732', 'sample', 'dna', 40, 101, NULL, NULL),
(41, 'S14741', 'sample', 'dna', 42, 102, NULL, NULL),
(42, 'S14742', 'sample', 'dna', 43, 103, NULL, NULL),
(43, 'S14743', 'sample', 'dna', 41, 104, NULL, NULL),
(44, 'S14744', 'sample', 'dna', 44, 105, NULL, NULL),
(45, 'S14745', 'sample', 'dna', 46, 106, NULL, NULL),
(46, 'S14746', 'sample', 'dna', 45, 107, NULL, NULL),
(47, 'S14747', 'sample', 'dna', 47, 108, NULL, NULL),
(48, 'S14748', 'sample', 'dna', 49, 109, NULL, NULL),
(49, 'S14749', 'sample', 'dna', 48, 110, NULL, NULL),
(50, 'S14750', 'sample', 'dna', 50, 111, NULL, NULL),
(51, 'S14751', 'sample', 'dna', 51, 112, NULL, NULL),
(52, 'S14752', 'sample', 'dna', 52, 113, NULL, NULL),
(53, 'S14756', 'sample', 'dna', 55, 114, NULL, NULL),
(54, 'S14757', 'sample', 'dna', 53, 115, NULL, NULL),
(55, 'S14758', 'sample', 'dna', 54, 116, NULL, NULL),
(56, 'S14786', 'sample', 'dna', 58, 117, NULL, NULL),
(57, 'S14787', 'sample', 'dna', 57, 118, NULL, NULL),
(58, 'S14788', 'sample', 'dna', 56, 119, NULL, NULL),
(59, 'S14857', 'sample', 'dna', 60, 120, NULL, NULL),
(60, 'S14858', 'sample', 'dna', 61, 121, NULL, NULL),
(61, 'S14859', 'sample', 'dna', 59, 122, NULL, NULL),
(62, 'B-803.1', 'specimen', 'blood', 3, NULL, NULL, NULL),
(63, 'B-803.2', 'specimen', 'blood', 1, NULL, NULL, NULL),
(64, 'B-803.3', 'specimen', 'blood', 2, NULL, NULL, NULL),
(65, 'B-804.1', 'specimen', 'blood', 4, NULL, NULL, NULL),
(66, 'B-804.2', 'specimen', 'blood', 6, NULL, NULL, NULL),
(67, 'B-804.3', 'specimen', 'blood', 5, NULL, NULL, NULL),
(68, 'B-805.1', 'specimen', 'blood', 8, NULL, NULL, NULL),
(69, 'B-805.2', 'specimen', 'blood', 9, NULL, NULL, NULL),
(70, 'B-805.3', 'specimen', 'blood', 7, NULL, NULL, NULL),
(71, 'B-806.1', 'specimen', 'blood', 10, NULL, NULL, NULL),
(72, 'B-806.2', 'specimen', 'blood', 12, NULL, NULL, NULL),
(73, 'B-806.3', 'specimen', 'blood', 11, NULL, NULL, NULL),
(74, 'B-807.1', 'specimen', 'blood', 15, NULL, NULL, NULL),
(75, 'B-807.2', 'specimen', 'blood', 13, NULL, NULL, NULL),
(76, 'B-807.3', 'specimen', 'blood', 14, NULL, NULL, NULL),
(77, 'B-836.1', 'specimen', 'blood', 16, NULL, NULL, NULL),
(78, 'B-836.2', 'specimen', 'blood', 17, NULL, NULL, NULL),
(79, 'B-836.3', 'specimen', 'blood', 18, NULL, NULL, NULL),
(80, 'B-839.1', 'specimen', 'blood', 20, NULL, NULL, NULL),
(81, 'B-839.2', 'specimen', 'blood', 19, NULL, NULL, NULL),
(82, 'B-839.3', 'specimen', 'blood', 21, NULL, NULL, NULL),
(83, 'B-859.1', 'specimen', 'blood', 22, NULL, NULL, NULL),
(84, 'B-869.1', 'specimen', 'blood', 23, NULL, NULL, NULL),
(85, 'B-869.2', 'specimen', 'blood', 24, NULL, NULL, NULL),
(86, 'B-869.3', 'specimen', 'blood', 25, NULL, NULL, NULL),
(87, 'B-870.1', 'specimen', 'blood', 27, NULL, NULL, NULL),
(88, 'B-870.2', 'specimen', 'blood', 28, NULL, NULL, NULL),
(89, 'B-870.3', 'specimen', 'blood', 26, NULL, NULL, NULL),
(90, 'B-871.1', 'specimen', 'blood', 30, NULL, NULL, NULL),
(91, 'B-871.2', 'specimen', 'blood', 31, NULL, NULL, NULL),
(92, 'B-871.3', 'specimen', 'blood', 29, NULL, NULL, NULL),
(93, 'B-912.1', 'specimen', 'blood', 34, NULL, NULL, NULL),
(94, 'B-912.2', 'specimen', 'blood', 33, NULL, NULL, NULL),
(95, 'B-912.3', 'specimen', 'blood', 32, NULL, NULL, NULL),
(96, 'B-948.1', 'specimen', 'blood', 37, NULL, NULL, NULL),
(97, 'B-948.2', 'specimen', 'blood', 36, NULL, NULL, NULL),
(98, 'B-948.3', 'specimen', 'blood', 35, NULL, NULL, NULL),
(99, 'B-950.1', 'specimen', 'blood', 39, NULL, NULL, NULL),
(100, 'B-950.2', 'specimen', 'blood', 38, NULL, NULL, NULL),
(101, 'B-950.3', 'specimen', 'blood', 40, NULL, NULL, NULL),
(102, 'B-951.1', 'specimen', 'blood', 42, NULL, NULL, NULL),
(103, 'B-951.2', 'specimen', 'blood', 43, NULL, NULL, NULL),
(104, 'B-951.3', 'specimen', 'blood', 41, NULL, NULL, NULL),
(105, 'B-952.1', 'specimen', 'blood', 44, NULL, NULL, NULL),
(106, 'B-952.2', 'specimen', 'blood', 46, NULL, NULL, NULL),
(107, 'B-952.3', 'specimen', 'blood', 45, NULL, NULL, NULL),
(108, 'B-953.1', 'specimen', 'blood', 47, NULL, NULL, NULL),
(109, 'B-953.2', 'specimen', 'blood', 49, NULL, NULL, NULL),
(110, 'B-953.3', 'specimen', 'blood', 48, NULL, NULL, NULL),
(111, 'B-954.1', 'specimen', 'blood', 50, NULL, NULL, NULL),
(112, 'B-954.2', 'specimen', 'blood', 51, NULL, NULL, NULL),
(113, 'B-954.3', 'specimen', 'blood', 52, NULL, NULL, NULL),
(114, 'B-956.1', 'specimen', 'blood', 55, NULL, NULL, NULL),
(115, 'B-956.2', 'specimen', 'blood', 53, NULL, NULL, NULL),
(116, 'B-956.3', 'specimen', 'blood', 54, NULL, NULL, NULL),
(117, 'B-958.1', 'specimen', 'blood', 58, NULL, NULL, NULL),
(118, 'B-958.2', 'specimen', 'blood', 57, NULL, NULL, NULL),
(119, 'B-958.3', 'specimen', 'blood', 56, NULL, NULL, NULL),
(120, 'B-990.1', 'specimen', 'blood', 60, NULL, NULL, NULL),
(121, 'B-990.2', 'specimen', 'blood', 61, NULL, NULL, NULL),
(122, 'B-990.3', 'specimen', 'blood', 59, NULL, NULL, NULL)
ON CONFLICT (id) DO NOTHING;


-- Sequencing Experiment

INSERT INTO "sequencing_experiment" (
    id,
    service_request_id,
    sample_id,
    aliquot,
    run_name,
    run_alias,
    run_date,
    sequencer,
    capture_kit,
    is_paired_end,
    read_length,
    protocol
) VALUES
(1, 3, 1, 'NA12892', 1617, 'A00516_0169', '2021-08-17', 'Illumina HiSeq 2500 PE125', 'SureSelect Custom DNA Target', TRUE, 151, NULL),
(2, 1, 2, 'NA12891', 1618, 'A00516_0170', '2021-08-17', 'Illumina HiSeq 2500 PE125', 'SureSelect Custom DNA Target', TRUE, 151, NULL),
(3, 2, 3, 'NA12878', 1619, 'A00516_0171', '2021-08-17', 'Illumina HiSeq 2500 PE125', 'SureSelect Custom DNA Target', TRUE, 151, NULL),
(4, 4, 4, 'S13227', 1620, 'A00516_0172', '2021-08-17', 'Illumina HiSeq 2500 PE125', 'SureSelect Custom DNA Target', TRUE, 151, NULL),
(5, 6, 5, 'S13228', 1621, 'A00516_0173', '2021-08-17', 'Illumina HiSeq 2500 PE125', 'SureSelect Custom DNA Target', TRUE, 151, NULL),
(6, 5, 6, 'S13229', 1622, 'A00516_0174', '2021-08-17', 'Illumina HiSeq 2500 PE125', 'SureSelect Custom DNA Target', TRUE, 151, NULL),
(7, 8, 7, 'S13230', 1623, 'A00516_0175', '2021-08-17', 'Illumina HiSeq 2500 PE125', 'SureSelect Custom DNA Target', TRUE, 151, NULL),
(8, 9, 8, 'S13231', 1624, 'A00516_0176', '2021-08-17', 'Illumina HiSeq 2500 PE125', 'SureSelect Custom DNA Target', TRUE, 151, NULL),
(9, 7, 9, 'S13232', 1625, 'A00516_0177', '2021-08-17', 'Illumina HiSeq 2500 PE125', 'SureSelect Custom DNA Target', TRUE, 151, NULL),
(10, 10, 10, 'S13233', 1626, 'A00516_0178', '2021-08-17', 'Illumina HiSeq 2500 PE125', 'SureSelect Custom DNA Target', TRUE, 151, NULL),
(11, 12, 11, 'S13234', 1627, 'A00516_0179', '2021-08-17', 'Illumina HiSeq 2500 PE125', 'SureSelect Custom DNA Target', TRUE, 151, NULL),
(12, 11, 12, 'S13235', 1628, 'A00516_0180', '2021-08-17', 'Illumina HiSeq 2500 PE125', 'SureSelect Custom DNA Target', TRUE, 151, NULL),
(13, 15, 13, 'S13236', 1629, 'A00516_0181', '2021-08-17', 'Illumina HiSeq 2500 PE125', 'SureSelect Custom DNA Target', TRUE, 151, NULL),
(14, 13, 14, 'S13237', 1630, 'A00516_0182', '2021-08-17', 'Illumina HiSeq 2500 PE125', 'SureSelect Custom DNA Target', TRUE, 151, NULL),
(15, 14, 15, 'S13238', 1631, 'A00516_0183', '2021-08-17', 'Illumina HiSeq 2500 PE125', 'SureSelect Custom DNA Target', TRUE, 151, NULL),
(16, 16, 16, 'S14029', 1632, 'A00516_0184', '2021-08-17', 'Illumina HiSeq 2500 PE125', 'SureSelect Custom DNA Target', TRUE, 151, NULL),
(17, 17, 17, 'S14030', 1633, 'A00516_0185', '2021-08-17', 'Illumina HiSeq 2500 PE125', 'SureSelect Custom DNA Target', TRUE, 151, NULL),
(18, 18, 18, 'S14031', 1634, 'A00516_0186', '2021-08-17', 'Illumina HiSeq 2500 PE125', 'SureSelect Custom DNA Target', TRUE, 151, NULL),
(19, 20, 19, 'S14048', 1635, 'A00516_0187', '2021-08-17', 'Illumina HiSeq 2500 PE125', 'SureSelect Custom DNA Target', TRUE, 151, NULL),
(20, 19, 20, 'S14049', 1636, 'A00516_0188', '2021-08-17', 'Illumina HiSeq 2500 PE125', 'SureSelect Custom DNA Target', TRUE, 151, NULL),
(21, 21, 21, 'S14050', 1637, 'A00516_0189', '2021-08-17', 'Illumina HiSeq 2500 PE125', 'SureSelect Custom DNA Target', TRUE, 151, NULL),
(22, 22, 22, 'HG00513', 1638, 'A00516_0190', '2021-08-17', 'Illumina HiSeq 2500 PE125', 'SureSelect Custom DNA Target', TRUE, 151, NULL),
(23, 23, 23, 'S14131', 1639, 'A00516_0191', '2021-08-17', 'Illumina HiSeq 2500 PE125', 'SureSelect Custom DNA Target', TRUE, 151, NULL),
(24, 24, 24, 'S14132', 1640, 'A00516_0192', '2021-08-17', 'Illumina HiSeq 2500 PE125', 'SureSelect Custom DNA Target', TRUE, 151, NULL),
(25, 25, 25, 'S14133', 1641, 'A00516_0193', '2021-08-17', 'Illumina HiSeq 2500 PE125', 'SureSelect Custom DNA Target', TRUE, 151, NULL),
(26, 27, 26, 'S14134', 1642, 'A00516_0194', '2021-08-17', 'Illumina HiSeq 2500 PE125', 'SureSelect Custom DNA Target', TRUE, 151, NULL),
(27, 28, 27, 'S14135', 1643, 'A00516_0195', '2021-08-17', 'Illumina HiSeq 2500 PE125', 'SureSelect Custom DNA Target', TRUE, 151, NULL),
(28, 26, 28, 'S14136', 1644, 'A00516_0196', '2021-08-17', 'Illumina HiSeq 2500 PE125', 'SureSelect Custom DNA Target', TRUE, 151, NULL),
(29, 30, 29, 'S14137', 1645, 'A00516_0197', '2021-08-17', 'Illumina HiSeq 2500 PE125', 'SureSelect Custom DNA Target', TRUE, 151, NULL),
(30, 31, 30, 'S14138', 1646, 'A00516_0198', '2021-08-17', 'Illumina HiSeq 2500 PE125', 'SureSelect Custom DNA Target', TRUE, 151, NULL),
(31, 29, 31, 'S14139', 1647, 'A00516_0199', '2021-08-17', 'Illumina HiSeq 2500 PE125', 'SureSelect Custom DNA Target', TRUE, 151, NULL),
(32, 34, 32, 'S14691', 1648, 'A00516_0200', '2021-08-17', 'Illumina HiSeq 2500 PE125', 'SureSelect Custom DNA Target', TRUE, 151, NULL),
(33, 33, 33, 'S14692', 1649, 'A00516_0201', '2021-08-17', 'Illumina HiSeq 2500 PE125', 'SureSelect Custom DNA Target', TRUE, 151, NULL),
(34, 32, 34, 'S14693', 1650, 'A00516_0202', '2021-08-17', 'Illumina HiSeq 2500 PE125', 'SureSelect Custom DNA Target', TRUE, 151, NULL),
(35, 37, 35, 'S14711', 1651, 'A00516_0203', '2021-08-17', 'Illumina HiSeq 2500 PE125', 'SureSelect Custom DNA Target', TRUE, 151, NULL),
(36, 36, 36, 'S14712', 1652, 'A00516_0204', '2021-08-17', 'Illumina HiSeq 2500 PE125', 'SureSelect Custom DNA Target', TRUE, 151, NULL),
(37, 35, 37, 'S14713', 1653, 'A00516_0205', '2021-08-17', 'Illumina HiSeq 2500 PE125', 'SureSelect Custom DNA Target', TRUE, 151, NULL),
(38, 39, 38, 'S14730', 1654, 'A00516_0206', '2021-08-17', 'Illumina HiSeq 2500 PE125', 'SureSelect Custom DNA Target', TRUE, 151, NULL),
(39, 38, 39, 'S14731', 1655, 'A00516_0207', '2021-08-17', 'Illumina HiSeq 2500 PE125', 'SureSelect Custom DNA Target', TRUE, 151, NULL),
(40, 40, 40, 'S14732', 1656, 'A00516_0208', '2021-08-17', 'Illumina HiSeq 2500 PE125', 'SureSelect Custom DNA Target', TRUE, 151, NULL),
(41, 42, 41, 'S14741', 1657, 'A00516_0209', '2021-08-17', 'Illumina HiSeq 2500 PE125', 'SureSelect Custom DNA Target', TRUE, 151, NULL),
(42, 43, 42, 'S14742', 1658, 'A00516_0210', '2021-08-17', 'Illumina HiSeq 2500 PE125', 'SureSelect Custom DNA Target', TRUE, 151, NULL),
(43, 41, 43, 'S14743', 1659, 'A00516_0211', '2021-08-17', 'Illumina HiSeq 2500 PE125', 'SureSelect Custom DNA Target', TRUE, 151, NULL),
(44, 44, 44, 'S14744', 1660, 'A00516_0212', '2021-08-17', 'Illumina HiSeq 2500 PE125', 'SureSelect Custom DNA Target', TRUE, 151, NULL),
(45, 46, 45, 'S14745', 1661, 'A00516_0213', '2021-08-17', 'Illumina HiSeq 2500 PE125', 'SureSelect Custom DNA Target', TRUE, 151, NULL),
(46, 45, 46, 'S14746', 1662, 'A00516_0214', '2021-08-17', 'Illumina HiSeq 2500 PE125', 'SureSelect Custom DNA Target', TRUE, 151, NULL),
(47, 47, 47, 'S14747', 1663, 'A00516_0215', '2021-08-17', 'Illumina HiSeq 2500 PE125', 'SureSelect Custom DNA Target', TRUE, 151, NULL),
(48, 49, 48, 'S14748', 1664, 'A00516_0216', '2021-08-17', 'Illumina HiSeq 2500 PE125', 'SureSelect Custom DNA Target', TRUE, 151, NULL),
(49, 48, 49, 'S14749', 1665, 'A00516_0217', '2021-08-17', 'Illumina HiSeq 2500 PE125', 'SureSelect Custom DNA Target', TRUE, 151, NULL),
(50, 50, 50, 'S14750', 1666, 'A00516_0218', '2021-08-17', 'Illumina HiSeq 2500 PE125', 'SureSelect Custom DNA Target', TRUE, 151, NULL),
(51, 51, 51, 'S14751', 1667, 'A00516_0219', '2021-08-17', 'Illumina HiSeq 2500 PE125', 'SureSelect Custom DNA Target', TRUE, 151, NULL),
(52, 52, 52, 'S14752', 1668, 'A00516_0220', '2021-08-17', 'Illumina HiSeq 2500 PE125', 'SureSelect Custom DNA Target', TRUE, 151, NULL),
(53, 55, 53, 'S14756', 1669, 'A00516_0221', '2021-08-17', 'Illumina HiSeq 2500 PE125', 'SureSelect Custom DNA Target', TRUE, 151, NULL),
(54, 53, 54, 'S14757', 1670, 'A00516_0222', '2021-08-17', 'Illumina HiSeq 2500 PE125', 'SureSelect Custom DNA Target', TRUE, 151, NULL),
(55, 54, 55, 'S14758', 1671, 'A00516_0223', '2021-08-17', 'Illumina HiSeq 2500 PE125', 'SureSelect Custom DNA Target', TRUE, 151, NULL),
(56, 58, 56, 'S14786', 1672, 'A00516_0224', '2021-08-17', 'Illumina HiSeq 2500 PE125', 'SureSelect Custom DNA Target', TRUE, 151, NULL),
(57, 57, 57, 'S14787', 1673, 'A00516_0225', '2021-08-17', 'Illumina HiSeq 2500 PE125', 'SureSelect Custom DNA Target', TRUE, 151, NULL),
(58, 56, 58, 'S14788', 1674, 'A00516_0226', '2021-08-17', 'Illumina HiSeq 2500 PE125', 'SureSelect Custom DNA Target', TRUE, 151, NULL),
(59, 60, 59, 'S14857', 1675, 'A00516_0227', '2021-08-17', 'Illumina HiSeq 2500 PE125', 'SureSelect Custom DNA Target', TRUE, 151, NULL),
(60, 61, 60, 'S14858', 1676, 'A00516_0228', '2021-08-17', 'Illumina HiSeq 2500 PE125', 'SureSelect Custom DNA Target', TRUE, 151, NULL),
(61, 59, 61, 'S14859', 1677, 'A00516_0229', '2021-08-17', 'Illumina HiSeq 2500 PE125', 'SureSelect Custom DNA Target', TRUE, 151, NULL)
ON CONFLICT (id) DO NOTHING;

    
-- Task

INSERT INTO "task" (
    id,
    task_catalog_id,
    performer_org_id,
    created_on,
    updated_on
) VALUES
(1, 5, 6, '2021-10-12T13:08:00-04:00'::timestamp, '2021-10-12T13:08:00-04:00'::timestamp),
(2, 5, 6, '2021-10-12T13:08:00-04:00'::timestamp, '2021-10-12T13:08:00-04:00'::timestamp),
(3, 5, 6, '2021-10-12T13:08:00-04:00'::timestamp, '2021-10-12T13:08:00-04:00'::timestamp),
(4, 5, 6, '2021-10-12T13:08:00-04:00'::timestamp, '2021-10-12T13:08:00-04:00'::timestamp),
(5, 5, 6, '2021-10-12T13:08:00-04:00'::timestamp, '2021-10-12T13:08:00-04:00'::timestamp),
(6, 5, 6, '2021-10-12T13:08:00-04:00'::timestamp, '2021-10-12T13:08:00-04:00'::timestamp),
(7, 5, 6, '2021-10-12T13:08:00-04:00'::timestamp, '2021-10-12T13:08:00-04:00'::timestamp),
(8, 5, 6, '2021-10-12T13:08:00-04:00'::timestamp, '2021-10-12T13:08:00-04:00'::timestamp),
(9, 5, 6, '2021-10-12T13:08:00-04:00'::timestamp, '2021-10-12T13:08:00-04:00'::timestamp),
(10, 5, 6, '2021-10-12T13:08:00-04:00'::timestamp, '2021-10-12T13:08:00-04:00'::timestamp),
(11, 5, 6, '2021-10-12T13:08:00-04:00'::timestamp, '2021-10-12T13:08:00-04:00'::timestamp),
(12, 5, 6, '2021-10-12T13:08:00-04:00'::timestamp, '2021-10-12T13:08:00-04:00'::timestamp),
(13, 5, 6, '2021-10-12T13:08:00-04:00'::timestamp, '2021-10-12T13:08:00-04:00'::timestamp),
(14, 5, 6, '2021-10-12T13:08:00-04:00'::timestamp, '2021-10-12T13:08:00-04:00'::timestamp),
(15, 5, 6, '2021-10-12T13:08:00-04:00'::timestamp, '2021-10-12T13:08:00-04:00'::timestamp),
(16, 5, 6, '2021-10-12T13:08:00-04:00'::timestamp, '2021-10-12T13:08:00-04:00'::timestamp),
(17, 5, 6, '2021-10-12T13:08:00-04:00'::timestamp, '2021-10-12T13:08:00-04:00'::timestamp),
(18, 5, 6, '2021-10-12T13:08:00-04:00'::timestamp, '2021-10-12T13:08:00-04:00'::timestamp),
(19, 5, 6, '2021-10-12T13:08:00-04:00'::timestamp, '2021-10-12T13:08:00-04:00'::timestamp),
(20, 5, 6, '2021-10-12T13:08:00-04:00'::timestamp, '2021-10-12T13:08:00-04:00'::timestamp),
(21, 5, 6, '2021-10-12T13:08:00-04:00'::timestamp, '2021-10-12T13:08:00-04:00'::timestamp),
(22, 5, 6, '2021-10-12T13:08:00-04:00'::timestamp, '2021-10-12T13:08:00-04:00'::timestamp),
(23, 5, 6, '2021-10-12T13:08:00-04:00'::timestamp, '2021-10-12T13:08:00-04:00'::timestamp),
(24, 5, 6, '2021-10-12T13:08:00-04:00'::timestamp, '2021-10-12T13:08:00-04:00'::timestamp),
(25, 5, 6, '2021-10-12T13:08:00-04:00'::timestamp, '2021-10-12T13:08:00-04:00'::timestamp),
(26, 5, 6, '2021-10-12T13:08:00-04:00'::timestamp, '2021-10-12T13:08:00-04:00'::timestamp),
(27, 5, 6, '2021-10-12T13:08:00-04:00'::timestamp, '2021-10-12T13:08:00-04:00'::timestamp),
(28, 5, 6, '2021-10-12T13:08:00-04:00'::timestamp, '2021-10-12T13:08:00-04:00'::timestamp),
(29, 5, 6, '2021-10-12T13:08:00-04:00'::timestamp, '2021-10-12T13:08:00-04:00'::timestamp),
(30, 5, 6, '2021-10-12T13:08:00-04:00'::timestamp, '2021-10-12T13:08:00-04:00'::timestamp),
(31, 5, 6, '2021-10-12T13:08:00-04:00'::timestamp, '2021-10-12T13:08:00-04:00'::timestamp),
(32, 5, 6, '2021-10-12T13:08:00-04:00'::timestamp, '2021-10-12T13:08:00-04:00'::timestamp),
(33, 5, 6, '2021-10-12T13:08:00-04:00'::timestamp, '2021-10-12T13:08:00-04:00'::timestamp),
(34, 5, 6, '2021-10-12T13:08:00-04:00'::timestamp, '2021-10-12T13:08:00-04:00'::timestamp),
(35, 5, 6, '2021-10-12T13:08:00-04:00'::timestamp, '2021-10-12T13:08:00-04:00'::timestamp),
(36, 5, 6, '2021-10-12T13:08:00-04:00'::timestamp, '2021-10-12T13:08:00-04:00'::timestamp),
(37, 5, 6, '2021-10-12T13:08:00-04:00'::timestamp, '2021-10-12T13:08:00-04:00'::timestamp),
(38, 5, 6, '2021-10-12T13:08:00-04:00'::timestamp, '2021-10-12T13:08:00-04:00'::timestamp),
(39, 5, 6, '2021-10-12T13:08:00-04:00'::timestamp, '2021-10-12T13:08:00-04:00'::timestamp),
(40, 5, 6, '2021-10-12T13:08:00-04:00'::timestamp, '2021-10-12T13:08:00-04:00'::timestamp),
(41, 5, 6, '2021-10-12T13:08:00-04:00'::timestamp, '2021-10-12T13:08:00-04:00'::timestamp),
(42, 5, 6, '2021-10-12T13:08:00-04:00'::timestamp, '2021-10-12T13:08:00-04:00'::timestamp),
(43, 5, 6, '2021-10-12T13:08:00-04:00'::timestamp, '2021-10-12T13:08:00-04:00'::timestamp),
(44, 5, 6, '2021-10-12T13:08:00-04:00'::timestamp, '2021-10-12T13:08:00-04:00'::timestamp),
(45, 5, 6, '2021-10-12T13:08:00-04:00'::timestamp, '2021-10-12T13:08:00-04:00'::timestamp),
(46, 5, 6, '2021-10-12T13:08:00-04:00'::timestamp, '2021-10-12T13:08:00-04:00'::timestamp),
(47, 5, 6, '2021-10-12T13:08:00-04:00'::timestamp, '2021-10-12T13:08:00-04:00'::timestamp),
(48, 5, 6, '2021-10-12T13:08:00-04:00'::timestamp, '2021-10-12T13:08:00-04:00'::timestamp),
(49, 5, 6, '2021-10-12T13:08:00-04:00'::timestamp, '2021-10-12T13:08:00-04:00'::timestamp),
(50, 5, 6, '2021-10-12T13:08:00-04:00'::timestamp, '2021-10-12T13:08:00-04:00'::timestamp),
(51, 5, 6, '2021-10-12T13:08:00-04:00'::timestamp, '2021-10-12T13:08:00-04:00'::timestamp),
(52, 5, 6, '2021-10-12T13:08:00-04:00'::timestamp, '2021-10-12T13:08:00-04:00'::timestamp),
(53, 5, 6, '2021-10-12T13:08:00-04:00'::timestamp, '2021-10-12T13:08:00-04:00'::timestamp),
(54, 5, 6, '2021-10-12T13:08:00-04:00'::timestamp, '2021-10-12T13:08:00-04:00'::timestamp),
(55, 5, 6, '2021-10-12T13:08:00-04:00'::timestamp, '2021-10-12T13:08:00-04:00'::timestamp),
(56, 5, 6, '2021-10-12T13:08:00-04:00'::timestamp, '2021-10-12T13:08:00-04:00'::timestamp),
(57, 5, 6, '2021-10-12T13:08:00-04:00'::timestamp, '2021-10-12T13:08:00-04:00'::timestamp),
(58, 5, 6, '2021-10-12T13:08:00-04:00'::timestamp, '2021-10-12T13:08:00-04:00'::timestamp),
(59, 5, 6, '2021-10-12T13:08:00-04:00'::timestamp, '2021-10-12T13:08:00-04:00'::timestamp),
(60, 5, 6, '2021-10-12T13:08:00-04:00'::timestamp, '2021-10-12T13:08:00-04:00'::timestamp),
(61, 5, 6, '2021-10-12T13:08:00-04:00'::timestamp, '2021-10-12T13:08:00-04:00'::timestamp)
ON CONFLICT (id) DO NOTHING;


INSERT INTO "task_has_sequencing_experiments" (
    task_id,
    sequencing_experiment_id
) VALUES
(1, 1),
(2, 2),
(3, 3),
(4, 4),
(5, 5),
(6, 6),
(7, 7),
(8, 8),
(9, 9),
(10, 10),
(11, 11),
(12, 12),
(13, 13),
(14, 14),
(15, 15),
(16, 16),
(17, 17),
(18, 18),
(19, 19),
(20, 20),
(21, 21),
(22, 22),
(23, 23),
(24, 24),
(25, 25),
(26, 26),
(27, 27),
(28, 28),
(29, 29),
(30, 30),
(31, 31),
(32, 32),
(33, 33),
(34, 34),
(35, 35),
(36, 36),
(37, 37),
(38, 38),
(39, 39),
(40, 40),
(41, 41),
(42, 42),
(43, 43),
(44, 44),
(45, 45),
(46, 46),
(47, 47),
(48, 48),
(49, 49),
(50, 50),
(51, 51),
(52, 52),
(53, 53),
(54, 54),
(55, 55),
(56, 56),
(57, 57),
(58, 58),
(59, 59),
(60, 60),
(61, 61)
ON CONFLICT(task_id, sequencing_experiment_id) DO NOTHING;

INSERT INTO "task_workflows" (
    id,
    task_id,
    workflow_name,
    version,
    parameter,
    rank_in_task
) VALUES
(1, 1, 'Dragen', '4.2.4', 'build=GRch38', 1),
(2, 2, 'Dragen', '4.2.4', 'build=GRch38', 1),
(3, 3, 'Dragen', '4.2.4', 'build=GRch38', 1),
(4, 4, 'Dragen', '4.2.4', 'build=GRch38', 1),
(5, 5, 'Dragen', '4.2.4', 'build=GRch38', 1),
(6, 6, 'Dragen', '4.2.4', 'build=GRch38', 1),
(7, 7, 'Dragen', '4.2.4', 'build=GRch38', 1),
(8, 8, 'Dragen', '4.2.4', 'build=GRch38', 1),
(9, 9, 'Dragen', '4.2.4', 'build=GRch38', 1),
(10, 10, 'Dragen', '4.2.4', 'build=GRch38', 1),
(11, 11, 'Dragen', '4.2.4', 'build=GRch38', 1),
(12, 12, 'Dragen', '4.2.4', 'build=GRch38', 1),
(13, 13, 'Dragen', '4.2.4', 'build=GRch38', 1),
(14, 14, 'Dragen', '4.2.4', 'build=GRch38', 1),
(15, 15, 'Dragen', '4.2.4', 'build=GRch38', 1),
(16, 16, 'Dragen', '4.2.4', 'build=GRch38', 1),
(17, 17, 'Dragen', '4.2.4', 'build=GRch38', 1),
(18, 18, 'Dragen', '4.2.4', 'build=GRch38', 1),
(19, 19, 'Dragen', '4.2.4', 'build=GRch38', 1),
(20, 20, 'Dragen', '4.2.4', 'build=GRch38', 1),
(21, 21, 'Dragen', '4.2.4', 'build=GRch38', 1),
(22, 22, 'Dragen', '4.2.4', 'build=GRch38', 1),
(23, 23, 'Dragen', '4.2.4', 'build=GRch38', 1),
(24, 24, 'Dragen', '4.2.4', 'build=GRch38', 1),
(25, 25, 'Dragen', '4.2.4', 'build=GRch38', 1),
(26, 26, 'Dragen', '4.2.4', 'build=GRch38', 1),
(27, 27, 'Dragen', '4.2.4', 'build=GRch38', 1),
(28, 28, 'Dragen', '4.2.4', 'build=GRch38', 1),
(29, 29, 'Dragen', '4.2.4', 'build=GRch38', 1),
(30, 30, 'Dragen', '4.2.4', 'build=GRch38', 1),
(31, 31, 'Dragen', '4.2.4', 'build=GRch38', 1),
(32, 32, 'Dragen', '4.2.4', 'build=GRch38', 1),
(33, 33, 'Dragen', '4.2.4', 'build=GRch38', 1),
(34, 34, 'Dragen', '4.2.4', 'build=GRch38', 1),
(35, 35, 'Dragen', '4.2.4', 'build=GRch38', 1),
(36, 36, 'Dragen', '4.2.4', 'build=GRch38', 1),
(37, 37, 'Dragen', '4.2.4', 'build=GRch38', 1),
(38, 38, 'Dragen', '4.2.4', 'build=GRch38', 1),
(39, 39, 'Dragen', '4.2.4', 'build=GRch38', 1),
(40, 40, 'Dragen', '4.2.4', 'build=GRch38', 1),
(41, 41, 'Dragen', '4.2.4', 'build=GRch38', 1),
(42, 42, 'Dragen', '4.2.4', 'build=GRch38', 1),
(43, 43, 'Dragen', '4.2.4', 'build=GRch38', 1),
(44, 44, 'Dragen', '4.2.4', 'build=GRch38', 1),
(45, 45, 'Dragen', '4.2.4', 'build=GRch38', 1),
(46, 46, 'Dragen', '4.2.4', 'build=GRch38', 1),
(47, 47, 'Dragen', '4.2.4', 'build=GRch38', 1),
(48, 48, 'Dragen', '4.2.4', 'build=GRch38', 1),
(49, 49, 'Dragen', '4.2.4', 'build=GRch38', 1),
(50, 50, 'Dragen', '4.2.4', 'build=GRch38', 1),
(51, 51, 'Dragen', '4.2.4', 'build=GRch38', 1),
(52, 52, 'Dragen', '4.2.4', 'build=GRch38', 1),
(53, 53, 'Dragen', '4.2.4', 'build=GRch38', 1),
(54, 54, 'Dragen', '4.2.4', 'build=GRch38', 1),
(55, 55, 'Dragen', '4.2.4', 'build=GRch38', 1),
(56, 56, 'Dragen', '4.2.4', 'build=GRch38', 1),
(57, 57, 'Dragen', '4.2.4', 'build=GRch38', 1),
(58, 58, 'Dragen', '4.2.4', 'build=GRch38', 1),
(59, 59, 'Dragen', '4.2.4', 'build=GRch38', 1),
(60, 60, 'Dragen', '4.2.4', 'build=GRch38', 1),
(61, 61, 'Dragen', '4.2.4', 'build=GRch38', 1),
(62, 1, 'Nexflow Variant Annotation', '1.2', NULL, 2),
(63, 2, 'Nexflow Variant Annotation', '1.2', NULL, 2),
(64, 3, 'Nexflow Variant Annotation', '1.2', NULL, 2),
(65, 4, 'Nexflow Variant Annotation', '1.2', NULL, 2),
(66, 5, 'Nexflow Variant Annotation', '1.2', NULL, 2),
(67, 6, 'Nexflow Variant Annotation', '1.2', NULL, 2),
(68, 7, 'Nexflow Variant Annotation', '1.2', NULL, 2),
(69, 8, 'Nexflow Variant Annotation', '1.2', NULL, 2),
(70, 9, 'Nexflow Variant Annotation', '1.2', NULL, 2),
(71, 10, 'Nexflow Variant Annotation', '1.2', NULL, 2),
(72, 11, 'Nexflow Variant Annotation', '1.2', NULL, 2),
(73, 12, 'Nexflow Variant Annotation', '1.2', NULL, 2),
(74, 13, 'Nexflow Variant Annotation', '1.2', NULL, 2),
(75, 14, 'Nexflow Variant Annotation', '1.2', NULL, 2),
(76, 15, 'Nexflow Variant Annotation', '1.2', NULL, 2),
(77, 16, 'Nexflow Variant Annotation', '1.2', NULL, 2),
(78, 17, 'Nexflow Variant Annotation', '1.2', NULL, 2),
(79, 18, 'Nexflow Variant Annotation', '1.2', NULL, 2),
(80, 19, 'Nexflow Variant Annotation', '1.2', NULL, 2),
(81, 20, 'Nexflow Variant Annotation', '1.2', NULL, 2),
(82, 21, 'Nexflow Variant Annotation', '1.2', NULL, 2),
(83, 22, 'Nexflow Variant Annotation', '1.2', NULL, 2),
(84, 23, 'Nexflow Variant Annotation', '1.2', NULL, 2),
(85, 24, 'Nexflow Variant Annotation', '1.2', NULL, 2),
(86, 25, 'Nexflow Variant Annotation', '1.2', NULL, 2),
(87, 26, 'Nexflow Variant Annotation', '1.2', NULL, 2),
(88, 27, 'Nexflow Variant Annotation', '1.2', NULL, 2),
(89, 28, 'Nexflow Variant Annotation', '1.2', NULL, 2),
(90, 29, 'Nexflow Variant Annotation', '1.2', NULL, 2),
(91, 30, 'Nexflow Variant Annotation', '1.2', NULL, 2),
(92, 31, 'Nexflow Variant Annotation', '1.2', NULL, 2),
(93, 32, 'Nexflow Variant Annotation', '1.2', NULL, 2),
(94, 33, 'Nexflow Variant Annotation', '1.2', NULL, 2),
(95, 34, 'Nexflow Variant Annotation', '1.2', NULL, 2),
(96, 35, 'Nexflow Variant Annotation', '1.2', NULL, 2),
(97, 36, 'Nexflow Variant Annotation', '1.2', NULL, 2),
(98, 37, 'Nexflow Variant Annotation', '1.2', NULL, 2),
(99, 38, 'Nexflow Variant Annotation', '1.2', NULL, 2),
(100, 39, 'Nexflow Variant Annotation', '1.2', NULL, 2),
(101, 40, 'Nexflow Variant Annotation', '1.2', NULL, 2),
(102, 41, 'Nexflow Variant Annotation', '1.2', NULL, 2),
(103, 42, 'Nexflow Variant Annotation', '1.2', NULL, 2),
(104, 43, 'Nexflow Variant Annotation', '1.2', NULL, 2),
(105, 44, 'Nexflow Variant Annotation', '1.2', NULL, 2),
(106, 45, 'Nexflow Variant Annotation', '1.2', NULL, 2),
(107, 46, 'Nexflow Variant Annotation', '1.2', NULL, 2),
(108, 47, 'Nexflow Variant Annotation', '1.2', NULL, 2),
(109, 48, 'Nexflow Variant Annotation', '1.2', NULL, 2),
(110, 49, 'Nexflow Variant Annotation', '1.2', NULL, 2),
(111, 50, 'Nexflow Variant Annotation', '1.2', NULL, 2),
(112, 51, 'Nexflow Variant Annotation', '1.2', NULL, 2),
(113, 52, 'Nexflow Variant Annotation', '1.2', NULL, 2),
(114, 53, 'Nexflow Variant Annotation', '1.2', NULL, 2),
(115, 54, 'Nexflow Variant Annotation', '1.2', NULL, 2),
(116, 55, 'Nexflow Variant Annotation', '1.2', NULL, 2),
(117, 56, 'Nexflow Variant Annotation', '1.2', NULL, 2),
(118, 57, 'Nexflow Variant Annotation', '1.2', NULL, 2),
(119, 58, 'Nexflow Variant Annotation', '1.2', NULL, 2),
(120, 59, 'Nexflow Variant Annotation', '1.2', NULL, 2),
(121, 60, 'Nexflow Variant Annotation', '1.2', NULL, 2),
(122, 61, 'Nexflow Variant Annotation', '1.2', NULL, 2)
ON CONFLICT(ID) DO NOTHING;


INSERT INTO "document" (
    id,
    file_name,
    data_category,
    data_type,
    format,
    size,
    url,
    hash,
    custodian_id,
    created_on
) VALUES
(1, 'FI0037662.S13230.cram', 'genomic', 'alignment', 'cram', 110187385978, 's3://cqdg-prod-file-workspace/sarek/preprocessing/', '5d41402abc4b2a76b9719d911017c592', 6, '2021-10-12T13:08:00-04:00'::timestamp),
(2, 'FI0037662.S13230.cram.crai', 'genomic', 'alignment', 'crai', 2453667, 's3://cqdg-prod-file-workspace/sarek/preprocessing/', '5d41402abc4b2a76b9719d911017c593', 6, '2021-10-12T13:08:00-04:00'::timestamp),
(3, 'FI0037665.S13228.cram', 'genomic', 'alignment', 'cram', 109940425359, 's3://cqdg-prod-file-workspace/sarek/preprocessing/', '5d41402abc4b2a76b9719d911017c594', 6, '2021-10-12T13:08:00-04:00'::timestamp),
(4, 'FI0037665.S13228.cram.crai', 'genomic', 'alignment', 'crai', 2527068, 's3://cqdg-prod-file-workspace/sarek/preprocessing/', '5d41402abc4b2a76b9719d911017c595', 6, '2021-10-12T13:08:00-04:00'::timestamp),
(5, 'FI0037681.S14748.cram', 'genomic', 'alignment', 'cram', 81937238589, 's3://cqdg-prod-file-workspace/sarek/preprocessing/', '5d41402abc4b2a76b9719d911017c596', 6, '2021-10-12T13:08:00-04:00'::timestamp),
(6, 'FI0037681.S14748.cram.crai', 'genomic', 'alignment', 'crai', 2065694, 's3://cqdg-prod-file-workspace/sarek/preprocessing/', '5d41402abc4b2a76b9719d911017c597', 6, '2021-10-12T13:08:00-04:00'::timestamp),
(7, 'FI0037690.S14746.cram', 'genomic', 'alignment', 'cram', 96668976414, 's3://cqdg-prod-file-workspace/sarek/preprocessing/', '5d41402abc4b2a76b9719d911017c598', 6, '2021-10-12T13:08:00-04:00'::timestamp),
(8, 'FI0037690.S14746.cram.crai', 'genomic', 'alignment', 'crai', 2663383, 's3://cqdg-prod-file-workspace/sarek/preprocessing/', '5d41402abc4b2a76b9719d911017c599', 6, '2021-10-12T13:08:00-04:00'::timestamp),
(9, 'FI0037693.S14750.cram', 'genomic', 'alignment', 'cram', 90387586744, 's3://cqdg-prod-file-workspace/sarek/preprocessing/', '5d41402abc4b2a76b9719d911017c600', 6, '2021-10-12T13:08:00-04:00'::timestamp),
(10, 'FI0037693.S14750.cram.crai', 'genomic', 'alignment', 'crai', 2380267, 's3://cqdg-prod-file-workspace/sarek/preprocessing/', '5d41402abc4b2a76b9719d911017c601', 6, '2021-10-12T13:08:00-04:00'::timestamp),
(11, 'FI0037694.S13231.cram', 'genomic', 'alignment', 'cram', 110241073070, 's3://cqdg-prod-file-workspace/sarek/preprocessing/', '5d41402abc4b2a76b9719d911017c602', 6, '2021-10-12T13:08:00-04:00'::timestamp),
(12, 'FI0037694.S13231.cram.crai', 'genomic', 'alignment', 'crai', 2548039, 's3://cqdg-prod-file-workspace/sarek/preprocessing/', '5d41402abc4b2a76b9719d911017c603', 6, '2021-10-12T13:08:00-04:00'::timestamp),
(13, 'FI0037695.S14692.cram', 'genomic', 'alignment', 'cram', 100920994037, 's3://cqdg-prod-file-workspace/sarek/preprocessing/', '5d41402abc4b2a76b9719d911017c604', 6, '2021-10-12T13:08:00-04:00'::timestamp),
(14, 'FI0037695.S14692.cram.crai', 'genomic', 'alignment', 'crai', 2128609, 's3://cqdg-prod-file-workspace/sarek/preprocessing/', '5d41402abc4b2a76b9719d911017c605', 6, '2021-10-12T13:08:00-04:00'::timestamp),
(15, 'FI0037698.S13238.cram', 'genomic', 'alignment', 'cram', 115491670589, 's3://cqdg-prod-file-workspace/sarek/preprocessing/', '5d41402abc4b2a76b9719d911017c606', 6, '2021-10-12T13:08:00-04:00'::timestamp),
(16, 'FI0037698.S13238.cram.crai', 'genomic', 'alignment', 'crai', 2820669, 's3://cqdg-prod-file-workspace/sarek/preprocessing/', '5d41402abc4b2a76b9719d911017c607', 6, '2021-10-12T13:08:00-04:00'::timestamp),
(17, 'FI0037699.S14743.cram', 'genomic', 'alignment', 'cram', 85308787916, 's3://cqdg-prod-file-workspace/sarek/preprocessing/', '5d41402abc4b2a76b9719d911017c608', 6, '2021-10-12T13:08:00-04:00'::timestamp),
(18, 'FI0037699.S14743.cram.crai', 'genomic', 'alignment', 'crai', 2306867, 's3://cqdg-prod-file-workspace/sarek/preprocessing/', '5d41402abc4b2a76b9719d911017c609', 6, '2021-10-12T13:08:00-04:00'::timestamp),
(19, 'FI0037700.S14732.cram', 'genomic', 'alignment', 'cram', 119035018608, 's3://cqdg-prod-file-workspace/sarek/preprocessing/', '5d41402abc4b2a76b9719d911017c610', 6, '2021-10-12T13:08:00-04:00'::timestamp),
(20, 'FI0037700.S14732.cram.crai', 'genomic', 'alignment', 'crai', 2537553, 's3://cqdg-prod-file-workspace/sarek/preprocessing/', '5d41402abc4b2a76b9719d911017c611', 6, '2021-10-12T13:08:00-04:00'::timestamp),
(21, 'FI0037702.S13229.cram', 'genomic', 'alignment', 'cram', 91235842785, 's3://cqdg-prod-file-workspace/sarek/preprocessing/', '5d41402abc4b2a76b9719d911017c612', 6, '2021-10-12T13:08:00-04:00'::timestamp),
(22, 'FI0037702.S13229.cram.crai', 'genomic', 'alignment', 'crai', 2002780, 's3://cqdg-prod-file-workspace/sarek/preprocessing/', '5d41402abc4b2a76b9719d911017c613', 6, '2021-10-12T13:08:00-04:00'::timestamp),
(23, 'FI0037704.S13232.cram', 'genomic', 'alignment', 'cram', 107911053312, 's3://cqdg-prod-file-workspace/sarek/preprocessing/', '5d41402abc4b2a76b9719d911017c614', 6, '2021-10-12T13:08:00-04:00'::timestamp),
(24, 'FI0037704.S13232.cram.crai', 'genomic', 'alignment', 'crai', 2348810, 's3://cqdg-prod-file-workspace/sarek/preprocessing/', '5d41402abc4b2a76b9719d911017c615', 6, '2021-10-12T13:08:00-04:00'::timestamp),
(25, 'FI0037707.S14135.cram', 'genomic', 'alignment', 'cram', 96239479685, 's3://cqdg-prod-file-workspace/sarek/preprocessing/', '5d41402abc4b2a76b9719d911017c616', 6, '2021-10-12T13:08:00-04:00'::timestamp),
(26, 'FI0037707.S14135.cram.crai', 'genomic', 'alignment', 'crai', 2747269, 's3://cqdg-prod-file-workspace/sarek/preprocessing/', '5d41402abc4b2a76b9719d911017c617', 6, '2021-10-12T13:08:00-04:00'::timestamp),
(27, 'NA12878.recal.cram', 'genomic', 'alignment', 'cram', 118444460605, 's3://cqdg-prod-file-workspace/sarek/preprocessing/recalibrated/NA12878/NA12878.recal.cram', '5d41402abc4b2a76b9719d911017c618', 6, '2021-10-12T13:08:00-04:00'::timestamp),
(28, 'NA12878.recal.crai', 'genomic', 'alignment', 'crai', 2579496, 's3://cqdg-prod-file-workspace/sarek/preprocessing/recalibrated/NA12878/NA12878.recal.crai', '5d41402abc4b2a76b9719d911017c619', 6, '2021-10-12T13:08:00-04:00'::timestamp),
(29, 'FI0037713.S14752.cram', 'genomic', 'alignment', 'cram', 81615116042, 's3://cqdg-prod-file-workspace/sarek/preprocessing/', '5d41402abc4b2a76b9719d911017c620', 6, '2021-10-12T13:08:00-04:00'::timestamp),
(30, 'FI0037713.S14752.cram.crai', 'genomic', 'alignment', 'crai', 2327838, 's3://cqdg-prod-file-workspace/sarek/preprocessing/', '5d41402abc4b2a76b9719d911017c621', 6, '2021-10-12T13:08:00-04:00'::timestamp),
(31, 'FI0037715.S14788.cram', 'genomic', 'alignment', 'cram', 82302310809, 's3://cqdg-prod-file-workspace/sarek/preprocessing/', '5d41402abc4b2a76b9719d911017c622', 6, '2021-10-12T13:08:00-04:00'::timestamp),
(32, 'FI0037715.S14788.cram.crai', 'genomic', 'alignment', 'crai', 2254438, 's3://cqdg-prod-file-workspace/sarek/preprocessing/', '5d41402abc4b2a76b9719d911017c623', 6, '2021-10-12T13:08:00-04:00'::timestamp),
(33, 'FI0037721.S13236.cram', 'genomic', 'alignment', 'cram', 72434623447, 's3://cqdg-prod-file-workspace/sarek/preprocessing/', '5d41402abc4b2a76b9719d911017c624', 6, '2021-10-12T13:08:00-04:00'::timestamp),
(34, 'FI0037721.S13236.cram.crai', 'genomic', 'alignment', 'crai', 1855979, 's3://cqdg-prod-file-workspace/sarek/preprocessing/', '5d41402abc4b2a76b9719d911017c625', 6, '2021-10-12T13:08:00-04:00'::timestamp),
(35, 'FI0037722.S14132.cram', 'genomic', 'alignment', 'cram', 72252087336, 's3://cqdg-prod-file-workspace/sarek/preprocessing/', '5d41402abc4b2a76b9719d911017c626', 6, '2021-10-12T13:08:00-04:00'::timestamp),
(36, 'FI0037722.S14132.cram.crai', 'genomic', 'alignment', 'crai', 2264924, 's3://cqdg-prod-file-workspace/sarek/preprocessing/', '5d41402abc4b2a76b9719d911017c627', 6, '2021-10-12T13:08:00-04:00'::timestamp),
(37, 'FI0037724.S14730.cram', 'genomic', 'alignment', 'cram', 107320495308, 's3://cqdg-prod-file-workspace/sarek/preprocessing/', '5d41402abc4b2a76b9719d911017c628', 6, '2021-10-12T13:08:00-04:00'::timestamp),
(38, 'FI0037724.S14730.cram.crai', 'genomic', 'alignment', 'crai', 2306867, 's3://cqdg-prod-file-workspace/sarek/preprocessing/', '5d41402abc4b2a76b9719d911017c629', 6, '2021-10-12T13:08:00-04:00'::timestamp),
(39, 'FI0037725.S14030.cram', 'genomic', 'alignment', 'cram', 107245333381, 's3://cqdg-prod-file-workspace/sarek/preprocessing/', '5d41402abc4b2a76b9719d911017c630', 6, '2021-10-12T13:08:00-04:00'::timestamp),
(40, 'FI0037725.S14030.cram.crai', 'genomic', 'alignment', 'crai', 2264924, 's3://cqdg-prod-file-workspace/sarek/preprocessing/', '5d41402abc4b2a76b9719d911017c631', 6, '2021-10-12T13:08:00-04:00'::timestamp),
(41, 'FI0037727.S14751.cram', 'genomic', 'alignment', 'cram', 89227945574, 's3://cqdg-prod-file-workspace/sarek/preprocessing/', '5d41402abc4b2a76b9719d911017c632', 6, '2021-10-12T13:08:00-04:00'::timestamp),
(42, 'FI0037727.S14751.cram.crai', 'genomic', 'alignment', 'crai', 2589982, 's3://cqdg-prod-file-workspace/sarek/preprocessing/', '5d41402abc4b2a76b9719d911017c633', 6, '2021-10-12T13:08:00-04:00'::timestamp),
(43, 'FI0037729.S14133.cram', 'genomic', 'alignment', 'cram', 82431159828, 's3://cqdg-prod-file-workspace/sarek/preprocessing/', '5d41402abc4b2a76b9719d911017c634', 6, '2021-10-12T13:08:00-04:00'::timestamp),
(44, 'FI0037729.S14133.cram.crai', 'genomic', 'alignment', 'crai', 2558525, 's3://cqdg-prod-file-workspace/sarek/preprocessing/', '5d41402abc4b2a76b9719d911017c635', 6, '2021-10-12T13:08:00-04:00'::timestamp),
(45, 'FI0037731.S14756.cram', 'genomic', 'alignment', 'cram', 90774133800, 's3://cqdg-prod-file-workspace/sarek/preprocessing/', '5d41402abc4b2a76b9719d911017c636', 6, '2021-10-12T13:08:00-04:00'::timestamp),
(46, 'FI0037731.S14756.cram.crai', 'genomic', 'alignment', 'crai', 2537553, 's3://cqdg-prod-file-workspace/sarek/preprocessing/', '5d41402abc4b2a76b9719d911017c637', 6, '2021-10-12T13:08:00-04:00'::timestamp),
(47, 'FI0037732.S14857.cram', 'genomic', 'alignment', 'cram', 102778567393, 's3://cqdg-prod-file-workspace/sarek/preprocessing/', '5d41402abc4b2a76b9719d911017c638', 6, '2021-10-12T13:08:00-04:00'::timestamp),
(48, 'FI0037732.S14857.cram.crai', 'genomic', 'alignment', 'crai', 2222981, 's3://cqdg-prod-file-workspace/sarek/preprocessing/', '5d41402abc4b2a76b9719d911017c639', 6, '2021-10-12T13:08:00-04:00'::timestamp),
(49, 'FI0037733.S14758.cram', 'genomic', 'alignment', 'cram', 76203457249, 's3://cqdg-prod-file-workspace/sarek/preprocessing/', '5d41402abc4b2a76b9719d911017c640', 6, '2021-10-12T13:08:00-04:00'::timestamp),
(50, 'FI0037733.S14758.cram.crai', 'genomic', 'alignment', 'crai', 2076180, 's3://cqdg-prod-file-workspace/sarek/preprocessing/', '5d41402abc4b2a76b9719d911017c641', 6, '2021-10-12T13:08:00-04:00'::timestamp),
(51, 'FI0037734.S14050.cram', 'genomic', 'alignment', 'cram', 112936165048, 's3://cqdg-prod-file-workspace/sarek/preprocessing/', '5d41402abc4b2a76b9719d911017c642', 6, '2021-10-12T13:08:00-04:00'::timestamp),
(52, 'FI0037734.S14050.cram.crai', 'genomic', 'alignment', 'crai', 2485125, 's3://cqdg-prod-file-workspace/sarek/preprocessing/', '5d41402abc4b2a76b9719d911017c643', 6, '2021-10-12T13:08:00-04:00'::timestamp),
(53, 'FI0037738.S14131.cram', 'genomic', 'alignment', 'cram', 79392470466, 's3://cqdg-prod-file-workspace/sarek/preprocessing/', '5d41402abc4b2a76b9719d911017c644', 6, '2021-10-12T13:08:00-04:00'::timestamp),
(54, 'FI0037738.S14131.cram.crai', 'genomic', 'alignment', 'crai', 2390753, 's3://cqdg-prod-file-workspace/sarek/preprocessing/', '5d41402abc4b2a76b9719d911017c645', 6, '2021-10-12T13:08:00-04:00'::timestamp),
(55, 'FI0037745.S14711.cram', 'genomic', 'alignment', 'cram', 110477296271, 's3://cqdg-prod-file-workspace/sarek/preprocessing/', '5d41402abc4b2a76b9719d911017c646', 6, '2021-10-12T13:08:00-04:00'::timestamp),
(56, 'FI0037745.S14711.cram.crai', 'genomic', 'alignment', 'crai', 2359296, 's3://cqdg-prod-file-workspace/sarek/preprocessing/', '5d41402abc4b2a76b9719d911017c647', 6, '2021-10-12T13:08:00-04:00'::timestamp),
(57, 'FI0037747.S14138.cram', 'genomic', 'alignment', 'cram', 87381109637, 's3://cqdg-prod-file-workspace/sarek/preprocessing/', '5d41402abc4b2a76b9719d911017c648', 6, '2021-10-12T13:08:00-04:00'::timestamp),
(58, 'FI0037747.S14138.cram.crai', 'genomic', 'alignment', 'crai', 2369781, 's3://cqdg-prod-file-workspace/sarek/preprocessing/', '5d41402abc4b2a76b9719d911017c649', 6, '2021-10-12T13:08:00-04:00'::timestamp),
(59, 'FI0037755.S14858.cram', 'genomic', 'alignment', 'cram', 103970420817, 's3://cqdg-prod-file-workspace/sarek/preprocessing/', '5d41402abc4b2a76b9719d911017c650', 6, '2021-10-12T13:08:00-04:00'::timestamp),
(60, 'FI0037755.S14858.cram.crai', 'genomic', 'alignment', 'crai', 2243952, 's3://cqdg-prod-file-workspace/sarek/preprocessing/', '5d41402abc4b2a76b9719d911017c651', 6, '2021-10-12T13:08:00-04:00'::timestamp),
(61, 'NA12892.recal.cram', 'genomic', 'alignment', 'cram', 105087112314, 's3://cqdg-prod-file-workspace/sarek/preprocessing/recalibrated/NA12892/NA12892.recal.cram', '5d41402abc4b2a76b9719d911017c652', 6, '2021-10-12T13:08:00-04:00'::timestamp),
(62, 'NA12892.recal.crai', 'genomic', 'alignment', 'crai', 2474639, 's3://cqdg-prod-file-workspace/sarek/preprocessing/recalibrated/NA12892/NA12892.recal.crai', '5d41402abc4b2a76b9719d911017c653', 6, '2021-10-12T13:08:00-04:00'::timestamp),
(63, 'FI0037766.S14747.cram', 'genomic', 'alignment', 'cram', 67881958113, 's3://cqdg-prod-file-workspace/sarek/preprocessing/', '5d41402abc4b2a76b9719d911017c654', 6, '2021-10-12T13:08:00-04:00'::timestamp),
(64, 'FI0037766.S14747.cram.crai', 'genomic', 'alignment', 'crai', 1887436, 's3://cqdg-prod-file-workspace/sarek/preprocessing/', '5d41402abc4b2a76b9719d911017c655', 6, '2021-10-12T13:08:00-04:00'::timestamp),
(65, 'FI0037767.S14691.cram', 'genomic', 'alignment', 'cram', 127259880980, 's3://cqdg-prod-file-workspace/sarek/preprocessing/', '5d41402abc4b2a76b9719d911017c656', 6, '2021-10-12T13:08:00-04:00'::timestamp),
(66, 'FI0037767.S14691.cram.crai', 'genomic', 'alignment', 'crai', 2726297, 's3://cqdg-prod-file-workspace/sarek/preprocessing/', '5d41402abc4b2a76b9719d911017c657', 6, '2021-10-12T13:08:00-04:00'::timestamp),
(67, 'FI0037772.S14712.cram', 'genomic', 'alignment', 'cram', 162553774735, 's3://cqdg-prod-file-workspace/sarek/preprocessing/', '5d41402abc4b2a76b9719d911017c658', 6, '2021-10-12T13:08:00-04:00'::timestamp),
(68, 'FI0037772.S14712.cram.crai', 'genomic', 'alignment', 'crai', 3491758, 's3://cqdg-prod-file-workspace/sarek/preprocessing/', '5d41402abc4b2a76b9719d911017c659', 6, '2021-10-12T13:08:00-04:00'::timestamp),
(69, 'FI0037775.S13235.cram', 'genomic', 'alignment', 'cram', 91600915005, 's3://cqdg-prod-file-workspace/sarek/preprocessing/', '5d41402abc4b2a76b9719d911017c660', 6, '2021-10-12T13:08:00-04:00'::timestamp),
(70, 'FI0037775.S13235.cram.crai', 'genomic', 'alignment', 'crai', 2160066, 's3://cqdg-prod-file-workspace/sarek/preprocessing/', '5d41402abc4b2a76b9719d911017c661', 6, '2021-10-12T13:08:00-04:00'::timestamp),
(71, 'FI0037776.S14757.cram', 'genomic', 'alignment', 'cram', 83021717831, 's3://cqdg-prod-file-workspace/sarek/preprocessing/', '5d41402abc4b2a76b9719d911017c662', 6, '2021-10-12T13:08:00-04:00'::timestamp),
(72, 'FI0037776.S14757.cram.crai', 'genomic', 'alignment', 'crai', 2443182, 's3://cqdg-prod-file-workspace/sarek/preprocessing/', '5d41402abc4b2a76b9719d911017c663', 6, '2021-10-12T13:08:00-04:00'::timestamp),
(73, 'FI0037778.S14136.cram', 'genomic', 'alignment', 'cram', 64832531333, 's3://cqdg-prod-file-workspace/sarek/preprocessing/', '5d41402abc4b2a76b9719d911017c664', 6, '2021-10-12T13:08:00-04:00'::timestamp),
(74, 'FI0037778.S14136.cram.crai', 'genomic', 'alignment', 'crai', 1960837, 's3://cqdg-prod-file-workspace/sarek/preprocessing/', '5d41402abc4b2a76b9719d911017c665', 6, '2021-10-12T13:08:00-04:00'::timestamp),
(75, 'FI0037782.S14029.cram', 'genomic', 'alignment', 'cram', 132467528826, 's3://cqdg-prod-file-workspace/sarek/preprocessing/', '5d41402abc4b2a76b9719d911017c666', 6, '2021-10-12T13:08:00-04:00'::timestamp),
(76, 'FI0037782.S14029.cram.crai', 'genomic', 'alignment', 'crai', 2820669, 's3://cqdg-prod-file-workspace/sarek/preprocessing/', '5d41402abc4b2a76b9719d911017c667', 6, '2021-10-12T13:08:00-04:00'::timestamp),
(77, 'FI0037786.S13234.cram', 'genomic', 'alignment', 'cram', 98923834245, 's3://cqdg-prod-file-workspace/sarek/preprocessing/', '5d41402abc4b2a76b9719d911017c668', 6, '2021-10-12T13:08:00-04:00'::timestamp),
(78, 'FI0037786.S13234.cram.crai', 'genomic', 'alignment', 'crai', 2401239, 's3://cqdg-prod-file-workspace/sarek/preprocessing/', '5d41402abc4b2a76b9719d911017c669', 6, '2021-10-12T13:08:00-04:00'::timestamp),
(79, 'FI0037789.S14744.cram', 'genomic', 'alignment', 'cram', 96615289323, 's3://cqdg-prod-file-workspace/sarek/preprocessing/', '5d41402abc4b2a76b9719d911017c670', 6, '2021-10-12T13:08:00-04:00'::timestamp),
(80, 'FI0037789.S14744.cram.crai', 'genomic', 'alignment', 'crai', 2600468, 's3://cqdg-prod-file-workspace/sarek/preprocessing/', '5d41402abc4b2a76b9719d911017c671', 6, '2021-10-12T13:08:00-04:00'::timestamp),
(81, 'FI0037798.S14745.cram', 'genomic', 'alignment', 'cram', 88980984954, 's3://cqdg-prod-file-workspace/sarek/preprocessing/', '5d41402abc4b2a76b9719d911017c672', 6, '2021-10-12T13:08:00-04:00'::timestamp),
(82, 'FI0037798.S14745.cram.crai', 'genomic', 'alignment', 'crai', 2527068, 's3://cqdg-prod-file-workspace/sarek/preprocessing/', '5d41402abc4b2a76b9719d911017c673', 6, '2021-10-12T13:08:00-04:00'::timestamp),
(83, 'FI0037801.S14859.cram', 'genomic', 'alignment', 'cram', 110391396925, 's3://cqdg-prod-file-workspace/sarek/preprocessing/', '5d41402abc4b2a76b9719d911017c674', 6, '2021-10-12T13:08:00-04:00'::timestamp),
(84, 'FI0037801.S14859.cram.crai', 'genomic', 'alignment', 'crai', 2359296, 's3://cqdg-prod-file-workspace/sarek/preprocessing/', '5d41402abc4b2a76b9719d911017c675', 6, '2021-10-12T13:08:00-04:00'::timestamp),
(85, 'NA12891.recal.cram', 'genomic', 'alignment', 'cram', 104238856273, 's3://cqdg-prod-file-workspace/sarek/preprocessing/recalibrated/NA12891/NA12891.recal.cram', '5d41402abc4b2a76b9719d911017c676', 6, '2021-10-12T13:08:00-04:00'::timestamp),
(86, 'NA12891.recal.crai', 'genomic', 'alignment', 'crai', 2306867, 's3://cqdg-prod-file-workspace/sarek/preprocessing/recalibrated/NA12891/NA12891.recal.crai', '5d41402abc4b2a76b9719d911017c677', 6, '2021-10-12T13:08:00-04:00'::timestamp),
(87, 'FI0037808.S14137.cram', 'genomic', 'alignment', 'cram', 90709709291, 's3://cqdg-prod-file-workspace/sarek/preprocessing/', '5d41402abc4b2a76b9719d911017c678', 6, '2021-10-12T13:08:00-04:00'::timestamp),
(88, 'FI0037808.S14137.cram.crai', 'genomic', 'alignment', 'crai', 2443182, 's3://cqdg-prod-file-workspace/sarek/preprocessing/', '5d41402abc4b2a76b9719d911017c679', 6, '2021-10-12T13:08:00-04:00'::timestamp),
(89, 'HG00513.recal.cram', 'genomic', 'alignment', 'cram', 115212497715, 's3://cqdg-prod-file-workspace/sarek/preprocessing/recalibrated/HG00513/HG00513.recal.cram', '5d41402abc4b2a76b9719d911017c680', 6, '2021-10-12T13:08:00-04:00'::timestamp),
(90, 'HG00513.recal.crai', 'genomic', 'alignment', 'crai', 2956984, 's3://cqdg-prod-file-workspace/sarek/preprocessing/recalibrated/HG00513/HG00513.recal.crai', '5d41402abc4b2a76b9719d911017c681', 6, '2021-10-12T13:08:00-04:00'::timestamp),
(91, 'FI0037813.S14742.cram', 'genomic', 'alignment', 'cram', 85555748536, 's3://cqdg-prod-file-workspace/sarek/preprocessing/', '5d41402abc4b2a76b9719d911017c682', 6, '2021-10-12T13:08:00-04:00'::timestamp),
(92, 'FI0037813.S14742.cram.crai', 'genomic', 'alignment', 'crai', 2317352, 's3://cqdg-prod-file-workspace/sarek/preprocessing/', '5d41402abc4b2a76b9719d911017c683', 6, '2021-10-12T13:08:00-04:00'::timestamp),
(93, 'FI0037816.S14049.cram', 'genomic', 'alignment', 'cram', 101221641748, 's3://cqdg-prod-file-workspace/sarek/preprocessing/', '5d41402abc4b2a76b9719d911017c684', 6, '2021-10-12T13:08:00-04:00'::timestamp),
(94, 'FI0037816.S14049.cram.crai', 'genomic', 'alignment', 'crai', 2222981, 's3://cqdg-prod-file-workspace/sarek/preprocessing/', '5d41402abc4b2a76b9719d911017c685', 6, '2021-10-12T13:08:00-04:00'::timestamp),
(95, 'FI0037818.S13233.cram', 'genomic', 'alignment', 'cram', 91944512389, 's3://cqdg-prod-file-workspace/sarek/preprocessing/', '5d41402abc4b2a76b9719d911017c686', 6, '2021-10-12T13:08:00-04:00'::timestamp),
(96, 'FI0037818.S13233.cram.crai', 'genomic', 'alignment', 'crai', 2233466, 's3://cqdg-prod-file-workspace/sarek/preprocessing/', '5d41402abc4b2a76b9719d911017c687', 6, '2021-10-12T13:08:00-04:00'::timestamp),
(97, 'FI0037827.S14031.cram', 'genomic', 'alignment', 'cram', 132821863628, 's3://cqdg-prod-file-workspace/sarek/preprocessing/', '5d41402abc4b2a76b9719d911017c688', 6, '2021-10-12T13:08:00-04:00'::timestamp),
(98, 'FI0037827.S14031.cram.crai', 'genomic', 'alignment', 'crai', 2820669, 's3://cqdg-prod-file-workspace/sarek/preprocessing/', '5d41402abc4b2a76b9719d911017c689', 6, '2021-10-12T13:08:00-04:00'::timestamp),
(99, 'FI0037829.S13227.cram', 'genomic', 'alignment', 'cram', 88068304404, 's3://cqdg-prod-file-workspace/sarek/preprocessing/', '5d41402abc4b2a76b9719d911017c690', 6, '2021-10-12T13:08:00-04:00'::timestamp),
(100, 'FI0037829.S13227.cram.crai', 'genomic', 'alignment', 'crai', 1939865, 's3://cqdg-prod-file-workspace/sarek/preprocessing/', '5d41402abc4b2a76b9719d911017c691', 6, '2021-10-12T13:08:00-04:00'::timestamp),
(101, 'FI0037830.S14731.cram', 'genomic', 'alignment', 'cram', 107331232727, 's3://cqdg-prod-file-workspace/sarek/preprocessing/', '5d41402abc4b2a76b9719d911017c692', 6, '2021-10-12T13:08:00-04:00'::timestamp),
(102, 'FI0037830.S14731.cram.crai', 'genomic', 'alignment', 'crai', 2317352, 's3://cqdg-prod-file-workspace/sarek/preprocessing/', '5d41402abc4b2a76b9719d911017c693', 6, '2021-10-12T13:08:00-04:00'::timestamp),
(103, 'FI0037833.S14693.cram', 'genomic', 'alignment', 'cram', 124543314165, 's3://cqdg-prod-file-workspace/sarek/preprocessing/', '5d41402abc4b2a76b9719d911017c694', 6, '2021-10-12T13:08:00-04:00'::timestamp),
(104, 'FI0037833.S14693.cram.crai', 'genomic', 'alignment', 'crai', 2432696, 's3://cqdg-prod-file-workspace/sarek/preprocessing/', '5d41402abc4b2a76b9719d911017c695', 6, '2021-10-12T13:08:00-04:00'::timestamp),
(105, 'FI0037835.S13237.cram', 'genomic', 'alignment', 'cram', 83408264888, 's3://cqdg-prod-file-workspace/sarek/preprocessing/', '5d41402abc4b2a76b9719d911017c696', 6, '2021-10-12T13:08:00-04:00'::timestamp),
(106, 'FI0037835.S13237.cram.crai', 'genomic', 'alignment', 'crai', 2128609, 's3://cqdg-prod-file-workspace/sarek/preprocessing/', '5d41402abc4b2a76b9719d911017c697', 6, '2021-10-12T13:08:00-04:00'::timestamp),
(107, 'FI0037843.S14713.cram', 'genomic', 'alignment', 'cram', 112624779919, 's3://cqdg-prod-file-workspace/sarek/preprocessing/', '5d41402abc4b2a76b9719d911017c698', 6, '2021-10-12T13:08:00-04:00'::timestamp),
(108, 'FI0037843.S14713.cram.crai', 'genomic', 'alignment', 'crai', 2411724, 's3://cqdg-prod-file-workspace/sarek/preprocessing/', '5d41402abc4b2a76b9719d911017c699', 6, '2021-10-12T13:08:00-04:00'::timestamp),
(109, 'FI0037845.S14048.cram', 'genomic', 'alignment', 'cram', 131576323112, 's3://cqdg-prod-file-workspace/sarek/preprocessing/', '5d41402abc4b2a76b9719d911017c700', 6, '2021-10-12T13:08:00-04:00'::timestamp),
(110, 'FI0037845.S14048.cram.crai', 'genomic', 'alignment', 'crai', 2873098, 's3://cqdg-prod-file-workspace/sarek/preprocessing/', '5d41402abc4b2a76b9719d911017c701', 6, '2021-10-12T13:08:00-04:00'::timestamp),
(111, 'FI0037847.S14787.cram', 'genomic', 'alignment', 'cram', 102617506119, 's3://cqdg-prod-file-workspace/sarek/preprocessing/', '5d41402abc4b2a76b9719d911017c702', 6, '2021-10-12T13:08:00-04:00'::timestamp),
(112, 'FI0037847.S14787.cram.crai', 'genomic', 'alignment', 'crai', 2705326, 's3://cqdg-prod-file-workspace/sarek/preprocessing/', '5d41402abc4b2a76b9719d911017c703', 6, '2021-10-12T13:08:00-04:00'::timestamp),
(113, 'FI0037849.S14741.cram', 'genomic', 'alignment', 'cram', 87928717967, 's3://cqdg-prod-file-workspace/sarek/preprocessing/', '5d41402abc4b2a76b9719d911017c704', 6, '2021-10-12T13:08:00-04:00'::timestamp),
(114, 'FI0037849.S14741.cram.crai', 'genomic', 'alignment', 'crai', 2317352, 's3://cqdg-prod-file-workspace/sarek/preprocessing/', '5d41402abc4b2a76b9719d911017c705', 6, '2021-10-12T13:08:00-04:00'::timestamp),
(115, 'FI0037850.S14134.cram', 'genomic', 'alignment', 'cram', 98762772971, 's3://cqdg-prod-file-workspace/sarek/preprocessing/', '5d41402abc4b2a76b9719d911017c706', 6, '2021-10-12T13:08:00-04:00'::timestamp),
(116, 'FI0037850.S14134.cram.crai', 'genomic', 'alignment', 'crai', 2778726, 's3://cqdg-prod-file-workspace/sarek/preprocessing/', '5d41402abc4b2a76b9719d911017c707', 6, '2021-10-12T13:08:00-04:00'::timestamp),
(117, 'FI0037851.S14139.cram', 'genomic', 'alignment', 'cram', 84449794457, 's3://cqdg-prod-file-workspace/sarek/preprocessing/', '5d41402abc4b2a76b9719d911017c708', 6, '2021-10-12T13:08:00-04:00'::timestamp),
(118, 'FI0037851.S14139.cram.crai', 'genomic', 'alignment', 'crai', 2411724, 's3://cqdg-prod-file-workspace/sarek/preprocessing/', '5d41402abc4b2a76b9719d911017c709', 6, '2021-10-12T13:08:00-04:00'::timestamp),
(119, 'FI0037857.S14749.cram', 'genomic', 'alignment', 'cram', 91880087879, 's3://cqdg-prod-file-workspace/sarek/preprocessing/', '5d41402abc4b2a76b9719d911017c710', 6, '2021-10-12T13:08:00-04:00'::timestamp),
(120, 'FI0037857.S14749.cram.crai', 'genomic', 'alignment', 'crai', 2390753, 's3://cqdg-prod-file-workspace/sarek/preprocessing/', '5d41402abc4b2a76b9719d911017c711', 6, '2021-10-12T13:08:00-04:00'::timestamp),
(121, 'FI0037858.S14786.cram', 'genomic', 'alignment', 'cram', 88809186263, 's3://cqdg-prod-file-workspace/sarek/preprocessing/', '5d41402abc4b2a76b9719d911017c712', 6, '2021-10-12T13:08:00-04:00'::timestamp),
(122, 'FI0037858.S14786.cram.crai', 'genomic', 'alignment', 'crai', 2841640, 's3://cqdg-prod-file-workspace/sarek/preprocessing/', '5d41402abc4b2a76b9719d911017c713', 6, '2021-10-12T13:08:00-04:00'::timestamp),
(123, 'FI0037862.S14747.vcf.gz', 'genomic', 'snv', 'vcf', 302650490, 's3://cqdg-prod-file-workspace/sarek/preprocessing/', '5d41402abc4b2a76b9719d911017c714', 6, '2021-10-12T13:08:00-04:00'::timestamp),
(124, 'FI0037862.S14747.vcf.gz.tbi', 'genomic', 'snv', 'tbi', 2411724, 's3://cqdg-prod-file-workspace/sarek/preprocessing/', '5d41402abc4b2a76b9719d911017c715', 6, '2021-10-12T13:08:00-04:00'::timestamp),
(125, 'FI0037863.S14693.vcf.gz', 'genomic', 'snv', 'vcf', 301518028, 's3://cqdg-prod-file-workspace/sarek/preprocessing/', '5d41402abc4b2a76b9719d911017c716', 6, '2021-10-12T13:08:00-04:00'::timestamp),
(126, 'FI0037863.S14693.vcf.gz.tbi', 'genomic', 'snv', 'tbi', 2411724, 's3://cqdg-prod-file-workspace/sarek/preprocessing/', '5d41402abc4b2a76b9719d911017c717', 6, '2021-10-12T13:08:00-04:00'::timestamp),
(127, 'FI0037864.S13228.vcf.gz', 'genomic', 'snv', 'vcf', 306718965, 's3://cqdg-prod-file-workspace/sarek/preprocessing/', '5d41402abc4b2a76b9719d911017c718', 6, '2021-10-12T13:08:00-04:00'::timestamp),
(128, 'FI0037864.S13228.vcf.gz.tbi', 'genomic', 'snv', 'tbi', 2422210, 's3://cqdg-prod-file-workspace/sarek/preprocessing/', '5d41402abc4b2a76b9719d911017c719', 6, '2021-10-12T13:08:00-04:00'::timestamp),
(129, 'FI0037865.S14743.vcf.gz', 'genomic', 'snv', 'vcf', 325488476, 's3://cqdg-prod-file-workspace/sarek/preprocessing/', '5d41402abc4b2a76b9719d911017c720', 6, '2021-10-12T13:08:00-04:00'::timestamp),
(130, 'FI0037865.S14743.vcf.gz.tbi', 'genomic', 'snv', 'tbi', 2432696, 's3://cqdg-prod-file-workspace/sarek/preprocessing/', '5d41402abc4b2a76b9719d911017c721', 6, '2021-10-12T13:08:00-04:00'::timestamp),
(131, 'FI0037866.S14757.vcf.gz', 'genomic', 'snv', 'vcf', 384963706, 's3://cqdg-prod-file-workspace/sarek/preprocessing/', '5d41402abc4b2a76b9719d911017c722', 6, '2021-10-12T13:08:00-04:00'::timestamp),
(132, 'FI0037866.S14757.vcf.gz.tbi', 'genomic', 'snv', 'tbi', 2453667, 's3://cqdg-prod-file-workspace/sarek/preprocessing/', '5d41402abc4b2a76b9719d911017c723', 6, '2021-10-12T13:08:00-04:00'::timestamp),
(133, 'FI0037867.S14746.vcf.gz', 'genomic', 'snv', 'vcf', 315914977, 's3://cqdg-prod-file-workspace/sarek/preprocessing/', '5d41402abc4b2a76b9719d911017c724', 6, '2021-10-12T13:08:00-04:00'::timestamp),
(134, 'FI0037867.S14746.vcf.gz.tbi', 'genomic', 'snv', 'tbi', 2432696, 's3://cqdg-prod-file-workspace/sarek/preprocessing/', '5d41402abc4b2a76b9719d911017c725', 6, '2021-10-12T13:08:00-04:00'::timestamp),
(135, 'CEPH-1463.exomiser.vcf.gz', 'genomic', 'snv', 'vcf', 303866839, 's3://cqdg-prod-file-workspace/Postprocessing/exomiser/CEPH-1463.exomiser.vcf.gz', '5d41402abc4b2a76b9719d911017c726', 6, '2021-10-12T13:08:00-04:00'::timestamp),
(136, 'CEPH-1463.exomiser.vcf.gz.tbi', 'genomic', 'snv', 'tbi', 2422210, 's3://cqdg-prod-file-workspace/Postprocessing/exomiser/CEPH-1463.exomiser.vcf.gz.tbi', '5d41402abc4b2a76b9719d911017c727', 6, '2021-10-12T13:08:00-04:00'::timestamp),
(137, 'FI0037869.S14741.vcf.gz', 'genomic', 'snv', 'vcf', 330647470, 's3://cqdg-prod-file-workspace/sarek/preprocessing/', '5d41402abc4b2a76b9719d911017c728', 6, '2021-10-12T13:08:00-04:00'::timestamp),
(138, 'FI0037869.S14741.vcf.gz.tbi', 'genomic', 'snv', 'tbi', 2443182, 's3://cqdg-prod-file-workspace/sarek/preprocessing/', '5d41402abc4b2a76b9719d911017c729', 6, '2021-10-12T13:08:00-04:00'::timestamp),
(139, 'FI0037870.S14745.vcf.gz', 'genomic', 'snv', 'vcf', 320822312, 's3://cqdg-prod-file-workspace/sarek/preprocessing/', '5d41402abc4b2a76b9719d911017c730', 6, '2021-10-12T13:08:00-04:00'::timestamp),
(140, 'FI0037870.S14745.vcf.gz.tbi', 'genomic', 'snv', 'tbi', 2432696, 's3://cqdg-prod-file-workspace/sarek/preprocessing/', '5d41402abc4b2a76b9719d911017c731', 6, '2021-10-12T13:08:00-04:00'::timestamp),
(141, 'FI0037872.S14732.vcf.gz', 'genomic', 'snv', 'vcf', 305198530, 's3://cqdg-prod-file-workspace/sarek/preprocessing/', '5d41402abc4b2a76b9719d911017c732', 6, '2021-10-12T13:08:00-04:00'::timestamp),
(142, 'FI0037872.S14732.vcf.gz.tbi', 'genomic', 'snv', 'tbi', 2411724, 's3://cqdg-prod-file-workspace/sarek/preprocessing/', '5d41402abc4b2a76b9719d911017c733', 6, '2021-10-12T13:08:00-04:00'::timestamp),
(143, 'FI0037873.S14731.vcf.gz', 'genomic', 'snv', 'vcf', 306173706, 's3://cqdg-prod-file-workspace/sarek/preprocessing/', '5d41402abc4b2a76b9719d911017c734', 6, '2021-10-12T13:08:00-04:00'::timestamp),
(144, 'FI0037873.S14731.vcf.gz.tbi', 'genomic', 'snv', 'tbi', 2411724, 's3://cqdg-prod-file-workspace/sarek/preprocessing/', '5d41402abc4b2a76b9719d911017c735', 6, '2021-10-12T13:08:00-04:00'::timestamp),
(145, 'FI0037874.S13233.vcf.gz', 'genomic', 'snv', 'vcf', 304202383, 's3://cqdg-prod-file-workspace/sarek/preprocessing/', '5d41402abc4b2a76b9719d911017c736', 6, '2021-10-12T13:08:00-04:00'::timestamp),
(146, 'FI0037874.S13233.vcf.gz.tbi', 'genomic', 'snv', 'tbi', 2411724, 's3://cqdg-prod-file-workspace/sarek/preprocessing/', '5d41402abc4b2a76b9719d911017c737', 6, '2021-10-12T13:08:00-04:00'::timestamp),
(147, 'CEPH-1463.exomiser.vcf.gz', 'genomic', 'snv', 'vcf', 303866839, 's3://cqdg-prod-file-workspace/Postprocessing/exomiser/CEPH-1463.exomiser.vcf.gz', '5d41402abc4b2a76b9719d911017c738', 6, '2021-10-12T13:08:00-04:00'::timestamp),
(148, 'CEPH-1463.exomiser.vcf.gz.tbi', 'genomic', 'snv', 'tbi', 2422210, 's3://cqdg-prod-file-workspace/Postprocessing/exomiser/CEPH-1463.exomiser.vcf.gz.tbi', '5d41402abc4b2a76b9719d911017c739', 6, '2021-10-12T13:08:00-04:00'::timestamp),
(149, 'FI0037876.S14713.vcf.gz', 'genomic', 'snv', 'vcf', 319375278, 's3://cqdg-prod-file-workspace/sarek/preprocessing/', '5d41402abc4b2a76b9719d911017c740', 6, '2021-10-12T13:08:00-04:00'::timestamp),
(150, 'FI0037876.S14713.vcf.gz.tbi', 'genomic', 'snv', 'tbi', 2432696, 's3://cqdg-prod-file-workspace/sarek/preprocessing/', '5d41402abc4b2a76b9719d911017c741', 6, '2021-10-12T13:08:00-04:00'::timestamp),
(151, 'FI0037877.S13230.vcf.gz', 'genomic', 'snv', 'vcf', 308994375, 's3://cqdg-prod-file-workspace/sarek/preprocessing/', '5d41402abc4b2a76b9719d911017c742', 6, '2021-10-12T13:08:00-04:00'::timestamp),
(152, 'FI0037877.S13230.vcf.gz.tbi', 'genomic', 'snv', 'tbi', 2422210, 's3://cqdg-prod-file-workspace/sarek/preprocessing/', '5d41402abc4b2a76b9719d911017c743', 6, '2021-10-12T13:08:00-04:00'::timestamp),
(153, 'FI0037878.S14139.vcf.gz', 'genomic', 'snv', 'vcf', 305009786, 's3://cqdg-prod-file-workspace/sarek/preprocessing/', '5d41402abc4b2a76b9719d911017c744', 6, '2021-10-12T13:08:00-04:00'::timestamp),
(154, 'FI0037878.S14139.vcf.gz.tbi', 'genomic', 'snv', 'tbi', 2411724, 's3://cqdg-prod-file-workspace/sarek/preprocessing/', '5d41402abc4b2a76b9719d911017c745', 6, '2021-10-12T13:08:00-04:00'::timestamp),
(155, 'FI0037879.S14748.vcf.gz', 'genomic', 'snv', 'vcf', 303185264, 's3://cqdg-prod-file-workspace/sarek/preprocessing/', '5d41402abc4b2a76b9719d911017c746', 6, '2021-10-12T13:08:00-04:00'::timestamp),
(156, 'FI0037879.S14748.vcf.gz.tbi', 'genomic', 'snv', 'tbi', 2411724, 's3://cqdg-prod-file-workspace/sarek/preprocessing/', '5d41402abc4b2a76b9719d911017c747', 6, '2021-10-12T13:08:00-04:00'::timestamp),
(157, 'FI0037880.S14744.vcf.gz', 'genomic', 'snv', 'vcf', 319899566, 's3://cqdg-prod-file-workspace/sarek/preprocessing/', '5d41402abc4b2a76b9719d911017c748', 6, '2021-10-12T13:08:00-04:00'::timestamp),
(158, 'FI0037880.S14744.vcf.gz.tbi', 'genomic', 'snv', 'tbi', 2432696, 's3://cqdg-prod-file-workspace/sarek/preprocessing/', '5d41402abc4b2a76b9719d911017c749', 6, '2021-10-12T13:08:00-04:00'::timestamp),
(159, 'FI0037881.S14137.vcf.gz', 'genomic', 'snv', 'vcf', 304852500, 's3://cqdg-prod-file-workspace/sarek/preprocessing/', '5d41402abc4b2a76b9719d911017c750', 6, '2021-10-12T13:08:00-04:00'::timestamp),
(160, 'FI0037881.S14137.vcf.gz.tbi', 'genomic', 'snv', 'tbi', 2411724, 's3://cqdg-prod-file-workspace/sarek/preprocessing/', '5d41402abc4b2a76b9719d911017c751', 6, '2021-10-12T13:08:00-04:00'::timestamp),
(161, 'FI0037882.S14788.vcf.gz', 'genomic', 'snv', 'vcf', 307369082, 's3://cqdg-prod-file-workspace/sarek/preprocessing/', '5d41402abc4b2a76b9719d911017c752', 6, '2021-10-12T13:08:00-04:00'::timestamp),
(162, 'FI0037882.S14788.vcf.gz.tbi', 'genomic', 'snv', 'tbi', 2422210, 's3://cqdg-prod-file-workspace/sarek/preprocessing/', '5d41402abc4b2a76b9719d911017c753', 6, '2021-10-12T13:08:00-04:00'::timestamp),
(163, 'FI0037883.S14030.vcf.gz', 'genomic', 'snv', 'vcf', 304862986, 's3://cqdg-prod-file-workspace/sarek/preprocessing/', '5d41402abc4b2a76b9719d911017c754', 6, '2021-10-12T13:08:00-04:00'::timestamp),
(164, 'FI0037883.S14030.vcf.gz.tbi', 'genomic', 'snv', 'tbi', 2411724, 's3://cqdg-prod-file-workspace/sarek/preprocessing/', '5d41402abc4b2a76b9719d911017c755', 6, '2021-10-12T13:08:00-04:00'::timestamp),
(165, 'FI0037884.S14031.vcf.gz', 'genomic', 'snv', 'vcf', 308113571, 's3://cqdg-prod-file-workspace/sarek/preprocessing/', '5d41402abc4b2a76b9719d911017c756', 6, '2021-10-12T13:08:00-04:00'::timestamp),
(166, 'FI0037884.S14031.vcf.gz.tbi', 'genomic', 'snv', 'tbi', 2422210, 's3://cqdg-prod-file-workspace/sarek/preprocessing/', '5d41402abc4b2a76b9719d911017c757', 6, '2021-10-12T13:08:00-04:00'::timestamp),
(167, 'FI0037885.S14136.vcf.gz', 'genomic', 'snv', 'vcf', 310892298, 's3://cqdg-prod-file-workspace/sarek/preprocessing/', '5d41402abc4b2a76b9719d911017c758', 6, '2021-10-12T13:08:00-04:00'::timestamp),
(168, 'FI0037885.S14136.vcf.gz.tbi', 'genomic', 'snv', 'tbi', 2432696, 's3://cqdg-prod-file-workspace/sarek/preprocessing/', '5d41402abc4b2a76b9719d911017c759', 6, '2021-10-12T13:08:00-04:00'::timestamp),
(169, 'FI0037886.S13231.vcf.gz', 'genomic', 'snv', 'vcf', 314908344, 's3://cqdg-prod-file-workspace/sarek/preprocessing/', '5d41402abc4b2a76b9719d911017c760', 6, '2021-10-12T13:08:00-04:00'::timestamp),
(170, 'FI0037886.S13231.vcf.gz.tbi', 'genomic', 'snv', 'tbi', 2422210, 's3://cqdg-prod-file-workspace/sarek/preprocessing/', '5d41402abc4b2a76b9719d911017c761', 6, '2021-10-12T13:08:00-04:00'::timestamp),
(171, 'FI0037888.S14133.vcf.gz', 'genomic', 'snv', 'vcf', 380161228, 's3://cqdg-prod-file-workspace/sarek/preprocessing/', '5d41402abc4b2a76b9719d911017c762', 6, '2021-10-12T13:08:00-04:00'::timestamp),
(172, 'FI0037888.S14133.vcf.gz.tbi', 'genomic', 'snv', 'tbi', 2464153, 's3://cqdg-prod-file-workspace/sarek/preprocessing/', '5d41402abc4b2a76b9719d911017c763', 6, '2021-10-12T13:08:00-04:00'::timestamp),
(173, 'FI0037889.S13232.vcf.gz', 'genomic', 'snv', 'vcf', 306561679, 's3://cqdg-prod-file-workspace/sarek/preprocessing/', '5d41402abc4b2a76b9719d911017c764', 6, '2021-10-12T13:08:00-04:00'::timestamp),
(174, 'FI0037889.S13232.vcf.gz.tbi', 'genomic', 'snv', 'tbi', 2422210, 's3://cqdg-prod-file-workspace/sarek/preprocessing/', '5d41402abc4b2a76b9719d911017c765', 6, '2021-10-12T13:08:00-04:00'::timestamp),
(175, 'FI0037890.S13237.vcf.gz', 'genomic', 'snv', 'vcf', 320633569, 's3://cqdg-prod-file-workspace/sarek/preprocessing/', '5d41402abc4b2a76b9719d911017c766', 6, '2021-10-12T13:08:00-04:00'::timestamp),
(176, 'FI0037890.S13237.vcf.gz.tbi', 'genomic', 'snv', 'tbi', 2432696, 's3://cqdg-prod-file-workspace/sarek/preprocessing/', '5d41402abc4b2a76b9719d911017c767', 6, '2021-10-12T13:08:00-04:00'::timestamp),
(177, 'FI0037891.S14691.vcf.gz', 'genomic', 'snv', 'vcf', 311238328, 's3://cqdg-prod-file-workspace/sarek/preprocessing/', '5d41402abc4b2a76b9719d911017c768', 6, '2021-10-12T13:08:00-04:00'::timestamp),
(178, 'FI0037891.S14691.vcf.gz.tbi', 'genomic', 'snv', 'tbi', 2422210, 's3://cqdg-prod-file-workspace/sarek/preprocessing/', '5d41402abc4b2a76b9719d911017c769', 6, '2021-10-12T13:08:00-04:00'::timestamp),
(179, 'FI0037892.S13229.vcf.gz', 'genomic', 'snv', 'vcf', 299011932, 's3://cqdg-prod-file-workspace/sarek/preprocessing/', '5d41402abc4b2a76b9719d911017c770', 6, '2021-10-12T13:08:00-04:00'::timestamp),
(180, 'FI0037892.S13229.vcf.gz.tbi', 'genomic', 'snv', 'tbi', 2411724, 's3://cqdg-prod-file-workspace/sarek/preprocessing/', '5d41402abc4b2a76b9719d911017c771', 6, '2021-10-12T13:08:00-04:00'::timestamp),
(181, 'FI0037894.S14049.vcf.gz', 'genomic', 'snv', 'vcf', 376344412, 's3://cqdg-prod-file-workspace/sarek/preprocessing/', '5d41402abc4b2a76b9719d911017c772', 6, '2021-10-12T13:08:00-04:00'::timestamp),
(182, 'FI0037894.S14049.vcf.gz.tbi', 'genomic', 'snv', 'tbi', 2453667, 's3://cqdg-prod-file-workspace/sarek/preprocessing/', '5d41402abc4b2a76b9719d911017c773', 6, '2021-10-12T13:08:00-04:00'::timestamp),
(183, 'FI0037895.S14758.vcf.gz', 'genomic', 'snv', 'vcf', 371594362, 's3://cqdg-prod-file-workspace/sarek/preprocessing/', '5d41402abc4b2a76b9719d911017c774', 6, '2021-10-12T13:08:00-04:00'::timestamp),
(184, 'FI0037895.S14758.vcf.gz.tbi', 'genomic', 'snv', 'tbi', 2464153, 's3://cqdg-prod-file-workspace/sarek/preprocessing/', '5d41402abc4b2a76b9719d911017c775', 6, '2021-10-12T13:08:00-04:00'::timestamp),
(185, 'FI0037896.S14858.vcf.gz', 'genomic', 'snv', 'vcf', 304716185, 's3://cqdg-prod-file-workspace/sarek/preprocessing/', '5d41402abc4b2a76b9719d911017c776', 6, '2021-10-12T13:08:00-04:00'::timestamp),
(186, 'FI0037896.S14858.vcf.gz.tbi', 'genomic', 'snv', 'tbi', 2411724, 's3://cqdg-prod-file-workspace/sarek/preprocessing/', '5d41402abc4b2a76b9719d911017c777', 6, '2021-10-12T13:08:00-04:00'::timestamp),
(187, 'FI0037897.S13236.vcf.gz', 'genomic', 'snv', 'vcf', 311856988, 's3://cqdg-prod-file-workspace/sarek/preprocessing/', '5d41402abc4b2a76b9719d911017c778', 6, '2021-10-12T13:08:00-04:00'::timestamp),
(188, 'FI0037897.S13236.vcf.gz.tbi', 'genomic', 'snv', 'tbi', 2432696, 's3://cqdg-prod-file-workspace/sarek/preprocessing/', '5d41402abc4b2a76b9719d911017c779', 6, '2021-10-12T13:08:00-04:00'::timestamp),
(189, 'FI0037898.S14756.vcf.gz', 'genomic', 'snv', 'vcf', 378514964, 's3://cqdg-prod-file-workspace/sarek/preprocessing/', '5d41402abc4b2a76b9719d911017c780', 6, '2021-10-12T13:08:00-04:00'::timestamp),
(190, 'FI0037898.S14756.vcf.gz.tbi', 'genomic', 'snv', 'tbi', 2464153, 's3://cqdg-prod-file-workspace/sarek/preprocessing/', '5d41402abc4b2a76b9719d911017c781', 6, '2021-10-12T13:08:00-04:00'::timestamp),
(191, 'FI0037899.S14712.vcf.gz', 'genomic', 'snv', 'vcf', 344121671, 's3://cqdg-prod-file-workspace/sarek/preprocessing/', '5d41402abc4b2a76b9719d911017c782', 6, '2021-10-12T13:08:00-04:00'::timestamp),
(192, 'FI0037899.S14712.vcf.gz.tbi', 'genomic', 'snv', 'tbi', 2432696, 's3://cqdg-prod-file-workspace/sarek/preprocessing/', '5d41402abc4b2a76b9719d911017c783', 6, '2021-10-12T13:08:00-04:00'::timestamp),
(193, 'FI0037900.S13234.vcf.gz', 'genomic', 'snv', 'vcf', 308994375, 's3://cqdg-prod-file-workspace/sarek/preprocessing/', '5d41402abc4b2a76b9719d911017c784', 6, '2021-10-12T13:08:00-04:00'::timestamp),
(194, 'FI0037900.S13234.vcf.gz.tbi', 'genomic', 'snv', 'tbi', 2411724, 's3://cqdg-prod-file-workspace/sarek/preprocessing/', '5d41402abc4b2a76b9719d911017c785', 6, '2021-10-12T13:08:00-04:00'::timestamp),
(195, 'FI0037901.S14730.vcf.gz', 'genomic', 'snv', 'vcf', 302273003, 's3://cqdg-prod-file-workspace/sarek/preprocessing/', '5d41402abc4b2a76b9719d911017c786', 6, '2021-10-12T13:08:00-04:00'::timestamp),
(196, 'FI0037901.S14730.vcf.gz.tbi', 'genomic', 'snv', 'tbi', 2411724, 's3://cqdg-prod-file-workspace/sarek/preprocessing/', '5d41402abc4b2a76b9719d911017c787', 6, '2021-10-12T13:08:00-04:00'::timestamp),
(197, 'FI0037902.S14048.vcf.gz', 'genomic', 'snv', 'vcf', 384869335, 's3://cqdg-prod-file-workspace/sarek/preprocessing/', '5d41402abc4b2a76b9719d911017c788', 6, '2021-10-12T13:08:00-04:00'::timestamp),
(198, 'FI0037902.S14048.vcf.gz.tbi', 'genomic', 'snv', 'tbi', 2453667, 's3://cqdg-prod-file-workspace/sarek/preprocessing/', '5d41402abc4b2a76b9719d911017c789', 6, '2021-10-12T13:08:00-04:00'::timestamp),
(199, 'FI0037903.S14751.vcf.gz', 'genomic', 'snv', 'vcf', 312957992, 's3://cqdg-prod-file-workspace/sarek/preprocessing/', '5d41402abc4b2a76b9719d911017c790', 6, '2021-10-12T13:08:00-04:00'::timestamp),
(200, 'FI0037903.S14751.vcf.gz.tbi', 'genomic', 'snv', 'tbi', 2422210, 's3://cqdg-prod-file-workspace/sarek/preprocessing/', '5d41402abc4b2a76b9719d911017c791', 6, '2021-10-12T13:08:00-04:00'::timestamp),
(201, 'FI0037904.S14135.vcf.gz', 'genomic', 'snv', 'vcf', 320518225, 's3://cqdg-prod-file-workspace/sarek/preprocessing/', '5d41402abc4b2a76b9719d911017c792', 6, '2021-10-12T13:08:00-04:00'::timestamp),
(202, 'FI0037904.S14135.vcf.gz.tbi', 'genomic', 'snv', 'tbi', 2422210, 's3://cqdg-prod-file-workspace/sarek/preprocessing/', '5d41402abc4b2a76b9719d911017c793', 6, '2021-10-12T13:08:00-04:00'::timestamp),
(203, 'FI0037905.S14786.vcf.gz', 'genomic', 'snv', 'vcf', 325362647, 's3://cqdg-prod-file-workspace/sarek/preprocessing/', '5d41402abc4b2a76b9719d911017c794', 6, '2021-10-12T13:08:00-04:00'::timestamp),
(204, 'FI0037905.S14786.vcf.gz.tbi', 'genomic', 'snv', 'tbi', 2432696, 's3://cqdg-prod-file-workspace/sarek/preprocessing/', '5d41402abc4b2a76b9719d911017c795', 6, '2021-10-12T13:08:00-04:00'::timestamp),
(205, 'FI0037906.S14138.vcf.gz', 'genomic', 'snv', 'vcf', 309308948, 's3://cqdg-prod-file-workspace/sarek/preprocessing/', '5d41402abc4b2a76b9719d911017c796', 6, '2021-10-12T13:08:00-04:00'::timestamp),
(206, 'FI0037906.S14138.vcf.gz.tbi', 'genomic', 'snv', 'tbi', 2411724, 's3://cqdg-prod-file-workspace/sarek/preprocessing/', '5d41402abc4b2a76b9719d911017c797', 6, '2021-10-12T13:08:00-04:00'::timestamp),
(207, 'FI0037907.S14134.vcf.gz', 'genomic', 'snv', 'vcf', 319427706, 's3://cqdg-prod-file-workspace/sarek/preprocessing/', '5d41402abc4b2a76b9719d911017c798', 6, '2021-10-12T13:08:00-04:00'::timestamp),
(208, 'FI0037907.S14134.vcf.gz.tbi', 'genomic', 'snv', 'tbi', 2432696, 's3://cqdg-prod-file-workspace/sarek/preprocessing/', '5d41402abc4b2a76b9719d911017c799', 6, '2021-10-12T13:08:00-04:00'::timestamp),
(209, 'FI0037908.S14711.vcf.gz', 'genomic', 'snv', 'vcf', 327763886, 's3://cqdg-prod-file-workspace/sarek/preprocessing/', '5d41402abc4b2a76b9719d911017c800', 6, '2021-10-12T13:08:00-04:00'::timestamp),
(210, 'FI0037908.S14711.vcf.gz.tbi', 'genomic', 'snv', 'tbi', 2432696, 's3://cqdg-prod-file-workspace/sarek/preprocessing/', '5d41402abc4b2a76b9719d911017c801', 6, '2021-10-12T13:08:00-04:00'::timestamp),
(211, 'FI0037909.S14787.vcf.gz', 'genomic', 'snv', 'vcf', 311825530, 's3://cqdg-prod-file-workspace/sarek/preprocessing/', '5d41402abc4b2a76b9719d911017c802', 6, '2021-10-12T13:08:00-04:00'::timestamp),
(212, 'FI0037909.S14787.vcf.gz.tbi', 'genomic', 'snv', 'tbi', 2422210, 's3://cqdg-prod-file-workspace/sarek/preprocessing/', '5d41402abc4b2a76b9719d911017c803', 6, '2021-10-12T13:08:00-04:00'::timestamp),
(213, 'FI0037910.S14132.vcf.gz', 'genomic', 'snv', 'vcf', 380003942, 's3://cqdg-prod-file-workspace/sarek/preprocessing/', '5d41402abc4b2a76b9719d911017c804', 6, '2021-10-12T13:08:00-04:00'::timestamp),
(214, 'FI0037910.S14132.vcf.gz.tbi', 'genomic', 'snv', 'tbi', 2453667, 's3://cqdg-prod-file-workspace/sarek/preprocessing/', '5d41402abc4b2a76b9719d911017c805', 6, '2021-10-12T13:08:00-04:00'::timestamp),
(215, 'FI0037911.S13227.vcf.gz', 'genomic', 'snv', 'vcf', 310724526, 's3://cqdg-prod-file-workspace/sarek/preprocessing/', '5d41402abc4b2a76b9719d911017c806', 6, '2021-10-12T13:08:00-04:00'::timestamp),
(216, 'FI0037911.S13227.vcf.gz.tbi', 'genomic', 'snv', 'tbi', 2422210, 's3://cqdg-prod-file-workspace/sarek/preprocessing/', '5d41402abc4b2a76b9719d911017c807', 6, '2021-10-12T13:08:00-04:00'::timestamp),
(217, 'CEPH-1463.exomiser.vcf.gz', 'genomic', 'snv', 'vcf', 303866839, 's3://cqdg-prod-file-workspace/Postprocessing/exomiser/CEPH-1463.exomiser.vcf.gz', '5d41402abc4b2a76b9719d911017c808', 6, '2021-10-12T13:08:00-04:00'::timestamp),
(218, 'CEPH-1463.exomiser.vcf.gz.tbi', 'genomic', 'snv', 'tbi', 2422210, 's3://cqdg-prod-file-workspace/Postprocessing/exomiser/CEPH-1463.exomiser.vcf.gz.tbi', '5d41402abc4b2a76b9719d911017c809', 6, '2021-10-12T13:08:00-04:00'::timestamp),
(219, 'FI0037913.S14742.vcf.gz', 'genomic', 'snv', 'vcf', 335355576, 's3://cqdg-prod-file-workspace/sarek/preprocessing/', '5d41402abc4b2a76b9719d911017c810', 6, '2021-10-12T13:08:00-04:00'::timestamp),
(220, 'FI0037913.S14742.vcf.gz.tbi', 'genomic', 'snv', 'tbi', 2432696, 's3://cqdg-prod-file-workspace/sarek/preprocessing/', '5d41402abc4b2a76b9719d911017c811', 6, '2021-10-12T13:08:00-04:00'::timestamp),
(221, 'FI0037914.S14752.vcf.gz', 'genomic', 'snv', 'vcf', 305806704, 's3://cqdg-prod-file-workspace/sarek/preprocessing/', '5d41402abc4b2a76b9719d911017c812', 6, '2021-10-12T13:08:00-04:00'::timestamp),
(222, 'FI0037914.S14752.vcf.gz.tbi', 'genomic', 'snv', 'tbi', 2411724, 's3://cqdg-prod-file-workspace/sarek/preprocessing/', '5d41402abc4b2a76b9719d911017c813', 6, '2021-10-12T13:08:00-04:00'::timestamp),
(223, 'FI0037915.S14050.vcf.gz', 'genomic', 'snv', 'vcf', 368836608, 's3://cqdg-prod-file-workspace/sarek/preprocessing/', '5d41402abc4b2a76b9719d911017c814', 6, '2021-10-12T13:08:00-04:00'::timestamp),
(224, 'FI0037915.S14050.vcf.gz.tbi', 'genomic', 'snv', 'tbi', 2453667, 's3://cqdg-prod-file-workspace/sarek/preprocessing/', '5d41402abc4b2a76b9719d911017c815', 6, '2021-10-12T13:08:00-04:00'::timestamp),
(225, 'FI0037916.S13238.vcf.gz', 'genomic', 'snv', 'vcf', 327449313, 's3://cqdg-prod-file-workspace/sarek/preprocessing/', '5d41402abc4b2a76b9719d911017c816', 6, '2021-10-12T13:08:00-04:00'::timestamp),
(226, 'FI0037916.S13238.vcf.gz.tbi', 'genomic', 'snv', 'tbi', 2432696, 's3://cqdg-prod-file-workspace/sarek/preprocessing/', '5d41402abc4b2a76b9719d911017c817', 6, '2021-10-12T13:08:00-04:00'::timestamp),
(227, 'FI0037917.S14692.vcf.gz', 'genomic', 'snv', 'vcf', 301056655, 's3://cqdg-prod-file-workspace/sarek/preprocessing/', '5d41402abc4b2a76b9719d911017c818', 6, '2021-10-12T13:08:00-04:00'::timestamp),
(228, 'FI0037917.S14692.vcf.gz.tbi', 'genomic', 'snv', 'tbi', 2411724, 's3://cqdg-prod-file-workspace/sarek/preprocessing/', '5d41402abc4b2a76b9719d911017c819', 6, '2021-10-12T13:08:00-04:00'::timestamp),
(229, 'FI0037920.S14749.vcf.gz', 'genomic', 'snv', 'vcf', 305586503, 's3://cqdg-prod-file-workspace/sarek/preprocessing/', '5d41402abc4b2a76b9719d911017c820', 6, '2021-10-12T13:08:00-04:00'::timestamp),
(230, 'FI0037920.S14749.vcf.gz.tbi', 'genomic', 'snv', 'tbi', 2411724, 's3://cqdg-prod-file-workspace/sarek/preprocessing/', '5d41402abc4b2a76b9719d911017c821', 6, '2021-10-12T13:08:00-04:00'::timestamp),
(231, 'FI0037921.S14859.vcf.gz', 'genomic', 'snv', 'vcf', 304003153, 's3://cqdg-prod-file-workspace/sarek/preprocessing/', '5d41402abc4b2a76b9719d911017c822', 6, '2021-10-12T13:08:00-04:00'::timestamp),
(232, 'FI0037921.S14859.vcf.gz.tbi', 'genomic', 'snv', 'tbi', 2422210, 's3://cqdg-prod-file-workspace/sarek/preprocessing/', '5d41402abc4b2a76b9719d911017c823', 6, '2021-10-12T13:08:00-04:00'::timestamp),
(233, 'FI0037922.S14750.vcf.gz', 'genomic', 'snv', 'vcf', 304716185, 's3://cqdg-prod-file-workspace/sarek/preprocessing/', '5d41402abc4b2a76b9719d911017c824', 6, '2021-10-12T13:08:00-04:00'::timestamp),
(234, 'FI0037922.S14750.vcf.gz.tbi', 'genomic', 'snv', 'tbi', 2411724, 's3://cqdg-prod-file-workspace/sarek/preprocessing/', '5d41402abc4b2a76b9719d911017c825', 6, '2021-10-12T13:08:00-04:00'::timestamp),
(235, 'SH032.exomiser.vcf.gz', 'genomic', 'snv', 'vcf', 307610255, 's3://cqdg-prod-file-workspace/Postprocessing/exomiser/SH032.exomiser.vcf.gz', '5d41402abc4b2a76b9719d911017c826', 6, '2021-10-12T13:08:00-04:00'::timestamp),
(236, 'SH032.exomiser.vcf.gz.tbi', 'genomic', 'snv', 'tbi', 2411724, 's3://cqdg-prod-file-workspace/Postprocessing/exomiser/SH032.exomiser.vcf.gz.tbi', '5d41402abc4b2a76b9719d911017c827', 6, '2021-10-12T13:08:00-04:00'::timestamp),
(237, 'FI0037925.S14131.vcf.gz', 'genomic', 'snv', 'vcf', 382111580, 's3://cqdg-prod-file-workspace/sarek/preprocessing/', '5d41402abc4b2a76b9719d911017c828', 6, '2021-10-12T13:08:00-04:00'::timestamp),
(238, 'FI0037925.S14131.vcf.gz.tbi', 'genomic', 'snv', 'tbi', 2453667, 's3://cqdg-prod-file-workspace/sarek/preprocessing/', '5d41402abc4b2a76b9719d911017c829', 6, '2021-10-12T13:08:00-04:00'::timestamp),
(239, 'FI0037926.S13235.vcf.gz', 'genomic', 'snv', 'vcf', 298078699, 's3://cqdg-prod-file-workspace/sarek/preprocessing/', '5d41402abc4b2a76b9719d911017c830', 6, '2021-10-12T13:08:00-04:00'::timestamp),
(240, 'FI0037926.S13235.vcf.gz.tbi', 'genomic', 'snv', 'tbi', 2411724, 's3://cqdg-prod-file-workspace/sarek/preprocessing/', '5d41402abc4b2a76b9719d911017c831', 6, '2021-10-12T13:08:00-04:00'::timestamp),
(241, 'FI0037927.S14029.vcf.gz', 'genomic', 'snv', 'vcf', 307243253, 's3://cqdg-prod-file-workspace/sarek/preprocessing/', '5d41402abc4b2a76b9719d911017c832', 6, '2021-10-12T13:08:00-04:00'::timestamp),
(242, 'FI0037927.S14029.vcf.gz.tbi', 'genomic', 'snv', 'tbi', 2422210, 's3://cqdg-prod-file-workspace/sarek/preprocessing/', '5d41402abc4b2a76b9719d911017c833', 6, '2021-10-12T13:08:00-04:00'::timestamp),
(243, 'FI0037928.S14857.vcf.gz', 'genomic', 'snv', 'vcf', 304055582, 's3://cqdg-prod-file-workspace/sarek/preprocessing/', '5d41402abc4b2a76b9719d911017c834', 6, '2021-10-12T13:08:00-04:00'::timestamp),
(244, 'FI0037928.S14857.vcf.gz.tbi', 'genomic', 'snv', 'tbi', 2411724, 's3://cqdg-prod-file-workspace/sarek/preprocessing/', '5d41402abc4b2a76b9719d911017c835', 6, '2021-10-12T13:08:00-04:00'::timestamp)
ON CONFLICT(id) DO NOTHING;

INSERT INTO "task_has_documents" (
    task_id,
    document_id
) VALUES
(1, 1),
(2, 2),
(3, 3),
(4, 4),
(5, 5),
(6, 6),
(7, 7),
(8, 8),
(9, 9),
(10, 10),
(11, 11),
(12, 12),
(13, 13),
(14, 14),
(15, 15),
(16, 16),
(17, 17),
(18, 18),
(19, 19),
(20, 20),
(21, 21),
(22, 22),
(23, 23),
(24, 24),
(25, 25),
(26, 26),
(27, 27),
(28, 28),
(29, 29),
(30, 30),
(31, 31),
(32, 32),
(33, 33),
(34, 34),
(35, 35),
(36, 36),
(37, 37),
(38, 38),
(39, 39),
(40, 40),
(41, 41),
(42, 42),
(43, 43),
(44, 44),
(45, 45),
(46, 46),
(47, 47),
(48, 48),
(49, 49),
(50, 50),
(51, 51),
(52, 52),
(53, 53),
(54, 54),
(55, 55),
(56, 56),
(57, 57),
(58, 58),
(59, 59),
(60, 60),
(61, 61),
(1, 62),
(2, 63),
(3, 64),
(4, 65),
(5, 66),
(6, 67),
(7, 68),
(8, 69),
(9, 70),
(10, 71),
(11, 72),
(12, 73),
(13, 74),
(14, 75),
(15, 76),
(16, 77),
(17, 78),
(18, 79),
(19, 80),
(20, 81),
(21, 82),
(22, 83),
(23, 84),
(24, 85),
(25, 86),
(26, 87),
(27, 88),
(28, 89),
(29, 90),
(30, 91),
(31, 92),
(32, 93),
(33, 94),
(34, 95),
(35, 96),
(36, 97),
(37, 98),
(38, 99),
(39, 100),
(40, 101),
(41, 102),
(42, 103),
(43, 104),
(44, 105),
(45, 106),
(46, 107),
(47, 108),
(48, 109),
(49, 110),
(50, 111),
(51, 112),
(52, 113),
(53, 114),
(54, 115),
(55, 116),
(56, 117),
(57, 118),
(58, 119),
(59, 120),
(60, 121),
(61, 122),
(1, 123),
(2, 124),
(3, 125),
(4, 126),
(5, 127),
(6, 128),
(7, 129),
(8, 130),
(9, 131),
(10, 132),
(11, 133),
(12, 134),
(13, 135),
(14, 136),
(15, 137),
(16, 138),
(17, 139),
(18, 140),
(19, 141),
(20, 142),
(21, 143),
(22, 144),
(23, 145),
(24, 146),
(25, 147),
(26, 148),
(27, 149),
(28, 150),
(29, 151),
(30, 152),
(31, 153),
(32, 154),
(33, 155),
(34, 156),
(35, 157),
(36, 158),
(37, 159),
(38, 160),
(39, 161),
(40, 162),
(41, 163),
(42, 164),
(43, 165),
(44, 166),
(45, 167),
(46, 168),
(47, 169),
(48, 170),
(49, 171),
(50, 172),
(51, 173),
(52, 174),
(53, 175),
(54, 176),
(55, 177),
(56, 178),
(57, 179),
(58, 180),
(59, 181),
(60, 182),
(61, 183),
(1, 184),
(2, 185),
(3, 186),
(4, 187),
(5, 188),
(6, 189),
(7, 190),
(8, 191),
(9, 192),
(10, 193),
(11, 194),
(12, 195),
(13, 196),
(14, 197),
(15, 198),
(16, 199),
(17, 200),
(18, 201),
(19, 202),
(20, 203),
(21, 204),
(22, 205),
(23, 206),
(24, 207),
(25, 208),
(26, 209),
(27, 210),
(28, 211),
(29, 212),
(30, 213),
(31, 214),
(32, 215),
(33, 216),
(34, 217),
(35, 218),
(36, 219),
(37, 220),
(38, 221),
(39, 222),
(40, 223),
(41, 224),
(42, 225),
(43, 226),
(44, 227),
(45, 228),
(46, 229),
(47, 230),
(48, 231),
(49, 232),
(50, 233),
(51, 234),
(52, 235),
(53, 236),
(54, 237),
(55, 238),
(56, 239),
(57, 240),
(58, 241),
(59, 242),
(60, 243),
(61, 244)
ON CONFLICT(task_id, document_id) DO NOTHING;



INSERT INTO "document_has_patients" (
    document_id,
    patient_id,
    case_id,
    sample_id
) VALUES
(1, 8, 3, 7),
(2, 8, 3, 7),
(3, 6, 2, 5),
(4, 6, 2, 5),
(5, 49, 17, 48),
(6, 49, 17, 48),
(7, 45, 16, 46),
(8, 45, 16, 46),
(9, 50, 18, 50),
(10, 50, 18, 50),
(11, 9, 3, 8),
(12, 9, 3, 8),
(13, 33, 12, 33),
(14, 33, 12, 33),
(15, 14, 5, 15),
(16, 14, 5, 15),
(17, 41, 15, 43),
(18, 41, 15, 43),
(19, 40, 14, 40),
(20, 40, 14, 40),
(21, 5, 2, 6),
(22, 5, 2, 6),
(23, 7, 3, 9),
(24, 7, 3, 9),
(25, 28, 10, 27),
(26, 28, 10, 27),
(27, 3, 1, 1),
(28, 3, 1, 1),
(29, 52, 18, 52),
(30, 52, 18, 52),
(31, 56, 20, 58),
(32, 56, 20, 58),
(33, 15, 5, 13),
(34, 15, 5, 13),
(35, 24, 9, 24),
(36, 24, 9, 24),
(37, 39, 14, 38),
(38, 39, 14, 38),
(39, 17, 6, 17),
(40, 17, 6, 17),
(41, 51, 18, 51),
(42, 51, 18, 51),
(43, 25, 9, 25),
(44, 25, 9, 25),
(45, 55, 19, 53),
(46, 55, 19, 53),
(47, 60, 21, 59),
(48, 60, 21, 59),
(49, 54, 19, 55),
(50, 54, 19, 55),
(51, 21, 7, 21),
(52, 21, 7, 21),
(53, 23, 9, 23),
(54, 23, 9, 23),
(55, 37, 13, 35),
(56, 37, 13, 35),
(57, 31, 11, 30),
(58, 31, 11, 30),
(59, 61, 21, 60),
(60, 61, 21, 60),
(61, 2, 1, 3),
(62, 2, 1, 3),
(63, 47, 17, 47),
(64, 47, 17, 47),
(65, 34, 12, 32),
(66, 34, 12, 32),
(67, 36, 13, 36),
(68, 36, 13, 36),
(69, 11, 4, 12),
(70, 11, 4, 12),
(71, 53, 19, 54),
(72, 53, 19, 54),
(73, 26, 10, 28),
(74, 26, 10, 28),
(75, 16, 6, 16),
(76, 16, 6, 16),
(77, 12, 4, 11),
(78, 12, 4, 11),
(79, 44, 16, 44),
(80, 44, 16, 44),
(81, 46, 16, 45),
(82, 46, 16, 45),
(83, 59, 21, 61),
(84, 59, 21, 61),
(85, 1, 1, 2),
(86, 1, 1, 2),
(87, 30, 11, 29),
(88, 30, 11, 29),
(89, 22, 8, 22),
(90, 22, 8, 22),
(91, 43, 15, 42),
(92, 43, 15, 42),
(93, 19, 7, 20),
(94, 19, 7, 20),
(95, 10, 4, 10),
(96, 10, 4, 10),
(97, 18, 6, 18),
(98, 18, 6, 18),
(99, 4, 2, 4),
(100, 4, 2, 4),
(101, 38, 14, 39),
(102, 38, 14, 39),
(103, 32, 12, 34),
(104, 32, 12, 34),
(105, 13, 5, 14),
(106, 13, 5, 14),
(107, 35, 13, 37),
(108, 35, 13, 37),
(109, 20, 7, 19),
(110, 20, 7, 19),
(111, 57, 20, 57),
(112, 57, 20, 57),
(113, 42, 15, 41),
(114, 42, 15, 41),
(115, 27, 10, 26),
(116, 27, 10, 26),
(117, 29, 11, 31),
(118, 29, 11, 31),
(119, 48, 17, 49),
(120, 48, 17, 49),
(121, 58, 20, 56),
(122, 58, 20, 56),
(123, 47, 17, 47),
(124, 47, 17, 47),
(125, 32, 12, 34),
(126, 32, 12, 34),
(127, 6, 2, 5),
(128, 6, 2, 5),
(129, 41, 15, 43),
(130, 41, 15, 43),
(131, 53, 19, 54),
(132, 53, 19, 54),
(133, 45, 16, 46),
(134, 45, 16, 46),
(135, 3, 1, 1),
(136, 3, 1, 1),
(137, 42, 15, 41),
(138, 42, 15, 41),
(139, 46, 16, 45),
(140, 46, 16, 45),
(141, 40, 14, 40),
(142, 40, 14, 40),
(143, 38, 14, 39),
(144, 38, 14, 39),
(145, 10, 4, 10),
(146, 10, 4, 10),
(147, 1, 1, 2),
(148, 1, 1, 2),
(149, 35, 13, 37),
(150, 35, 13, 37),
(151, 8, 3, 7),
(152, 8, 3, 7),
(153, 29, 11, 31),
(154, 29, 11, 31),
(155, 49, 17, 48),
(156, 49, 17, 48),
(157, 44, 16, 44),
(158, 44, 16, 44),
(159, 30, 11, 29),
(160, 30, 11, 29),
(161, 56, 20, 58),
(162, 56, 20, 58),
(163, 17, 6, 17),
(164, 17, 6, 17),
(165, 18, 6, 18),
(166, 18, 6, 18),
(167, 26, 10, 28),
(168, 26, 10, 28),
(169, 9, 3, 8),
(170, 9, 3, 8),
(171, 25, 9, 25),
(172, 25, 9, 25),
(173, 7, 3, 9),
(174, 7, 3, 9),
(175, 13, 5, 14),
(176, 13, 5, 14),
(177, 34, 12, 32),
(178, 34, 12, 32),
(179, 5, 2, 6),
(180, 5, 2, 6),
(181, 19, 7, 20),
(182, 19, 7, 20),
(183, 54, 19, 55),
(184, 54, 19, 55),
(185, 61, 21, 60),
(186, 61, 21, 60),
(187, 15, 5, 13),
(188, 15, 5, 13),
(189, 55, 19, 53),
(190, 55, 19, 53),
(191, 36, 13, 36),
(192, 36, 13, 36),
(193, 12, 4, 11),
(194, 12, 4, 11),
(195, 39, 14, 38),
(196, 39, 14, 38),
(197, 20, 7, 19),
(198, 20, 7, 19),
(199, 51, 18, 51),
(200, 51, 18, 51),
(201, 28, 10, 27),
(202, 28, 10, 27),
(203, 58, 20, 56),
(204, 58, 20, 56),
(205, 31, 11, 30),
(206, 31, 11, 30),
(207, 27, 10, 26),
(208, 27, 10, 26),
(209, 37, 13, 35),
(210, 37, 13, 35),
(211, 57, 20, 57),
(212, 57, 20, 57),
(213, 24, 9, 24),
(214, 24, 9, 24),
(215, 4, 2, 4),
(216, 4, 2, 4),
(217, 2, 1, 3),
(218, 2, 1, 3),
(219, 43, 15, 42),
(220, 43, 15, 42),
(221, 52, 18, 52),
(222, 52, 18, 52),
(223, 21, 7, 21),
(224, 21, 7, 21),
(225, 14, 5, 15),
(226, 14, 5, 15),
(227, 33, 12, 33),
(228, 33, 12, 33),
(229, 48, 17, 49),
(230, 48, 17, 49),
(231, 59, 21, 61),
(232, 59, 21, 61),
(233, 50, 18, 50),
(234, 50, 18, 50),
(235, 22, 8, 22),
(236, 22, 8, 22),
(237, 23, 9, 23),
(238, 23, 9, 23),
(239, 11, 4, 12),
(240, 11, 4, 12),
(241, 16, 6, 16),
(242, 16, 6, 16),
(243, 60, 21, 59),
(244, 60, 21, 59)
ON CONFLICT( document_id,
    patient_id,
    case_id,
    sample_id) DO NOTHING;
