
INSERT INTO organization (id, code, name, category) VALUES
  (1, 'CHOP', 'Children Hospital of Philadelphia', 'healthcare_provider'),
  (2, 'UCSF', 'University of California San-Francisco', 'healthcare_provider'),
  (3, 'CHUSJ', 'Centre hospitalier universitaire Sainte-Justine', 'healthcare_provider'),
  (4, 'LDM-CHUSJ', 'Laboratoire de diagnostic moléculaire, CHU Sainte-Justine', 'diagnostic_laboratory'),
  (5, 'LDM-CHOP', 'Molecular Diagnostic Laboratory, CHOP', 'diagnostic_laboratory'),
  (6, 'CQGC', 'Quebec Clinical Genomic Center', 'research_institute')
  ON CONFLICT (code) DO NOTHING;

INSERT INTO patient (id, mrn, managing_organization_id, sex, dob) VALUES
(1, 'MRN-283773', 3, 'female', '2012-02-03'),
(2, 'MRN-283774', 3, 'male', '1970-01-30'),
(3, 'MRN-283775', 3, 'male', '1973-03-23'),
(4, 'MRN-283776', 3, 'male', '1995-08-05'),
(5, 'MRN-283777', 3, 'male', '1971-08-22'),
(6, 'MRN-283778', 3, 'female', '1969-03-21'),
(7, 'MRN-283779', 3, 'male', '2013-01-24'),
(8, 'MRN-283780', 3, 'male', '1988-06-02'),
(9, 'MRN-283781', 3, 'female', '1985-11-05'),
(10, 'MRN-283782', 3, 'female', '2011-11-23'),
(11, 'MRN-283783', 3, 'male', '1987-06-09'),
(12, 'MRN-283784', 3, 'female', '1986-10-18'),
(13, 'MRN-283785', 3, 'female', '2017-09-11'),
(14, 'MRN-283786', 3, 'male', '1989-07-06'),
(15, 'MRN-283787', 3, 'male', '1987-01-12'),
(16, 'MRN-283788', 3, 'male', '2016-07-13'),
(17, 'MRN-283789', 3, 'female', '1989-04-30'),
(18, 'MRN-283790', 3, 'male', '1987-11-06'),
(19, 'MRN-283791', 3, 'female', '1996-06-30'),
(20, 'MRN-283792', 3, 'female', '1995-05-07'),
(21, 'MRN-283793', 3, 'male', '2002-06-17'),
(22, 'MRN-283794', 3, 'male', '2008-01-05'),
(23, 'MRN-283795', 3, 'female', '2003-04-16'),
(24, 'MRN-283796', 3, 'female', '2012-06-21'),
(25, 'MRN-283797', 3, 'male', '1981-08-16'),
(26, 'MRN-283798', 3, 'male', '2006-04-06'),
(27, 'MRN-283799', 3, 'male', '1991-01-09'),
(28, 'MRN-283800', 3, 'female', '2013-08-12'),
(29, 'MRN-283801', 3, 'male', '1957-03-11'),
(30, 'MRN-283802', 3, 'male', '2010-04-07'),
(31, 'MRN-283803', 3, 'female', '1956-12-08'),
(32, 'MRN-283804', 2, 'male', '1988-07-17'),
(33, 'MRN-283805', 2, 'female', '1988-12-06'),
(34, 'MRN-283806', 2, 'female', '2001-05-08'),
(35, 'MRN-283807', 2, 'male', '1978-05-28'),
(36, 'MRN-283808', 2, 'female', '1987-04-26'),
(37, 'MRN-283809', 2, 'female', '1956-01-15'),
(38, 'MRN-283810', 1, 'female', '1999-05-23'),
(39, 'MRN-283811', 1, 'male', '2016-11-09'),
(40, 'MRN-283812', 1, 'male', '1974-01-13'),
(41, 'MRN-283813', 1, 'male', '1965-08-15'),
(42, 'MRN-283814', 1, 'male', '1995-06-18'),
(43, 'MRN-283815', 1, 'female', '2014-10-26'),
(44, 'MRN-283816', 1, 'female', '2021-02-14'),
(45, 'MRN-283817', 1, 'male', '1956-04-29'),
(46, 'MRN-283818', 1, 'female', '1956-01-15'),
(47, 'MRN-283819', 1, 'female', '1973-04-03'),
(48, 'MRN-283820', 1, 'male', '1963-01-13'),
(49, 'MRN-283821', 1, 'female', '1995-07-16'),
(50, 'MRN-283822', 1, 'male', '1990-03-06'),
(51, 'MRN-283823', 1, 'female', '1974-08-09'),
(52, 'MRN-283824', 1, 'male', '1960-07-08'),
(53, 'MRN-283825', 1, 'female', '2019-12-05'),
(54, 'MRN-283826', 1, 'male', '1989-10-22'),
(55, 'MRN-283827', 2, 'male', '2020-02-16'),
(56, 'MRN-283828', 2, 'male', '1977-12-06'),
(57, 'MRN-283829', 2, 'female', '1979-08-04'),
(58, 'MRN-283830', 2, 'female', '1994-06-26'),
(59, 'MRN-283831', 2, 'male', '1984-02-09'),
(60, 'MRN-283832', 2, 'female', '1979-07-01'),
(61, 'MRN-283833', 2, 'female', '1971-07-25')
ON CONFLICT (id) DO NOTHING;

-- Cases

INSERT INTO project (id, code, name, description) VALUES
(1, 'N1', 'NeuroDev Phase I', 'Phase one NeuroDev cases'),
(2, 'N2', 'NeuroDev Phase II', 'Phase two NeuroDev cases')
ON CONFLICT (id) DO NOTHING;

INSERT INTO "case" (id, proband_id, project_id, type, status, primary_condition, panel_id, request_id, performer_lab_id, note, created_on, updated_on) VALUES
(1, 3, 1, 'heriditary_family', 'active', 'neurodevelopmental disorder (MONDO:0700092)', NULL, 1, 6, 'Administrative comment', '2021-09-12 13:08:00', '2021-09-12 13:08:00'),
(2, 4, 1, 'heriditary_family', 'active', 'neurodevelopmental disorder (MONDO:0700092)', NULL, 2, 6, 'Administrative comment', '2021-09-12 13:08:00', '2021-09-12 13:08:00'),
(3, 8, 1, 'heriditary_family', 'active', 'neurodevelopmental disorder (MONDO:0700092)', NULL, 3, 6, 'Administrative comment', '2021-09-12 13:08:00', '2021-09-12 13:08:00'),
(4, 10, 1, 'heriditary_family', 'active', 'neurodevelopmental disorder (MONDO:0700092)', NULL, 4, 6, 'Administrative comment', '2021-09-12 13:08:00', '2021-09-12 13:08:00'),
(5, 15, 1, 'heriditary_family', 'active', 'neurodevelopmental disorder (MONDO:0700092)', NULL, 5, 6, 'Administrative comment', '2021-09-12 13:08:00', '2021-09-12 13:08:00'),
(6, 16, 1, 'heriditary_family', 'active', 'neurodevelopmental disorder (MONDO:0700092)', NULL, 6, 6, 'Administrative comment', '2021-09-12 13:08:00', '2021-09-12 13:08:00'),
(7, 20, 1, 'heriditary_family', 'active', 'neurodevelopmental disorder (MONDO:0700092)', NULL, 7, 6, 'Administrative comment', '2021-09-12 13:08:00', '2021-09-12 13:08:00'),
(8, 22, 1, 'heriditary_single', 'active', 'neurodevelopmental disorder (MONDO:0700092)', NULL, 8, 6, 'Administrative comment', '2021-09-12 13:08:00', '2021-09-12 13:08:00'),
(9, 23, 1, 'heriditary_family', 'active', 'neurodevelopmental disorder (MONDO:0700092)', NULL, 9, 6, 'Administrative comment', '2021-09-12 13:08:00', '2021-09-12 13:08:00'),
(10, 27, 2, 'heriditary_family', 'active', 'neurodevelopmental disorder (MONDO:0700092)', NULL, 10, 6, 'Administrative comment', '2021-09-12 13:08:00', '2021-09-12 13:08:00'),
(11, 30, 2, 'heriditary_family', 'active', 'neurodevelopmental disorder (MONDO:0700092)', NULL, 11, 6, 'Administrative comment', '2021-09-12 13:08:00', '2021-09-12 13:08:00'),
(12, 34, 2, 'heriditary_family', 'active', 'neurodevelopmental disorder (MONDO:0700092)', NULL, 12, 6, 'Administrative comment', '2021-09-12 13:08:00', '2021-09-12 13:08:00'),
(13, 37, 2, 'heriditary_family', 'active', 'neurodevelopmental disorder (MONDO:0700092)', NULL, 13, 6, 'Administrative comment', '2021-09-12 13:08:00', '2021-09-12 13:08:00'),
(14, 39, 2, 'heriditary_family', 'active', 'neurodevelopmental disorder (MONDO:0700092)', NULL, 14, 6, 'Administrative comment', '2021-09-12 13:08:00', '2021-09-12 13:08:00'),
(15, 42, 2, 'heriditary_family', 'active', 'neurodevelopmental disorder (MONDO:0700092)', NULL, 15, 6, 'Administrative comment', '2021-09-12 13:08:00', '2021-09-12 13:08:00'),
(16, 44, 2, 'heriditary_family', 'active', 'neurodevelopmental disorder (MONDO:0700092)', NULL, 16, 6, 'Administrative comment', '2021-09-12 13:08:00', '2021-09-12 13:08:00'),
(17, 47, 2, 'heriditary_family', 'active', 'neurodevelopmental disorder (MONDO:0700092)', NULL, 17, 6, 'Administrative comment', '2021-09-12 13:08:00', '2021-09-12 13:08:00'),
(18, 50, 2, 'heriditary_family', 'active', 'neurodevelopmental disorder (MONDO:0700092)', NULL, 18, 6, 'Administrative comment', '2021-09-12 13:08:00', '2021-09-12 13:08:00'),
(19, 55, 2, 'heriditary_family', 'active', 'neurodevelopmental disorder (MONDO:0700092)', NULL, 19, 6, 'Administrative comment', '2021-09-12 13:08:00', '2021-09-12 13:08:00'),
(20, 58, 2, 'heriditary_family', 'active', 'neurodevelopmental disorder (MONDO:0700092)', NULL, 20, 6, 'Administrative comment', '2021-09-12 13:08:00', '2021-09-12 13:08:00'),
(21, 60, 2, 'heriditary_family', 'active', 'neurodevelopmental disorder (MONDO:0700092)', NULL, 21, 6, 'Administrative comment', '2021-09-12 13:08:00', '2021-09-12 13:08:00')
ON CONFLICT (id) DO NOTHING;

INSERT INTO "family" (id, case_id, family_member_id, relationship_to_proband, affected_status) VALUES
(1, 1, 1, 'mother', 'affected'),
(2, 1, 2, 'father', 'non_affected'),
(3, 2, 5, 'father', 'non_affected'),
(4, 2, 6, 'mother', 'affected'),
(5, 3, 7, 'father', 'non_affected'),
(6, 3, 9, 'mother', 'unknown'),
(7, 4, 11, 'father', 'non_affected'),
(8, 4, 12, 'mother', 'non_affected'),
(9, 5, 13, 'mother', 'affected'),
(10, 5, 14, 'father', 'non_affected'),
(11, 6, 17, 'mother', 'non_affected'),
(12, 6, 18, 'father', 'non_affected'),
(13, 7, 19, 'mother', 'non_affected'),
(14, 7, 21, 'father', 'affected'),
(15, 9, 24, 'mother', 'non_affected'),
(16, 9, 25, 'father', 'non_affected'),
(17, 10, 26, 'father', 'unknown'),
(18, 10, 28, 'mother', 'non_affected'),
(19, 11, 29, 'father', 'non_affected'),
(20, 11, 31, 'mother', 'affected'),
(21, 12, 32, 'father', 'non_affected'),
(22, 12, 33, 'mother', 'non_affected'),
(23, 13, 35, 'father', 'unknown'),
(24, 13, 36, 'mother', 'non_affected'),
(25, 14, 38, 'mother', 'non_affected'),
(26, 14, 40, 'father', 'non_affected'),
(27, 15, 41, 'father', 'non_affected'),
(28, 15, 43, 'mother', 'affected'),
(29, 16, 45, 'father', 'non_affected'),
(30, 16, 46, 'mother', 'non_affected'),
(31, 17, 48, 'father', 'affected'),
(32, 17, 49, 'mother', 'non_affected'),
(33, 18, 51, 'mother', 'non_affected'),
(34, 18, 52, 'father', 'unknown'),
(35, 19, 53, 'mother', 'non_affected'),
(36, 19, 54, 'father', 'non_affected'),
(37, 20, 56, 'father', 'affected'),
(38, 20, 57, 'mother', 'non_affected'),
(39, 21, 59, 'father', 'non_affected'),
(40, 21, 61, 'mother', 'non_affected')
ON CONFLICT (id) DO NOTHING;


INSERT INTO request (id, status, priority, request_code, ordering_physician, ordering_organisation_id, order_number, created_on, updated_on) VALUES
(1, 'completed', 'routine', '31450340', 'Felix Laflamme', 3, '25850340', '2021-10-12 13:08:00', '2021-10-12 13:08:00'),
(2, 'completed', 'routine', '31450341', 'Melissa Lopez', 3, '25850341', '2021-10-12 13:08:00', '2021-10-12 13:08:00'),
(3, 'completed', 'routine', '31450342', 'Christopher Watson', 3, '25850342', '2021-10-12 13:08:00', '2021-10-12 13:08:00'),
(4, 'completed', 'routine', '31450343', 'Victoria Breton', 3, '25850343', '2021-10-12 13:08:00', '2021-10-12 13:08:00'),
(5, 'completed', 'routine', '31450344', 'Antoine Paré', 3, '25850344', '2021-10-12 13:08:00', '2021-10-12 13:08:00'),
(6, 'completed', 'routine', '31450345', 'Jonathan Frye', 3, '25850345', '2021-10-12 13:08:00', '2021-10-12 13:08:00'),
(7, 'completed', 'routine', '31450346', 'Dawn Taylor', 3, '25850346', '2021-10-12 13:08:00', '2021-10-12 13:08:00'),
(8, 'completed', 'routine', '31450347', 'Lauren Maxwell', 3, '25850347', '2021-10-12 13:08:00', '2021-10-12 13:08:00'),
(9, 'completed', 'routine', '31450348', 'Elliot Duchesne', 3, '25850348', '2021-10-12 13:08:00', '2021-10-12 13:08:00'),
(10, 'completed', 'routine', '31450349', 'Alex Williams', 3, '25850349', '2021-10-12 13:08:00', '2021-10-12 13:08:00'),
(11, 'completed', 'routine', '31450350', 'Arthur Séguin', 3, '25850350', '2021-10-12 13:08:00', '2021-10-12 13:08:00'),
(12, 'completed', 'routine', '31450351', 'Raphaelle Veilleux', 3, '25850351', '2021-10-12 13:08:00', '2021-10-12 13:08:00'),
(13, 'completed', 'routine', '31450352', 'Louis Stevens', 3, '25850352', '2021-10-12 13:08:00', '2021-10-12 13:08:00'),
(14, 'completed', 'routine', '31450353', 'Sarah Gervais', 3, '25850353', '2021-10-12 13:08:00', '2021-10-12 13:08:00'),
(15, 'completed', 'routine', '31450354', 'Xavier Peterson', 3, '25850354', '2021-10-12 13:08:00', '2021-10-12 13:08:00'),
(16, 'completed', 'routine', '31450355', 'Jeanne Laroche', 3, '25850355', '2021-10-12 13:08:00', '2021-10-12 13:08:00'),
(17, 'completed', 'routine', '31450356', 'Arnaud Morissette', 3, '25850356', '2021-10-12 13:08:00', '2021-10-12 13:08:00'),
(18, 'completed', 'routine', '31450357', 'Sophia Charron', 3, '25850357', '2021-10-12 13:08:00', '2021-10-12 13:08:00'),
(19, 'completed', 'routine', '31450358', 'Ethan Reid', 3, '25850358', '2021-10-12 13:08:00', '2021-10-12 13:08:00'),
(20, 'completed', 'routine', '31450359', 'Leonie Laplante', 3, '25850359', '2021-10-12 13:08:00', '2021-10-12 13:08:00'),
(21, 'completed', 'routine', '31450360', 'Henri Chabot', 3, '25850360', '2021-10-12 13:08:00', '2021-10-12 13:08:00'),
(22, 'completed', 'urgent', '31450361', 'Alexia Brunet', 3, '25850361', '2021-10-12 13:08:00', '2021-10-12 13:08:00'),
(23, 'completed', 'urgent', '31450362', 'Loic Vézina', 3, '25850362', '2021-10-12 13:08:00', '2021-10-12 13:08:00'),
(24, 'completed', 'urgent', '31450363', 'Rose Desrochers', 3, '25850363', '2021-10-12 13:08:00', '2021-10-12 13:08:00'),
(25, 'completed', 'urgent', '31450364', 'Zachary Morgan', 3, '25850364', '2021-10-12 13:08:00', '2021-10-12 13:08:00'),
(26, 'completed', 'routine', '31450365', 'Julie Hall', 3, '25850365', '2021-10-12 13:08:00', '2021-10-12 13:08:00'),
(27, 'completed', 'routine', '31450366', 'Fadi Hamdan', 3, '25850366', '2021-10-12 13:08:00', '2021-10-12 13:08:00'),
(28, 'completed', 'routine', '31450367', 'Nancy Anoja', 3, '25850367', '2021-10-12 13:08:00', '2021-10-12 13:08:00'),
(29, 'completed', 'routine', '31450368', 'Felix Laflamme', 3, '25850368', '2021-10-12 13:08:00', '2021-10-12 13:08:00'),
(30, 'completed', 'routine', '31450369', 'Melissa Lopez', 3, '25850369', '2021-10-12 13:08:00', '2021-10-12 13:08:00'),
(31, 'completed', 'routine', '31450370', 'Christopher Watson', 3, '25850370', '2021-10-12 13:08:00', '2021-10-12 13:08:00'),
(32, 'completed', 'routine', '31450371', 'Victoria Breton', 3, '25850371', '2021-10-12 13:08:00', '2021-10-12 13:08:00'),
(33, 'completed', 'routine', '31450372', 'Antoine Paré', 3, '25850372', '2021-10-12 13:08:00', '2021-10-12 13:08:00'),
(34, 'completed', 'routine', '31450373', 'Jonathan Frye', 3, '25850373', '2021-10-12 13:08:00', '2021-10-12 13:08:00'),
(35, 'completed', 'stat', '31450374', 'Dawn Taylor', 3, '25850374', '2021-10-12 13:08:00', '2021-10-12 13:08:00'),
(36, 'completed', 'stat', '31450375', 'Lauren Maxwell', 3, '25850375', '2021-10-12 13:08:00', '2021-10-12 13:08:00'),
(37, 'completed', 'stat', '31450376', 'Elliot Duchesne', 3, '25850376', '2021-10-12 13:08:00', '2021-10-12 13:08:00'),
(38, 'completed', 'routine', '31450377', 'Alex Williams', 3, '25850377', '2021-10-12 13:08:00', '2021-10-12 13:08:00'),
(39, 'completed', 'routine', '31450378', 'Arthur Séguin', 3, '25850378', '2021-10-12 13:08:00', '2021-10-12 13:08:00'),
(40, 'completed', 'routine', '31450379', 'Raphaelle Veilleux', 3, '25850379', '2021-10-12 13:08:00', '2021-10-12 13:08:00'),
(41, 'completed', 'routine', '31450380', 'Louis Stevens', 3, '25850380', '2021-10-12 13:08:00', '2021-10-12 13:08:00'),
(42, 'completed', 'routine', '31450381', 'Sarah Gervais', 3, '25850381', '2021-10-12 13:08:00', '2021-10-12 13:08:00'),
(43, 'completed', 'routine', '31450382', 'Xavier Peterson', 3, '25850382', '2021-10-12 13:08:00', '2021-10-12 13:08:00'),
(44, 'completed', 'routine', '31450383', 'Jeanne Laroche', 3, '25850383', '2021-10-12 13:08:00', '2021-10-12 13:08:00'),
(45, 'completed', 'routine', '31450384', 'Arnaud Morissette', 3, '25850384', '2021-10-12 13:08:00', '2021-10-12 13:08:00'),
(46, 'completed', 'routine', '31450385', 'Sophia Charron', 3, '25850385', '2021-10-12 13:08:00', '2021-10-12 13:08:00'),
(47, 'completed', 'routine', '31450386', 'Ethan Reid', 3, '25850386', '2021-10-12 13:08:00', '2021-10-12 13:08:00'),
(48, 'completed', 'routine', '31450387', 'Leonie Laplante', 3, '25850387', '2021-10-12 13:08:00', '2021-10-12 13:08:00'),
(49, 'completed', 'routine', '31450388', 'Henri Chabot', 3, '25850388', '2021-10-12 13:08:00', '2021-10-12 13:08:00'),
(50, 'completed', 'routine', '31450389', 'Alexia Brunet', 3, '25850389', '2021-10-12 13:08:00', '2021-10-12 13:08:00'),
(51, 'completed', 'routine', '31450390', 'Loic Vézina', 3, '25850390', '2021-10-12 13:08:00', '2021-10-12 13:08:00'),
(52, 'completed', 'routine', '31450391', 'Rose Desrochers', 3, '25850391', '2021-10-12 13:08:00', '2021-10-12 13:08:00'),
(53, 'completed', 'routine', '31450392', 'Zachary Morgan', 3, '25850392', '2021-10-12 13:08:00', '2021-10-12 13:08:00'),
(54, 'completed', 'routine', '31450393', 'Julie Hall', 3, '25850393', '2021-10-12 13:08:00', '2021-10-12 13:08:00'),
(55, 'completed', 'routine', '31450394', 'Fadi Hamdan', 3, '25850394', '2021-10-12 13:08:00', '2021-10-12 13:08:00'),
(56, 'completed', 'routine', '31450395', 'Nancy Anoja', 3, '25850395', '2021-10-12 13:08:00', '2021-10-12 13:08:00'),
(57, 'completed', 'routine', '31450396', 'Felix Laflamme', 3, '25850396', '2021-10-12 13:08:00', '2021-10-12 13:08:00'),
(58, 'completed', 'routine', '31450397', 'Melissa Lopez', 3, '25850397', '2021-10-12 13:08:00', '2021-10-12 13:08:00'),
(59, 'completed', 'routine', '31450398', 'Christopher Watson', 3, '25850398', '2021-10-12 13:08:00', '2021-10-12 13:08:00'),
(60, 'completed', 'routine', '31450399', 'Victoria Breton', 3, '25850399', '2021-10-12 13:08:00', '2021-10-12 13:08:00'),
(61, 'completed', 'routine', '31450400', 'Antoine Paré', 3, '25850400', '2021-10-12 13:08:00', '2021-10-12 13:08:00')
ON CONFLICT (id) DO NOTHING;


-- Observations

INSERT INTO "observation_coding" (
    id,
    case_id,
    patient_id,
    observation_code,
    coding_system,
    code_value,
    onset_code,
    interpretation,
    note
) VALUES
(1, 16, 44,'phenotype','HPO', 'HP:0001263', 'unknown', 'negative', 'Clinical comment'),
(2, 16, 44,'phenotype','HPO', 'HP:0011344', 'infantile', 'negative', 'Clinical comment'),
(3, 16, 44,'phenotype','HPO', 'HP:0001518', 'infantile', 'negative', 'Clinical comment'),
(4, 16, 44,'phenotype','HPO', 'HP:0001558', 'unknown', 'negative', 'Clinical comment'),
(5, 16, 44,'phenotype','HPO', 'HP:0001561', 'childhood', 'positive', 'Clinical comment'),
(6, 16, 44,'phenotype','HPO', 'HP:0002643', 'infantile', 'positive', 'Clinical comment'),
(7, 16, 44,'phenotype','HPO', 'HP:0006579', 'childhood', 'positive', 'Clinical comment'),
(8, 16, 44,'phenotype','HPO', 'HP:0030244', 'infantile', 'positive', 'Clinical comment'),
(9, 16, 44,'phenotype','HPO', 'HP:0040187', 'childhood', 'positive', 'Clinical comment'),
(10, 16, 44,'phenotype','HPO', 'HP:0001787', 'childhood', 'positive', 'Clinical comment'),
(11, 16, 44,'phenotype','HPO', 'HP:0001998', 'childhood', 'positive', 'Clinical comment'),
(12, 16, 44,'phenotype','HPO', 'HP:0002033', 'unknown', 'negative', 'Clinical comment'),
(13, 16, 44,'phenotype','HPO', 'HP:0009800', 'childhood', 'positive', 'Clinical comment'),
(14, 16, 44,'phenotype','HPO', 'HP:0010519', 'childhood', 'negative', 'Clinical comment'),
(15, 16, 44,'phenotype','HPO', 'HP:0100622', 'childhood', 'negative', 'Clinical comment'),
(16, 16, 44,'phenotype','HPO', 'HP:0001511', 'unknown', 'negative', 'Clinical comment'),
(17, 16, 44,'phenotype','HPO', 'HP:0001520', 'unknown', 'negative', 'Clinical comment'),
(18, 16, 44,'phenotype','HPO', 'HP:0001562', 'unknown', 'negative', 'Clinical comment'),
(19, 16, 44,'phenotype','HPO', 'HP:0001622', 'unknown', 'positive', 'Clinical comment'),
(20, 15, 42,'phenotype','HPO', 'HP:0001513', 'infantile', 'negative', 'Clinical comment'),
(21, 15, 42,'phenotype','HPO', 'HP:0004324', 'unknown', 'negative', 'Clinical comment'),
(22, 15, 42,'phenotype','HPO', 'HP:0000256', 'infantile', 'positive', 'Clinical comment'),
(23, 15, 42,'phenotype','HPO', 'HP:0000098', 'infantile', 'positive', 'Clinical comment'),
(24, 17, 47,'phenotype','HPO', 'HP:0001631', 'infantile', 'positive', 'Clinical comment'),
(25, 17, 47,'phenotype','HPO', 'HP:0011408', 'childhood', 'positive', 'Clinical comment'),
(26, 17, 47,'phenotype','HPO', 'HP:0000316', 'unknown', 'positive', 'Clinical comment'),
(27, 17, 47,'phenotype','HPO', 'HP:0000486', 'childhood', 'positive', 'Clinical comment'),
(28, 17, 47,'phenotype','HPO', 'HP:0000565', 'infantile', 'positive', 'Clinical comment'),
(29, 17, 47,'phenotype','HPO', 'HP:0001511', 'infantile', 'positive', 'Clinical comment'),
(30, 17, 47,'phenotype','HPO', 'HP:0001562', 'childhood', 'negative', 'Clinical comment'),
(31, 17, 47,'phenotype','HPO', 'HP:0001622', 'childhood', 'positive', 'Clinical comment'),
(32, 17, 47,'phenotype','HPO', 'HP:0001684', 'childhood', 'positive', 'Clinical comment'),
(33, 17, 47,'phenotype','HPO', 'HP:0002033', 'childhood', 'negative', 'Clinical comment'),
(34, 17, 47,'phenotype','HPO', 'HP:0004322', 'childhood', 'negative', 'Clinical comment'),
(35, 17, 47,'phenotype','HPO', 'HP:0004325', 'unknown', 'negative', 'Clinical comment'),
(36, 17, 47,'phenotype','HPO', 'HP:0001629', 'childhood', 'negative', 'Clinical comment'),
(37, 17, 47,'phenotype','HPO', 'HP:0001636', 'unknown', 'negative', 'Clinical comment'),
(38, 17, 47,'phenotype','HPO', 'HP:0001655', 'childhood', 'negative', 'Clinical comment'),
(39, 17, 47,'phenotype','HPO', 'HP:0001680', 'childhood', 'negative', 'Clinical comment'),
(40, 17, 47,'phenotype','HPO', 'HP:0001787', 'infantile', 'positive', 'Clinical comment'),
(41, 17, 47,'phenotype','HPO', 'HP:0001998', 'unknown', 'positive', 'Clinical comment'),
(42, 17, 47,'phenotype','HPO', 'HP:0004488', 'infantile', 'positive', 'Clinical comment'),
(43, 17, 47,'phenotype','HPO', 'HP:0008883', 'unknown', 'negative', 'Clinical comment'),
(44, 17, 47,'phenotype','HPO', 'HP:0009800', 'infantile', 'positive', 'Clinical comment'),
(45, 17, 47,'phenotype','HPO', 'HP:0010519', 'infantile', 'positive', 'Clinical comment'),
(46, 17, 47,'phenotype','HPO', 'HP:0010877', 'infantile', 'negative', 'Clinical comment'),
(47, 17, 47,'phenotype','HPO', 'HP:0011567', 'childhood', 'positive', 'Clinical comment'),
(48, 17, 47,'phenotype','HPO', 'HP:0011675', 'infantile', 'negative', 'Clinical comment'),
(49, 17, 47,'phenotype','HPO', 'HP:0025069', 'childhood', 'positive', 'Clinical comment'),
(50, 17, 47,'phenotype','HPO', 'HP:0025312', 'unknown', 'positive', 'Clinical comment'),
(51, 17, 47,'phenotype','HPO', 'HP:0025313', 'childhood', 'positive', 'Clinical comment'),
(52, 17, 47,'phenotype','HPO', 'HP:0100622', 'childhood', 'positive', 'Clinical comment'),
(53, 17, 47,'phenotype','HPO', 'HP:0000479', 'childhood', 'positive', 'Clinical comment'),
(54, 17, 47,'phenotype','HPO', 'HP:0000481', 'unknown', 'negative', 'Clinical comment'),
(55, 17, 47,'phenotype','HPO', 'HP:0000505', 'unknown', 'negative', 'Clinical comment'),
(56, 17, 47,'phenotype','HPO', 'HP:0000577', 'childhood', 'positive', 'Clinical comment'),
(57, 17, 47,'phenotype','HPO', 'HP:0000587', 'unknown', 'positive', 'Clinical comment'),
(58, 17, 47,'phenotype','HPO', 'HP:0000589', 'childhood', 'negative', 'Clinical comment'),
(59, 17, 47,'phenotype','HPO', 'HP:0000639', 'infantile', 'negative', 'Clinical comment'),
(60, 17, 47,'phenotype','HPO', 'HP:0001520', 'infantile', 'positive', 'Clinical comment'),
(61, 17, 47,'phenotype','HPO', 'HP:0000518', 'infantile', 'negative', 'Clinical comment'),
(62, 17, 47,'phenotype','HPO', 'HP:0000568', 'infantile', 'positive', 'Clinical comment'),
(63, 17, 47,'phenotype','HPO', 'HP:0000593', 'childhood', 'positive', 'Clinical comment'),
(64, 17, 47,'phenotype','HPO', 'HP:0000601', 'childhood', 'positive', 'Clinical comment'),
(65, 17, 47,'phenotype','HPO', 'HP:0001558', 'infantile', 'positive', 'Clinical comment'),
(66, 17, 47,'phenotype','HPO', 'HP:0001561', 'unknown', 'positive', 'Clinical comment'),
(67, 17, 47,'phenotype','HPO', 'HP:0001638', 'infantile', 'negative', 'Clinical comment'),
(68, 17, 47,'phenotype','HPO', 'HP:0001674', 'childhood', 'positive', 'Clinical comment'),
(69, 17, 47,'phenotype','HPO', 'HP:0002643', 'childhood', 'positive', 'Clinical comment'),
(70, 17, 47,'phenotype','HPO', 'HP:0003517', 'unknown', 'positive', 'Clinical comment'),
(71, 17, 47,'phenotype','HPO', 'HP:0006579', 'childhood', 'negative', 'Clinical comment'),
(72, 17, 47,'phenotype','HPO', 'HP:0008846', 'unknown', 'negative', 'Clinical comment'),
(73, 17, 47,'phenotype','HPO', 'HP:0010445', 'childhood', 'negative', 'Clinical comment'),
(74, 17, 47,'phenotype','HPO', 'HP:0025068', 'infantile', 'negative', 'Clinical comment'),
(75, 17, 47,'phenotype','HPO', 'HP:0030244', 'childhood', 'negative', 'Clinical comment'),
(76, 17, 47,'phenotype','HPO', 'HP:0031017', 'infantile', 'positive', 'Clinical comment'),
(77, 17, 47,'phenotype','HPO', 'HP:0040187', 'infantile', 'positive', 'Clinical comment'),
(78, 11, 30,'phenotype','HPO', 'HP:0000486', 'infantile', 'negative', 'Clinical comment'),
(79, 11, 30,'phenotype','HPO', 'HP:0000639', 'infantile', 'negative', 'Clinical comment'),
(80, 11, 30,'phenotype','HPO', 'HP:0001999', 'infantile', 'negative', 'Clinical comment'),
(81, 11, 30,'phenotype','HPO', 'HP:0006934', 'unknown', 'positive', 'Clinical comment'),
(82, 11, 30,'phenotype','HPO', 'HP:0008050', 'infantile', 'positive', 'Clinical comment'),
(83, 11, 30,'phenotype','HPO', 'HP:0200005', 'unknown', 'positive', 'Clinical comment'),
(84, 11, 30,'phenotype','HPO', 'HP:0000098', 'childhood', 'negative', 'Clinical comment'),
(85, 11, 30,'phenotype','HPO', 'HP:0000175', 'infantile', 'negative', 'Clinical comment'),
(86, 11, 30,'phenotype','HPO', 'HP:0000316', 'childhood', 'negative', 'Clinical comment'),
(87, 11, 30,'phenotype','HPO', 'HP:0000518', 'unknown', 'positive', 'Clinical comment'),
(88, 11, 30,'phenotype','HPO', 'HP:0000568', 'childhood', 'positive', 'Clinical comment'),
(89, 11, 30,'phenotype','HPO', 'HP:0000593', 'unknown', 'negative', 'Clinical comment'),
(90, 11, 30,'phenotype','HPO', 'HP:0000601', 'childhood', 'positive', 'Clinical comment'),
(91, 11, 30,'phenotype','HPO', 'HP:0000640', 'childhood', 'negative', 'Clinical comment'),
(92, 11, 30,'phenotype','HPO', 'HP:0000666', 'unknown', 'negative', 'Clinical comment'),
(93, 11, 30,'phenotype','HPO', 'HP:0001363', 'childhood', 'negative', 'Clinical comment'),
(94, 11, 30,'phenotype','HPO', 'HP:0001558', 'childhood', 'positive', 'Clinical comment'),
(95, 11, 30,'phenotype','HPO', 'HP:0001561', 'childhood', 'negative', 'Clinical comment'),
(96, 11, 30,'phenotype','HPO', 'HP:0002643', 'infantile', 'negative', 'Clinical comment'),
(97, 11, 30,'phenotype','HPO', 'HP:0003517', 'childhood', 'positive', 'Clinical comment'),
(98, 11, 30,'phenotype','HPO', 'HP:0006579', 'infantile', 'negative', 'Clinical comment'),
(99, 11, 30,'phenotype','HPO', 'HP:0010542', 'infantile', 'positive', 'Clinical comment'),
(100, 11, 30,'phenotype','HPO', 'HP:0010544', 'infantile', 'negative', 'Clinical comment'),
(101, 11, 30,'phenotype','HPO', 'HP:0030244', 'unknown', 'positive', 'Clinical comment'),
(102, 11, 30,'phenotype','HPO', 'HP:0040187', 'childhood', 'positive', 'Clinical comment'),
(103, 11, 30,'phenotype','HPO', 'HP:0001787', 'unknown', 'positive', 'Clinical comment'),
(104, 11, 30,'phenotype','HPO', 'HP:0001998', 'infantile', 'negative', 'Clinical comment'),
(105, 11, 30,'phenotype','HPO', 'HP:0002033', 'unknown', 'negative', 'Clinical comment'),
(106, 11, 30,'phenotype','HPO', 'HP:0004322', 'unknown', 'negative', 'Clinical comment'),
(107, 11, 30,'phenotype','HPO', 'HP:0004324', 'unknown', 'positive', 'Clinical comment'),
(108, 11, 30,'phenotype','HPO', 'HP:0004325', 'childhood', 'positive', 'Clinical comment'),
(109, 11, 30,'phenotype','HPO', 'HP:0004488', 'unknown', 'negative', 'Clinical comment'),
(110, 11, 30,'phenotype','HPO', 'HP:0009800', 'childhood', 'negative', 'Clinical comment'),
(111, 11, 30,'phenotype','HPO', 'HP:0010519', 'childhood', 'negative', 'Clinical comment'),
(112, 11, 30,'phenotype','HPO', 'HP:0012043', 'childhood', 'negative', 'Clinical comment'),
(113, 11, 30,'phenotype','HPO', 'HP:0030691', 'childhood', 'negative', 'Clinical comment'),
(114, 11, 30,'phenotype','HPO', 'HP:0100622', 'childhood', 'positive', 'Clinical comment'),
(115, 11, 30,'phenotype','HPO', 'HP:0000204', 'childhood', 'negative', 'Clinical comment'),
(116, 11, 30,'phenotype','HPO', 'HP:0000252', 'unknown', 'negative', 'Clinical comment'),
(117, 11, 30,'phenotype','HPO', 'HP:0000256', 'infantile', 'positive', 'Clinical comment'),
(118, 11, 30,'phenotype','HPO', 'HP:0000479', 'unknown', 'negative', 'Clinical comment'),
(119, 11, 30,'phenotype','HPO', 'HP:0000481', 'childhood', 'positive', 'Clinical comment'),
(120, 11, 30,'phenotype','HPO', 'HP:0000505', 'infantile', 'negative', 'Clinical comment'),
(121, 11, 30,'phenotype','HPO', 'HP:0000587', 'unknown', 'negative', 'Clinical comment'),
(122, 11, 30,'phenotype','HPO', 'HP:0000589', 'infantile', 'positive', 'Clinical comment'),
(123, 11, 30,'phenotype','HPO', 'HP:0001361', 'childhood', 'negative', 'Clinical comment'),
(124, 11, 30,'phenotype','HPO', 'HP:0001508', 'unknown', 'negative', 'Clinical comment'),
(125, 11, 30,'phenotype','HPO', 'HP:0001511', 'unknown', 'negative', 'Clinical comment'),
(126, 11, 30,'phenotype','HPO', 'HP:0001528', 'childhood', 'negative', 'Clinical comment'),
(127, 11, 30,'phenotype','HPO', 'HP:0001562', 'infantile', 'negative', 'Clinical comment'),
(128, 11, 30,'phenotype','HPO', 'HP:0001583', 'infantile', 'negative', 'Clinical comment'),
(129, 11, 30,'phenotype','HPO', 'HP:0001622', 'childhood', 'positive', 'Clinical comment'),
(130, 18, 50,'phenotype','HPO', 'HP:0001290', 'childhood', 'positive', 'Clinical comment'),
(131, 18, 50,'phenotype','HPO', 'HP:0000407', 'unknown', 'positive', 'Clinical comment'),
(132, 18, 50,'phenotype','HPO', 'HP:0000408', 'unknown', 'positive', 'Clinical comment'),
(133, 18, 50,'phenotype','HPO', 'HP:0001263', 'infantile', 'negative', 'Clinical comment'),
(134, 18, 50,'phenotype','HPO', 'HP:0001999', 'childhood', 'negative', 'Clinical comment'),
(135, 18, 50,'phenotype','HPO', 'HP:0011344', 'childhood', 'negative', 'Clinical comment'),
(136, 18, 50,'phenotype','HPO', 'HP:0011474', 'childhood', 'positive', 'Clinical comment'),
(137, 18, 50,'phenotype','HPO', 'HP:0001787', 'childhood', 'negative', 'Clinical comment'),
(138, 18, 50,'phenotype','HPO', 'HP:0001998', 'childhood', 'negative', 'Clinical comment'),
(139, 18, 50,'phenotype','HPO', 'HP:0002033', 'childhood', 'negative', 'Clinical comment'),
(140, 18, 50,'phenotype','HPO', 'HP:0004488', 'infantile', 'negative', 'Clinical comment'),
(141, 18, 50,'phenotype','HPO', 'HP:0009800', 'infantile', 'negative', 'Clinical comment'),
(142, 18, 50,'phenotype','HPO', 'HP:0010519', 'infantile', 'negative', 'Clinical comment'),
(143, 18, 50,'phenotype','HPO', 'HP:0100622', 'infantile', 'positive', 'Clinical comment'),
(144, 18, 50,'phenotype','HPO', 'HP:0001511', 'infantile', 'negative', 'Clinical comment'),
(145, 18, 50,'phenotype','HPO', 'HP:0001520', 'unknown', 'positive', 'Clinical comment'),
(146, 18, 50,'phenotype','HPO', 'HP:0001562', 'infantile', 'negative', 'Clinical comment'),
(147, 18, 50,'phenotype','HPO', 'HP:0001622', 'unknown', 'positive', 'Clinical comment'),
(148, 18, 50,'phenotype','HPO', 'HP:0001518', 'infantile', 'positive', 'Clinical comment'),
(149, 18, 50,'phenotype','HPO', 'HP:0001558', 'unknown', 'positive', 'Clinical comment'),
(150, 18, 50,'phenotype','HPO', 'HP:0001561', 'unknown', 'positive', 'Clinical comment'),
(151, 18, 50,'phenotype','HPO', 'HP:0002643', 'unknown', 'positive', 'Clinical comment'),
(152, 18, 50,'phenotype','HPO', 'HP:0003517', 'unknown', 'positive', 'Clinical comment'),
(153, 18, 50,'phenotype','HPO', 'HP:0003561', 'infantile', 'positive', 'Clinical comment'),
(154, 18, 50,'phenotype','HPO', 'HP:0006579', 'unknown', 'positive', 'Clinical comment'),
(155, 18, 50,'phenotype','HPO', 'HP:0030244', 'unknown', 'negative', 'Clinical comment'),
(156, 18, 50,'phenotype','HPO', 'HP:0040187', 'unknown', 'positive', 'Clinical comment'),
(157, 2, 4,'phenotype','HPO', 'HP:0001263', 'childhood', 'negative', 'Clinical comment'),
(158, 7, 20,'phenotype','HPO', 'HP:0002904', 'unknown', 'negative', 'Clinical comment'),
(159, 7, 20,'phenotype','HPO', 'HP:0010818', 'childhood', 'positive', 'Clinical comment'),
(160, 7, 20,'phenotype','HPO', 'HP:0011282', 'childhood', 'negative', 'Clinical comment'),
(161, 7, 20,'phenotype','HPO', 'HP:0000646', 'childhood', 'negative', 'Clinical comment'),
(162, 7, 20,'phenotype','HPO', 'HP:0000486', 'unknown', 'negative', 'Clinical comment'),
(163, 7, 20,'phenotype','HPO', 'HP:0000577', 'unknown', 'negative', 'Clinical comment'),
(164, 7, 20,'phenotype','HPO', 'HP:0001250', 'infantile', 'negative', 'Clinical comment'),
(165, 7, 20,'phenotype','HPO', 'HP:0002011', 'infantile', 'positive', 'Clinical comment'),
(166, 7, 20,'phenotype','HPO', 'HP:0002197', 'infantile', 'negative', 'Clinical comment'),
(167, 7, 20,'phenotype','HPO', 'HP:0004325', 'unknown', 'positive', 'Clinical comment'),
(168, 7, 20,'phenotype','HPO', 'HP:0007068', 'childhood', 'positive', 'Clinical comment'),
(169, 7, 20,'phenotype','HPO', 'HP:0010819', 'unknown', 'positive', 'Clinical comment'),
(170, 7, 20,'phenotype','HPO', 'HP:0012443', 'infantile', 'positive', 'Clinical comment'),
(171, 7, 20,'phenotype','HPO', 'HP:0009800', 'unknown', 'positive', 'Clinical comment'),
(172, 7, 20,'phenotype','HPO', 'HP:0010519', 'childhood', 'positive', 'Clinical comment'),
(173, 7, 20,'phenotype','HPO', 'HP:0100622', 'unknown', 'positive', 'Clinical comment'),
(174, 7, 20,'phenotype','HPO', 'HP:0000479', 'childhood', 'positive', 'Clinical comment'),
(175, 7, 20,'phenotype','HPO', 'HP:0000587', 'childhood', 'negative', 'Clinical comment'),
(176, 7, 20,'phenotype','HPO', 'HP:0001562', 'unknown', 'positive', 'Clinical comment'),
(177, 7, 20,'phenotype','HPO', 'HP:0001622', 'infantile', 'negative', 'Clinical comment'),
(178, 7, 20,'phenotype','HPO', 'HP:0000568', 'childhood', 'negative', 'Clinical comment'),
(179, 7, 20,'phenotype','HPO', 'HP:0001558', 'childhood', 'negative', 'Clinical comment'),
(180, 7, 20,'phenotype','HPO', 'HP:0001561', 'childhood', 'positive', 'Clinical comment'),
(181, 7, 20,'phenotype','HPO', 'HP:0030244', 'childhood', 'negative', 'Clinical comment'),
(182, 9, 23,'phenotype','HPO', 'HP:0001272', 'unknown', 'positive', 'Clinical comment'),
(183, 9, 23,'phenotype','HPO', 'HP:0001520', 'unknown', 'negative', 'Clinical comment'),
(184, 9, 23,'phenotype','HPO', 'HP:0001623', 'unknown', 'negative', 'Clinical comment'),
(185, 9, 23,'phenotype','HPO', 'HP:0100277', 'childhood', 'positive', 'Clinical comment'),
(186, 9, 23,'phenotype','HPO', 'HP:0000256', 'unknown', 'positive', 'Clinical comment'),
(187, 9, 23,'phenotype','HPO', 'HP:0006579', 'childhood', 'negative', 'Clinical comment'),
(188, 9, 23,'phenotype','HPO', 'HP:0001622', 'childhood', 'negative', 'Clinical comment'),
(189, 21, 60,'phenotype','HPO', 'HP:0001518', 'unknown', 'negative', 'Clinical comment'),
(190, 21, 60,'phenotype','HPO', 'HP:0001558', 'infantile', 'negative', 'Clinical comment'),
(191, 21, 60,'phenotype','HPO', 'HP:0001561', 'infantile', 'negative', 'Clinical comment'),
(192, 21, 60,'phenotype','HPO', 'HP:0002643', 'childhood', 'negative', 'Clinical comment'),
(193, 21, 60,'phenotype','HPO', 'HP:0003517', 'unknown', 'positive', 'Clinical comment'),
(194, 21, 60,'phenotype','HPO', 'HP:0003561', 'childhood', 'positive', 'Clinical comment'),
(195, 21, 60,'phenotype','HPO', 'HP:0006579', 'infantile', 'negative', 'Clinical comment'),
(196, 21, 60,'phenotype','HPO', 'HP:0030244', 'infantile', 'positive', 'Clinical comment'),
(197, 21, 60,'phenotype','HPO', 'HP:0040187', 'infantile', 'positive', 'Clinical comment'),
(198, 21, 60,'phenotype','HPO', 'HP:0001787', 'unknown', 'negative', 'Clinical comment'),
(199, 21, 60,'phenotype','HPO', 'HP:0001998', 'childhood', 'negative', 'Clinical comment'),
(200, 21, 60,'phenotype','HPO', 'HP:0002033', 'infantile', 'positive', 'Clinical comment'),
(201, 21, 60,'phenotype','HPO', 'HP:0004488', 'childhood', 'negative', 'Clinical comment'),
(202, 21, 60,'phenotype','HPO', 'HP:0009800', 'childhood', 'negative', 'Clinical comment'),
(203, 21, 60,'phenotype','HPO', 'HP:0010519', 'unknown', 'positive', 'Clinical comment'),
(204, 21, 60,'phenotype','HPO', 'HP:0011451', 'infantile', 'positive', 'Clinical comment'),
(205, 21, 60,'phenotype','HPO', 'HP:0100622', 'infantile', 'positive', 'Clinical comment'),
(206, 21, 60,'phenotype','HPO', 'HP:0001511', 'unknown', 'positive', 'Clinical comment'),
(207, 21, 60,'phenotype','HPO', 'HP:0001520', 'infantile', 'positive', 'Clinical comment'),
(208, 21, 60,'phenotype','HPO', 'HP:0001562', 'childhood', 'positive', 'Clinical comment'),
(209, 21, 60,'phenotype','HPO', 'HP:0001622', 'infantile', 'positive', 'Clinical comment'),
(210, 6, 16,'phenotype','HPO', 'HP:0001263', 'unknown', 'positive', 'Clinical comment'),
(211, 6, 16,'phenotype','HPO', 'HP:0001290', 'unknown', 'negative', 'Clinical comment'),
(212, 6, 16,'phenotype','HPO', 'HP:0001622', 'unknown', 'positive', 'Clinical comment'),
(213, 3, 8,'phenotype','HPO', 'HP:0001263', 'infantile', 'negative', 'Clinical comment'),
(214, 3, 8,'phenotype','HPO', 'HP:0011451', 'unknown', 'positive', 'Clinical comment'),
(215, 3, 8,'phenotype','HPO', 'HP:0001622', 'childhood', 'negative', 'Clinical comment'),
(216, 4, 10,'phenotype','HPO', 'HP:0001257', 'childhood', 'positive', 'Clinical comment'),
(217, 4, 10,'phenotype','HPO', 'HP:0001344', 'childhood', 'negative', 'Clinical comment'),
(218, 4, 10,'phenotype','HPO', 'HP:0006863', 'infantile', 'negative', 'Clinical comment'),
(219, 4, 10,'phenotype','HPO', 'HP:0025335', 'infantile', 'negative', 'Clinical comment'),
(220, 4, 10,'phenotype','HPO', 'HP:0025336', 'infantile', 'negative', 'Clinical comment'),
(221, 4, 10,'phenotype','HPO', 'HP:0000750', 'infantile', 'positive', 'Clinical comment'),
(222, 4, 10,'phenotype','HPO', 'HP:0001263', 'childhood', 'negative', 'Clinical comment'),
(223, 4, 10,'phenotype','HPO', 'HP:0001276', 'unknown', 'positive', 'Clinical comment'),
(224, 4, 10,'phenotype','HPO', 'HP:0001328', 'unknown', 'positive', 'Clinical comment'),
(225, 4, 10,'phenotype','HPO', 'HP:0002194', 'infantile', 'negative', 'Clinical comment'),
(226, 4, 10,'phenotype','HPO', 'HP:0002474', 'unknown', 'negative', 'Clinical comment'),
(227, 4, 10,'phenotype','HPO', 'HP:0007728', 'unknown', 'positive', 'Clinical comment'),
(228, 4, 10,'phenotype','HPO', 'HP:0010862', 'unknown', 'negative', 'Clinical comment'),
(229, 4, 10,'phenotype','HPO', 'HP:0011344', 'unknown', 'positive', 'Clinical comment'),
(230, 4, 10,'phenotype','HPO', 'HP:0001787', 'childhood', 'positive', 'Clinical comment'),
(231, 4, 10,'phenotype','HPO', 'HP:0001998', 'unknown', 'negative', 'Clinical comment'),
(232, 4, 10,'phenotype','HPO', 'HP:0002033', 'childhood', 'negative', 'Clinical comment'),
(233, 4, 10,'phenotype','HPO', 'HP:0004488', 'childhood', 'positive', 'Clinical comment'),
(234, 4, 10,'phenotype','HPO', 'HP:0009800', 'unknown', 'negative', 'Clinical comment'),
(235, 4, 10,'phenotype','HPO', 'HP:0010519', 'childhood', 'negative', 'Clinical comment'),
(236, 4, 10,'phenotype','HPO', 'HP:0011342', 'infantile', 'positive', 'Clinical comment'),
(237, 4, 10,'phenotype','HPO', 'HP:0011346', 'unknown', 'positive', 'Clinical comment'),
(238, 4, 10,'phenotype','HPO', 'HP:0012736', 'infantile', 'positive', 'Clinical comment'),
(239, 4, 10,'phenotype','HPO', 'HP:0100622', 'unknown', 'positive', 'Clinical comment'),
(240, 4, 10,'phenotype','HPO', 'HP:0001511', 'unknown', 'positive', 'Clinical comment'),
(241, 4, 10,'phenotype','HPO', 'HP:0001520', 'infantile', 'negative', 'Clinical comment'),
(242, 4, 10,'phenotype','HPO', 'HP:0001562', 'unknown', 'positive', 'Clinical comment'),
(243, 4, 10,'phenotype','HPO', 'HP:0001622', 'childhood', 'negative', 'Clinical comment'),
(244, 4, 10,'phenotype','HPO', 'HP:0001518', 'childhood', 'positive', 'Clinical comment'),
(245, 4, 10,'phenotype','HPO', 'HP:0001558', 'childhood', 'positive', 'Clinical comment'),
(246, 4, 10,'phenotype','HPO', 'HP:0001561', 'unknown', 'negative', 'Clinical comment'),
(247, 4, 10,'phenotype','HPO', 'HP:0002643', 'infantile', 'negative', 'Clinical comment'),
(248, 4, 10,'phenotype','HPO', 'HP:0003517', 'childhood', 'negative', 'Clinical comment'),
(249, 4, 10,'phenotype','HPO', 'HP:0006579', 'childhood', 'negative', 'Clinical comment'),
(250, 4, 10,'phenotype','HPO', 'HP:0011343', 'infantile', 'positive', 'Clinical comment'),
(251, 4, 10,'phenotype','HPO', 'HP:0011345', 'unknown', 'negative', 'Clinical comment'),
(252, 4, 10,'phenotype','HPO', 'HP:0030244', 'unknown', 'positive', 'Clinical comment'),
(253, 4, 10,'phenotype','HPO', 'HP:0040187', 'infantile', 'negative', 'Clinical comment'),
(254, 5, 15,'phenotype','HPO', 'HP:0001319', 'infantile', 'negative', 'Clinical comment'),
(255, 5, 15,'phenotype','HPO', 'HP:0001513', 'unknown', 'positive', 'Clinical comment'),
(256, 5, 15,'phenotype','HPO', 'HP:0004324', 'infantile', 'positive', 'Clinical comment'),
(257, 5, 15,'phenotype','HPO', 'HP:0001787', 'unknown', 'positive', 'Clinical comment'),
(258, 5, 15,'phenotype','HPO', 'HP:0001998', 'unknown', 'positive', 'Clinical comment'),
(259, 5, 15,'phenotype','HPO', 'HP:0009800', 'infantile', 'positive', 'Clinical comment'),
(260, 5, 15,'phenotype','HPO', 'HP:0010519', 'infantile', 'negative', 'Clinical comment'),
(261, 5, 15,'phenotype','HPO', 'HP:0100622', 'infantile', 'positive', 'Clinical comment'),
(262, 5, 15,'phenotype','HPO', 'HP:0001511', 'childhood', 'positive', 'Clinical comment'),
(263, 5, 15,'phenotype','HPO', 'HP:0001562', 'childhood', 'negative', 'Clinical comment'),
(264, 5, 15,'phenotype','HPO', 'HP:0001622', 'unknown', 'positive', 'Clinical comment'),
(265, 5, 15,'phenotype','HPO', 'HP:0001558', 'infantile', 'negative', 'Clinical comment'),
(266, 5, 15,'phenotype','HPO', 'HP:0001561', 'unknown', 'negative', 'Clinical comment'),
(267, 5, 15,'phenotype','HPO', 'HP:0002643', 'infantile', 'negative', 'Clinical comment'),
(268, 5, 15,'phenotype','HPO', 'HP:0006579', 'childhood', 'negative', 'Clinical comment'),
(269, 5, 15,'phenotype','HPO', 'HP:0030244', 'childhood', 'positive', 'Clinical comment'),
(270, 5, 15,'phenotype','HPO', 'HP:0040187', 'infantile', 'negative', 'Clinical comment'),
(271, 12, 34,'phenotype','HPO', 'HP:0001257', 'childhood', 'negative', 'Clinical comment'),
(272, 12, 34,'phenotype','HPO', 'HP:0001290', 'childhood', 'negative', 'Clinical comment'),
(273, 12, 34,'phenotype','HPO', 'HP:0031165', 'infantile', 'positive', 'Clinical comment'),
(274, 12, 34,'phenotype','HPO', 'HP:0001250', 'childhood', 'negative', 'Clinical comment'),
(275, 12, 34,'phenotype','HPO', 'HP:0001263', 'infantile', 'positive', 'Clinical comment'),
(276, 12, 34,'phenotype','HPO', 'HP:0002072', 'childhood', 'positive', 'Clinical comment'),
(277, 12, 34,'phenotype','HPO', 'HP:0002266', 'infantile', 'negative', 'Clinical comment'),
(278, 12, 34,'phenotype','HPO', 'HP:0002384', 'infantile', 'negative', 'Clinical comment'),
(279, 12, 34,'phenotype','HPO', 'HP:0004322', 'infantile', 'negative', 'Clinical comment'),
(280, 12, 34,'phenotype','HPO', 'HP:0007359', 'childhood', 'negative', 'Clinical comment'),
(281, 12, 34,'phenotype','HPO', 'HP:0011146', 'infantile', 'positive', 'Clinical comment'),
(282, 12, 34,'phenotype','HPO', 'HP:0011153', 'unknown', 'positive', 'Clinical comment'),
(283, 12, 34,'phenotype','HPO', 'HP:0011344', 'unknown', 'negative', 'Clinical comment'),
(284, 12, 34,'phenotype','HPO', 'HP:0012736', 'childhood', 'positive', 'Clinical comment'),
(285, 12, 34,'phenotype','HPO', 'HP:0000252', 'childhood', 'negative', 'Clinical comment'),
(286, 12, 34,'phenotype','HPO', 'HP:0001787', 'childhood', 'negative', 'Clinical comment'),
(287, 12, 34,'phenotype','HPO', 'HP:0001998', 'childhood', 'negative', 'Clinical comment'),
(288, 12, 34,'phenotype','HPO', 'HP:0002033', 'childhood', 'negative', 'Clinical comment'),
(289, 12, 34,'phenotype','HPO', 'HP:0004488', 'childhood', 'negative', 'Clinical comment'),
(290, 12, 34,'phenotype','HPO', 'HP:0009800', 'infantile', 'negative', 'Clinical comment'),
(291, 12, 34,'phenotype','HPO', 'HP:0010519', 'infantile', 'negative', 'Clinical comment'),
(292, 12, 34,'phenotype','HPO', 'HP:0100622', 'infantile', 'negative', 'Clinical comment'),
(293, 12, 34,'phenotype','HPO', 'HP:0001511', 'infantile', 'positive', 'Clinical comment'),
(294, 12, 34,'phenotype','HPO', 'HP:0001520', 'infantile', 'negative', 'Clinical comment'),
(295, 12, 34,'phenotype','HPO', 'HP:0001562', 'unknown', 'positive', 'Clinical comment'),
(296, 12, 34,'phenotype','HPO', 'HP:0001622', 'unknown', 'positive', 'Clinical comment'),
(297, 12, 34,'phenotype','HPO', 'HP:0001558', 'unknown', 'positive', 'Clinical comment'),
(298, 12, 34,'phenotype','HPO', 'HP:0001561', 'infantile', 'positive', 'Clinical comment'),
(299, 12, 34,'phenotype','HPO', 'HP:0002643', 'unknown', 'positive', 'Clinical comment'),
(300, 12, 34,'phenotype','HPO', 'HP:0003517', 'unknown', 'positive', 'Clinical comment'),
(301, 12, 34,'phenotype','HPO', 'HP:0006579', 'unknown', 'positive', 'Clinical comment'),
(302, 12, 34,'phenotype','HPO', 'HP:0030244', 'unknown', 'negative', 'Clinical comment'),
(303, 12, 34,'phenotype','HPO', 'HP:0040187', 'unknown', 'negative', 'Clinical comment'),
(304, 14, 39,'phenotype','HPO', 'HP:0001263', 'unknown', 'negative', 'Clinical comment'),
(305, 14, 39,'phenotype','HPO', 'HP:0001999', 'infantile', 'negative', 'Clinical comment'),
(306, 14, 39,'phenotype','HPO', 'HP:0012498', 'infantile', 'negative', 'Clinical comment'),
(307, 14, 39,'phenotype','HPO', 'HP:0012736', 'infantile', 'negative', 'Clinical comment'),
(308, 14, 39,'phenotype','HPO', 'HP:0000280', 'childhood', 'positive', 'Clinical comment'),
(309, 14, 39,'phenotype','HPO', 'HP:0000325', 'unknown', 'positive', 'Clinical comment'),
(310, 14, 39,'phenotype','HPO', 'HP:0001195', 'childhood', 'positive', 'Clinical comment'),
(311, 14, 39,'phenotype','HPO', 'HP:0000175', 'infantile', 'negative', 'Clinical comment'),
(312, 14, 39,'phenotype','HPO', 'HP:0001257', 'unknown', 'positive', 'Clinical comment'),
(313, 14, 39,'phenotype','HPO', 'HP:0001290', 'infantile', 'negative', 'Clinical comment'),
(314, 14, 39,'phenotype','HPO', 'HP:0001363', 'childhood', 'positive', 'Clinical comment'),
(315, 14, 39,'phenotype','HPO', 'HP:0001518', 'unknown', 'positive', 'Clinical comment'),
(316, 14, 39,'phenotype','HPO', 'HP:0001558', 'unknown', 'positive', 'Clinical comment'),
(317, 14, 39,'phenotype','HPO', 'HP:0001561', 'childhood', 'negative', 'Clinical comment'),
(318, 14, 39,'phenotype','HPO', 'HP:0002643', 'unknown', 'negative', 'Clinical comment'),
(319, 14, 39,'phenotype','HPO', 'HP:0003517', 'childhood', 'negative', 'Clinical comment'),
(320, 14, 39,'phenotype','HPO', 'HP:0003561', 'childhood', 'negative', 'Clinical comment'),
(321, 14, 39,'phenotype','HPO', 'HP:0006579', 'childhood', 'negative', 'Clinical comment'),
(322, 14, 39,'phenotype','HPO', 'HP:0010301', 'infantile', 'negative', 'Clinical comment'),
(323, 14, 39,'phenotype','HPO', 'HP:0030244', 'infantile', 'positive', 'Clinical comment'),
(324, 14, 39,'phenotype','HPO', 'HP:0040187', 'infantile', 'negative', 'Clinical comment'),
(325, 14, 39,'phenotype','HPO', 'HP:0001787', 'infantile', 'negative', 'Clinical comment'),
(326, 14, 39,'phenotype','HPO', 'HP:0001998', 'infantile', 'negative', 'Clinical comment'),
(327, 14, 39,'phenotype','HPO', 'HP:0002033', 'unknown', 'positive', 'Clinical comment'),
(328, 14, 39,'phenotype','HPO', 'HP:0002072', 'childhood', 'positive', 'Clinical comment'),
(329, 14, 39,'phenotype','HPO', 'HP:0004488', 'infantile', 'positive', 'Clinical comment'),
(330, 14, 39,'phenotype','HPO', 'HP:0004875', 'childhood', 'positive', 'Clinical comment'),
(331, 14, 39,'phenotype','HPO', 'HP:0009800', 'infantile', 'negative', 'Clinical comment'),
(332, 14, 39,'phenotype','HPO', 'HP:0010519', 'childhood', 'negative', 'Clinical comment'),
(333, 14, 39,'phenotype','HPO', 'HP:0011451', 'infantile', 'negative', 'Clinical comment'),
(334, 14, 39,'phenotype','HPO', 'HP:0012768', 'childhood', 'positive', 'Clinical comment'),
(335, 14, 39,'phenotype','HPO', 'HP:0100622', 'childhood', 'negative', 'Clinical comment'),
(336, 14, 39,'phenotype','HPO', 'HP:0000204', 'childhood', 'positive', 'Clinical comment'),
(337, 14, 39,'phenotype','HPO', 'HP:0000339', 'infantile', 'negative', 'Clinical comment'),
(338, 14, 39,'phenotype','HPO', 'HP:0001250', 'unknown', 'negative', 'Clinical comment'),
(339, 14, 39,'phenotype','HPO', 'HP:0001251', 'childhood', 'negative', 'Clinical comment'),
(340, 14, 39,'phenotype','HPO', 'HP:0001332', 'childhood', 'positive', 'Clinical comment'),
(341, 14, 39,'phenotype','HPO', 'HP:0001511', 'childhood', 'positive', 'Clinical comment'),
(342, 14, 39,'phenotype','HPO', 'HP:0001520', 'childhood', 'negative', 'Clinical comment'),
(343, 14, 39,'phenotype','HPO', 'HP:0001562', 'childhood', 'positive', 'Clinical comment'),
(344, 14, 39,'phenotype','HPO', 'HP:0001622', 'infantile', 'negative', 'Clinical comment'),
(345, 10, 27,'phenotype','HPO', 'HP:0006986', 'childhood', 'positive', 'Clinical comment'),
(346, 10, 27,'phenotype','HPO', 'HP:0000256', 'infantile', 'negative', 'Clinical comment'),
(347, 10, 27,'phenotype','HPO', 'HP:0001257', 'unknown', 'positive', 'Clinical comment'),
(348, 10, 27,'phenotype','HPO', 'HP:0001290', 'childhood', 'positive', 'Clinical comment'),
(349, 10, 27,'phenotype','HPO', 'HP:0003517', 'unknown', 'positive', 'Clinical comment'),
(350, 10, 27,'phenotype','HPO', 'HP:0001998', 'infantile', 'negative', 'Clinical comment'),
(351, 10, 27,'phenotype','HPO', 'HP:0002033', 'infantile', 'negative', 'Clinical comment'),
(352, 10, 27,'phenotype','HPO', 'HP:0001520', 'unknown', 'positive', 'Clinical comment'),
(353, 10, 27,'phenotype','HPO', 'HP:0001622', 'unknown', 'positive', 'Clinical comment'),
(354, 10, 27,'phenotype','HPO', 'HP:0001518', 'childhood', 'positive', 'Clinical comment'),
(355, 10, 27,'phenotype','HPO', 'HP:0002643', 'unknown', 'negative', 'Clinical comment'),
(356, 10, 27,'phenotype','HPO', 'HP:0006579', 'childhood', 'negative', 'Clinical comment'),
(357, 10, 27,'phenotype','HPO', 'HP:0040187', 'infantile', 'negative', 'Clinical comment'),
(358, 1, 3,'phenotype','HPO', 'HP:0000717', 'childhood', 'negative', 'Clinical comment'),
(359, 1, 3,'phenotype','HPO', 'HP:0001263', 'childhood', 'negative', 'Clinical comment'),
(360, 19, 55,'phenotype','HPO', 'HP:0001998', 'childhood', 'positive', 'Clinical comment'),
(361, 19, 55,'phenotype','HPO', 'HP:0002033', 'childhood', 'negative', 'Clinical comment'),
(362, 19, 55,'phenotype','HPO', 'HP:0009800', 'infantile', 'negative', 'Clinical comment'),
(363, 19, 55,'phenotype','HPO', 'HP:0010519', 'infantile', 'negative', 'Clinical comment'),
(364, 19, 55,'phenotype','HPO', 'HP:0100622', 'unknown', 'negative', 'Clinical comment'),
(365, 19, 55,'phenotype','HPO', 'HP:0001511', 'childhood', 'positive', 'Clinical comment'),
(366, 19, 55,'phenotype','HPO', 'HP:0001562', 'infantile', 'positive', 'Clinical comment'),
(367, 19, 55,'phenotype','HPO', 'HP:0001622', 'unknown', 'positive', 'Clinical comment'),
(368, 19, 55,'phenotype','HPO', 'HP:0001558', 'infantile', 'negative', 'Clinical comment'),
(369, 19, 55,'phenotype','HPO', 'HP:0001561', 'unknown', 'positive', 'Clinical comment'),
(370, 19, 55,'phenotype','HPO', 'HP:0002643', 'unknown', 'negative', 'Clinical comment'),
(371, 19, 55,'phenotype','HPO', 'HP:0006579', 'unknown', 'negative', 'Clinical comment'),
(372, 19, 55,'phenotype','HPO', 'HP:0030244', 'childhood', 'negative', 'Clinical comment'),
(373, 19, 55,'phenotype','HPO', 'HP:0040187', 'childhood', 'negative', 'Clinical comment'),
(374, 8, 22,'phenotype','HPO', 'HP:0002069', 'childhood', 'negative', 'Clinical comment'),
(375, 8, 22,'phenotype','HPO', 'HP:0002123', 'childhood', 'negative', 'Clinical comment'),
(376, 8, 22,'phenotype','HPO', 'HP:0001250', 'infantile', 'negative', 'Clinical comment'),
(377, 8, 22,'phenotype','HPO', 'HP:0002197', 'unknown', 'positive', 'Clinical comment'),
(378, 8, 22,'phenotype','HPO', 'HP:0001629', 'childhood', 'negative', 'Clinical comment'),
(379, 8, 22,'phenotype','HPO', 'HP:0001636', 'infantile', 'negative', 'Clinical comment'),
(380, 8, 22,'phenotype','HPO', 'HP:0001680', 'infantile', 'positive', 'Clinical comment'),
(381, 8, 22,'phenotype','HPO', 'HP:0001738', 'infantile', 'negative', 'Clinical comment'),
(382, 8, 22,'phenotype','HPO', 'HP:0001787', 'unknown', 'positive', 'Clinical comment'),
(383, 8, 22,'phenotype','HPO', 'HP:0001998', 'unknown', 'positive', 'Clinical comment'),
(384, 8, 22,'phenotype','HPO', 'HP:0001999', 'unknown', 'negative', 'Clinical comment'),
(385, 8, 22,'phenotype','HPO', 'HP:0002033', 'infantile', 'negative', 'Clinical comment'),
(386, 8, 22,'phenotype','HPO', 'HP:0002088', 'childhood', 'negative', 'Clinical comment'),
(387, 8, 22,'phenotype','HPO', 'HP:0002251', 'unknown', 'negative', 'Clinical comment'),
(388, 8, 22,'phenotype','HPO', 'HP:0002652', 'childhood', 'positive', 'Clinical comment'),
(389, 8, 22,'phenotype','HPO', 'HP:0002659', 'childhood', 'negative', 'Clinical comment'),
(390, 8, 22,'phenotype','HPO', 'HP:0004467', 'childhood', 'negative', 'Clinical comment'),
(391, 8, 22,'phenotype','HPO', 'HP:0004488', 'childhood', 'negative', 'Clinical comment'),
(392, 8, 22,'phenotype','HPO', 'HP:0005306', 'childhood', 'negative', 'Clinical comment'),
(393, 8, 22,'phenotype','HPO', 'HP:0009800', 'childhood', 'negative', 'Clinical comment'),
(394, 8, 22,'phenotype','HPO', 'HP:0009816', 'infantile', 'negative', 'Clinical comment'),
(395, 8, 22,'phenotype','HPO', 'HP:0010519', 'childhood', 'positive', 'Clinical comment'),
(396, 8, 22,'phenotype','HPO', 'HP:0011451', 'infantile', 'negative', 'Clinical comment'),
(397, 8, 22,'phenotype','HPO', 'HP:0011675', 'unknown', 'positive', 'Clinical comment'),
(398, 8, 22,'phenotype','HPO', 'HP:0100622', 'infantile', 'negative', 'Clinical comment'),
(399, 8, 22,'phenotype','HPO', 'HP:0000028', 'unknown', 'positive', 'Clinical comment'),
(400, 8, 22,'phenotype','HPO', 'HP:0000062', 'infantile', 'positive', 'Clinical comment'),
(401, 8, 22,'phenotype','HPO', 'HP:0000107', 'unknown', 'positive', 'Clinical comment'),
(402, 8, 22,'phenotype','HPO', 'HP:0000204', 'unknown', 'negative', 'Clinical comment'),
(403, 8, 22,'phenotype','HPO', 'HP:0000819', 'unknown', 'positive', 'Clinical comment'),
(404, 8, 22,'phenotype','HPO', 'HP:0000953', 'childhood', 'positive', 'Clinical comment'),
(405, 8, 22,'phenotype','HPO', 'HP:0001010', 'infantile', 'negative', 'Clinical comment'),
(406, 8, 22,'phenotype','HPO', 'HP:0001396', 'childhood', 'positive', 'Clinical comment'),
(407, 8, 22,'phenotype','HPO', 'HP:0001511', 'unknown', 'negative', 'Clinical comment'),
(408, 8, 22,'phenotype','HPO', 'HP:0001520', 'unknown', 'positive', 'Clinical comment'),
(409, 8, 22,'phenotype','HPO', 'HP:0001562', 'childhood', 'positive', 'Clinical comment'),
(410, 8, 22,'phenotype','HPO', 'HP:0001622', 'unknown', 'negative', 'Clinical comment'),
(411, 8, 22,'phenotype','HPO', 'HP:0000047', 'childhood', 'positive', 'Clinical comment'),
(412, 8, 22,'phenotype','HPO', 'HP:0000069', 'childhood', 'negative', 'Clinical comment'),
(413, 8, 22,'phenotype','HPO', 'HP:0000085', 'unknown', 'negative', 'Clinical comment'),
(414, 8, 22,'phenotype','HPO', 'HP:0000175', 'unknown', 'negative', 'Clinical comment'),
(415, 8, 22,'phenotype','HPO', 'HP:0000384', 'unknown', 'negative', 'Clinical comment'),
(416, 8, 22,'phenotype','HPO', 'HP:0000776', 'infantile', 'negative', 'Clinical comment'),
(417, 8, 22,'phenotype','HPO', 'HP:0000795', 'childhood', 'positive', 'Clinical comment'),
(418, 8, 22,'phenotype','HPO', 'HP:0001363', 'childhood', 'negative', 'Clinical comment'),
(419, 8, 22,'phenotype','HPO', 'HP:0001518', 'unknown', 'positive', 'Clinical comment'),
(420, 8, 22,'phenotype','HPO', 'HP:0001539', 'childhood', 'negative', 'Clinical comment'),
(421, 8, 22,'phenotype','HPO', 'HP:0001543', 'unknown', 'positive', 'Clinical comment'),
(422, 8, 22,'phenotype','HPO', 'HP:0001558', 'infantile', 'positive', 'Clinical comment'),
(423, 8, 22,'phenotype','HPO', 'HP:0001561', 'infantile', 'positive', 'Clinical comment'),
(424, 8, 22,'phenotype','HPO', 'HP:0001631', 'childhood', 'positive', 'Clinical comment'),
(425, 8, 22,'phenotype','HPO', 'HP:0001638', 'unknown', 'positive', 'Clinical comment'),
(426, 8, 22,'phenotype','HPO', 'HP:0001674', 'unknown', 'positive', 'Clinical comment'),
(427, 8, 22,'phenotype','HPO', 'HP:0002032', 'childhood', 'negative', 'Clinical comment'),
(428, 8, 22,'phenotype','HPO', 'HP:0002575', 'infantile', 'positive', 'Clinical comment'),
(429, 8, 22,'phenotype','HPO', 'HP:0002643', 'infantile', 'negative', 'Clinical comment'),
(430, 8, 22,'phenotype','HPO', 'HP:0002910', 'childhood', 'negative', 'Clinical comment'),
(431, 8, 22,'phenotype','HPO', 'HP:0003517', 'childhood', 'positive', 'Clinical comment'),
(432, 8, 22,'phenotype','HPO', 'HP:0003561', 'childhood', 'positive', 'Clinical comment'),
(433, 8, 22,'phenotype','HPO', 'HP:0006579', 'childhood', 'positive', 'Clinical comment'),
(434, 8, 22,'phenotype','HPO', 'HP:0009824', 'unknown', 'negative', 'Clinical comment'),
(435, 8, 22,'phenotype','HPO', 'HP:0011276', 'infantile', 'negative', 'Clinical comment'),
(436, 8, 22,'phenotype','HPO', 'HP:0030244', 'infantile', 'positive', 'Clinical comment'),
(437, 8, 22,'phenotype','HPO', 'HP:0040187', 'infantile', 'positive', 'Clinical comment'),
(438, 20, 58,'phenotype','HPO', 'HP:0000708', 'infantile', 'positive', 'Clinical comment'),
(439, 20, 58,'phenotype','HPO', 'HP:0001250', 'infantile', 'positive', 'Clinical comment'),
(440, 20, 58,'phenotype','HPO', 'HP:0001263', 'unknown', 'positive', 'Clinical comment'),
(441, 20, 58,'phenotype','HPO', 'HP:0007359', 'infantile', 'positive', 'Clinical comment'),
(442, 20, 58,'phenotype','HPO', 'HP:0011342', 'childhood', 'negative', 'Clinical comment'),
(443, 20, 58,'phenotype','HPO', 'HP:0001290', 'childhood', 'negative', 'Clinical comment'),
(444, 20, 58,'phenotype','HPO', 'HP:0000750', 'infantile', 'negative', 'Clinical comment'),
(445, 20, 58,'phenotype','HPO', 'HP:0001558', 'childhood', 'negative', 'Clinical comment'),
(446, 20, 58,'phenotype','HPO', 'HP:0001561', 'childhood', 'negative', 'Clinical comment'),
(447, 20, 58,'phenotype','HPO', 'HP:0002643', 'childhood', 'positive', 'Clinical comment'),
(448, 20, 58,'phenotype','HPO', 'HP:0003517', 'infantile', 'negative', 'Clinical comment'),
(449, 20, 58,'phenotype','HPO', 'HP:0003561', 'infantile', 'positive', 'Clinical comment'),
(450, 20, 58,'phenotype','HPO', 'HP:0006579', 'infantile', 'negative', 'Clinical comment'),
(451, 20, 58,'phenotype','HPO', 'HP:0030244', 'infantile', 'positive', 'Clinical comment'),
(452, 20, 58,'phenotype','HPO', 'HP:0040187', 'childhood', 'positive', 'Clinical comment'),
(453, 20, 58,'phenotype','HPO', 'HP:0001787', 'unknown', 'positive', 'Clinical comment'),
(454, 20, 58,'phenotype','HPO', 'HP:0001998', 'unknown', 'positive', 'Clinical comment'),
(455, 20, 58,'phenotype','HPO', 'HP:0002033', 'unknown', 'positive', 'Clinical comment'),
(456, 20, 58,'phenotype','HPO', 'HP:0004488', 'unknown', 'negative', 'Clinical comment'),
(457, 20, 58,'phenotype','HPO', 'HP:0009800', 'unknown', 'negative', 'Clinical comment'),
(458, 20, 58,'phenotype','HPO', 'HP:0010519', 'unknown', 'positive', 'Clinical comment'),
(459, 20, 58,'phenotype','HPO', 'HP:0100622', 'unknown', 'positive', 'Clinical comment'),
(460, 20, 58,'phenotype','HPO', 'HP:0001511', 'childhood', 'negative', 'Clinical comment'),
(461, 20, 58,'phenotype','HPO', 'HP:0001520', 'childhood', 'negative', 'Clinical comment'),
(462, 20, 58,'phenotype','HPO', 'HP:0001562', 'unknown', 'negative', 'Clinical comment'),
(463, 20, 58,'phenotype','HPO', 'HP:0001622', 'childhood', 'negative', 'Clinical comment')
ON CONFLICT (id) DO NOTHING;


-- Samples

INSERT INTO "sample" (id, category, type, parent_sample_id, tissue_site, histology, submitter_id) VALUES
(1, 'sample', 'dna', 62, NULL, 'normal', 'S13224'),
(2, 'sample', 'dna', 63, NULL, 'normal', 'S13225'),
(3, 'sample', 'dna', 64, NULL, 'normal', 'S13226'),
(4, 'sample', 'dna', 65, NULL, 'normal', 'S13227'),
(5, 'sample', 'dna', 66, NULL, 'normal', 'S13228'),
(6, 'sample', 'dna', 67, NULL, 'normal', 'S13229'),
(7, 'sample', 'dna', 68, NULL, 'normal', 'S13230'),
(8, 'sample', 'dna', 69, NULL, 'normal', 'S13231'),
(9, 'sample', 'dna', 70, NULL, 'normal', 'S13232'),
(10, 'sample', 'dna', 71, NULL, 'normal', 'S13233'),
(11, 'sample', 'dna', 72, NULL, 'normal', 'S13234'),
(12, 'sample', 'dna', 73, NULL, 'normal', 'S13235'),
(13, 'sample', 'dna', 74, NULL, 'normal', 'S13236'),
(14, 'sample', 'dna', 75, NULL, 'normal', 'S13237'),
(15, 'sample', 'dna', 76, NULL, 'normal', 'S13238'),
(16, 'sample', 'dna', 77, NULL, 'normal', 'S14029'),
(17, 'sample', 'dna', 78, NULL, 'normal', 'S14030'),
(18, 'sample', 'dna', 79, NULL, 'normal', 'S14031'),
(19, 'sample', 'dna', 80, NULL, 'normal', 'S14048'),
(20, 'sample', 'dna', 81, NULL, 'normal', 'S14049'),
(21, 'sample', 'dna', 82, NULL, 'normal', 'S14050'),
(22, 'sample', 'dna', 83, NULL, 'normal', 'S14069'),
(23, 'sample', 'dna', 84, NULL, 'normal', 'S14131'),
(24, 'sample', 'dna', 85, NULL, 'normal', 'S14132'),
(25, 'sample', 'dna', 86, NULL, 'normal', 'S14133'),
(26, 'sample', 'dna', 87, NULL, 'normal', 'S14134'),
(27, 'sample', 'dna', 88, NULL, 'normal', 'S14135'),
(28, 'sample', 'dna', 89, NULL, 'normal', 'S14136'),
(29, 'sample', 'dna', 90, NULL, 'normal', 'S14137'),
(30, 'sample', 'dna', 91, NULL, 'normal', 'S14138'),
(31, 'sample', 'dna', 92, NULL, 'normal', 'S14139'),
(32, 'sample', 'dna', 93, NULL, 'normal', 'S14691'),
(33, 'sample', 'dna', 94, NULL, 'normal', 'S14692'),
(34, 'sample', 'dna', 95, NULL, 'normal', 'S14693'),
(35, 'sample', 'dna', 96, NULL, 'normal', 'S14711'),
(36, 'sample', 'dna', 97, NULL, 'normal', 'S14712'),
(37, 'sample', 'dna', 98, NULL, 'normal', 'S14713'),
(38, 'sample', 'dna', 99, NULL, 'normal', 'S14730'),
(39, 'sample', 'dna', 100, NULL, 'normal', 'S14731'),
(40, 'sample', 'dna', 101, NULL, 'normal', 'S14732'),
(41, 'sample', 'dna', 102, NULL, 'normal', 'S14741'),
(42, 'sample', 'dna', 103, NULL, 'normal', 'S14742'),
(43, 'sample', 'dna', 104, NULL, 'normal', 'S14743'),
(44, 'sample', 'dna', 105, NULL, 'normal', 'S14744'),
(45, 'sample', 'dna', 106, NULL, 'normal', 'S14745'),
(46, 'sample', 'dna', 107, NULL, 'normal', 'S14746'),
(47, 'sample', 'dna', 108, NULL, 'normal', 'S14747'),
(48, 'sample', 'dna', 109, NULL, 'normal', 'S14748'),
(49, 'sample', 'dna', 110, NULL, 'normal', 'S14749'),
(50, 'sample', 'dna', 111, NULL, 'normal', 'S14750'),
(51, 'sample', 'dna', 112, NULL, 'normal', 'S14751'),
(52, 'sample', 'dna', 113, NULL, 'normal', 'S14752'),
(53, 'sample', 'dna', 114, NULL, 'normal', 'S14756'),
(54, 'sample', 'dna', 115, NULL, 'normal', 'S14757'),
(55, 'sample', 'dna', 116, NULL, 'normal', 'S14758'),
(56, 'sample', 'dna', 117, NULL, 'normal', 'S14786'),
(57, 'sample', 'dna', 118, NULL, 'normal', 'S14787'),
(58, 'sample', 'dna', 119, NULL, 'normal', 'S14788'),
(59, 'sample', 'dna', 120, NULL, 'normal', 'S14857'),
(60, 'sample', 'dna', 121, NULL, 'normal', 'S14858'),
(61, 'sample', 'dna', 122, NULL, 'normal', 'S14859'),
(62, 'specimen', 'blood', NULL, NULL, 'normal', 'B-803.1'),
(63, 'specimen', 'blood', NULL, NULL, 'normal', 'B-803.2'),
(64, 'specimen', 'blood', NULL, NULL, 'normal', 'B-803.3'),
(65, 'specimen', 'blood', NULL, NULL, 'normal', 'B-804.1'),
(66, 'specimen', 'blood', NULL, NULL, 'normal', 'B-804.2'),
(67, 'specimen', 'blood', NULL, NULL, 'normal', 'B-804.3'),
(68, 'specimen', 'blood', NULL, NULL, 'normal', 'B-805.1'),
(69, 'specimen', 'blood', NULL, NULL, 'normal', 'B-805.2'),
(70, 'specimen', 'blood', NULL, NULL, 'normal', 'B-805.3'),
(71, 'specimen', 'blood', NULL, NULL, 'normal', 'B-806.1'),
(72, 'specimen', 'blood', NULL, NULL, 'normal', 'B-806.2'),
(73, 'specimen', 'blood', NULL, NULL, 'normal', 'B-806.3'),
(74, 'specimen', 'blood', NULL, NULL, 'normal', 'B-807.1'),
(75, 'specimen', 'blood', NULL, NULL, 'normal', 'B-807.2'),
(76, 'specimen', 'blood', NULL, NULL, 'normal', 'B-807.3'),
(77, 'specimen', 'blood', NULL, NULL, 'normal', 'B-836.1'),
(78, 'specimen', 'blood', NULL, NULL, 'normal', 'B-836.2'),
(79, 'specimen', 'blood', NULL, NULL, 'normal', 'B-836.3'),
(80, 'specimen', 'blood', NULL, NULL, 'normal', 'B-839.1'),
(81, 'specimen', 'blood', NULL, NULL, 'normal', 'B-839.2'),
(82, 'specimen', 'blood', NULL, NULL, 'normal', 'B-839.3'),
(83, 'specimen', 'blood', NULL, NULL, 'normal', 'B-859.1'),
(84, 'specimen', 'blood', NULL, NULL, 'normal', 'B-869.1'),
(85, 'specimen', 'blood', NULL, NULL, 'normal', 'B-869.2'),
(86, 'specimen', 'blood', NULL, NULL, 'normal', 'B-869.3'),
(87, 'specimen', 'blood', NULL, NULL, 'normal', 'B-870.1'),
(88, 'specimen', 'blood', NULL, NULL, 'normal', 'B-870.2'),
(89, 'specimen', 'blood', NULL, NULL, 'normal', 'B-870.3'),
(90, 'specimen', 'blood', NULL, NULL, 'normal', 'B-871.1'),
(91, 'specimen', 'blood', NULL, NULL, 'normal', 'B-871.2'),
(92, 'specimen', 'blood', NULL, NULL, 'normal', 'B-871.3'),
(93, 'specimen', 'blood', NULL, NULL, 'normal', 'B-912.1'),
(94, 'specimen', 'blood', NULL, NULL, 'normal', 'B-912.2'),
(95, 'specimen', 'blood', NULL, NULL, 'normal', 'B-912.3'),
(96, 'specimen', 'blood', NULL, NULL, 'normal', 'B-948.1'),
(97, 'specimen', 'blood', NULL, NULL, 'normal', 'B-948.2'),
(98, 'specimen', 'blood', NULL, NULL, 'normal', 'B-948.3'),
(99, 'specimen', 'blood', NULL, NULL, 'normal', 'B-950.1'),
(100, 'specimen', 'blood', NULL, NULL, 'normal', 'B-950.2'),
(101, 'specimen', 'blood', NULL, NULL, 'normal', 'B-950.3'),
(102, 'specimen', 'blood', NULL, NULL, 'normal', 'B-951.1'),
(103, 'specimen', 'blood', NULL, NULL, 'normal', 'B-951.2'),
(104, 'specimen', 'blood', NULL, NULL, 'normal', 'B-951.3'),
(105, 'specimen', 'blood', NULL, NULL, 'normal', 'B-952.1'),
(106, 'specimen', 'blood', NULL, NULL, 'normal', 'B-952.2'),
(107, 'specimen', 'blood', NULL, NULL, 'normal', 'B-952.3'),
(108, 'specimen', 'blood', NULL, NULL, 'normal', 'B-953.1'),
(109, 'specimen', 'blood', NULL, NULL, 'normal', 'B-953.2'),
(110, 'specimen', 'blood', NULL, NULL, 'normal', 'B-953.3'),
(111, 'specimen', 'blood', NULL, NULL, 'normal', 'B-954.1'),
(112, 'specimen', 'blood', NULL, NULL, 'normal', 'B-954.2'),
(113, 'specimen', 'blood', NULL, NULL, 'normal', 'B-954.3'),
(114, 'specimen', 'blood', NULL, NULL, 'normal', 'B-956.1'),
(115, 'specimen', 'blood', NULL, NULL, 'normal', 'B-956.2'),
(116, 'specimen', 'blood', NULL, NULL, 'normal', 'B-956.3'),
(117, 'specimen', 'blood', NULL, NULL, 'normal', 'B-958.1'),
(118, 'specimen', 'blood', NULL, NULL, 'normal', 'B-958.2'),
(119, 'specimen', 'blood', NULL, NULL, 'normal', 'B-958.3'),
(120, 'specimen', 'blood', NULL, NULL, 'normal', 'B-990.1'),
(121, 'specimen', 'blood', NULL, NULL, 'normal', 'B-990.2'),
(122, 'specimen', 'blood', NULL, NULL, 'normal', 'B-990.3')
ON CONFLICT (id) DO NOTHING;


-- Sequencing Experiment

INSERT INTO "sequencing_experiment" (id, case_id, patient_id, sample_id, experimental_strategy, status, aliquot, request_id, performer_lab_id, run_name, run_alias, run_date, platform, capture_kit, is_paired_end, read_length, created_on, updated_on) VALUES
(1, 1, 3, 1, 'wgs', 'completed', 'NA12892', 3, 6, '1617', 'A00516_0169', '2021-08-17', 'Illumina HiSeq 2500 PE125', 'SureSelect Custom DNA Target', TRUE, 151, '2021-09-12 13:08:00', '2021-09-12 13:08:00'),
(2, 1, 1, 2, 'wgs', 'completed', 'NA12891', 1, 6, '1618', 'A00516_0170', '2021-08-17', 'Illumina HiSeq 2500 PE125', 'SureSelect Custom DNA Target', TRUE, 151, '2021-09-12 13:08:00', '2021-09-12 13:08:00'),
(3, 1, 2, 3, 'wgs', 'completed', 'NA12878', 2, 6, '1619', 'A00516_0171', '2021-08-17', 'Illumina HiSeq 2500 PE125', 'SureSelect Custom DNA Target', TRUE, 151, '2021-09-12 13:08:00', '2021-09-12 13:08:00'),
(4, 2, 4, 4, 'wgs', 'completed', 'S13227', 4, 6, '1620', 'A00516_0172', '2021-08-17', 'Illumina HiSeq 2500 PE125', 'SureSelect Custom DNA Target', TRUE, 151, '2021-09-12 13:08:00', '2021-09-12 13:08:00'),
(5, 2, 6, 5, 'wgs', 'completed', 'S13228', 6, 6, '1621', 'A00516_0173', '2021-08-17', 'Illumina HiSeq 2500 PE125', 'SureSelect Custom DNA Target', TRUE, 151, '2021-09-12 13:08:00', '2021-09-12 13:08:00'),
(6, 2, 5, 6, 'wgs', 'completed', 'S13229', 5, 6, '1622', 'A00516_0174', '2021-08-17', 'Illumina HiSeq 2500 PE125', 'SureSelect Custom DNA Target', TRUE, 151, '2021-09-12 13:08:00', '2021-09-12 13:08:00'),
(7, 3, 8, 7, 'wgs', 'completed', 'S13230', 8, 6, '1623', 'A00516_0175', '2021-08-17', 'Illumina HiSeq 2500 PE125', 'SureSelect Custom DNA Target', TRUE, 151, '2021-09-12 13:08:00', '2021-09-12 13:08:00'),
(8, 3, 9, 8, 'wgs', 'completed', 'S13231', 9, 6, '1624', 'A00516_0176', '2021-08-17', 'Illumina HiSeq 2500 PE125', 'SureSelect Custom DNA Target', TRUE, 151, '2021-09-12 13:08:00', '2021-09-12 13:08:00'),
(9, 3, 7, 9, 'wgs', 'completed', 'S13232', 7, 6, '1625', 'A00516_0177', '2021-08-17', 'Illumina HiSeq 2500 PE125', 'SureSelect Custom DNA Target', TRUE, 151, '2021-09-12 13:08:00', '2021-09-12 13:08:00'),
(10, 4, 10, 10, 'wgs', 'completed', 'S13233', 10, 6, '1626', 'A00516_0178', '2021-08-17', 'Illumina HiSeq 2500 PE125', 'SureSelect Custom DNA Target', TRUE, 151, '2021-09-12 13:08:00', '2021-09-12 13:08:00'),
(11, 4, 12, 11, 'wgs', 'completed', 'S13234', 12, 6, '1627', 'A00516_0179', '2021-08-17', 'Illumina HiSeq 2500 PE125', 'SureSelect Custom DNA Target', TRUE, 151, '2021-09-12 13:08:00', '2021-09-12 13:08:00'),
(12, 4, 11, 12, 'wgs', 'completed', 'S13235', 11, 6, '1628', 'A00516_0180', '2021-08-17', 'Illumina HiSeq 2500 PE125', 'SureSelect Custom DNA Target', TRUE, 151, '2021-09-12 13:08:00', '2021-09-12 13:08:00'),
(13, 5, 15, 13, 'wgs', 'completed', 'S13236', 15, 6, '1629', 'A00516_0181', '2021-08-17', 'Illumina HiSeq 2500 PE125', 'SureSelect Custom DNA Target', TRUE, 151, '2021-09-12 13:08:00', '2021-09-12 13:08:00'),
(14, 5, 13, 14, 'wgs', 'completed', 'S13237', 13, 6, '1630', 'A00516_0182', '2021-08-17', 'Illumina HiSeq 2500 PE125', 'SureSelect Custom DNA Target', TRUE, 151, '2021-09-12 13:08:00', '2021-09-12 13:08:00'),
(15, 5, 14, 15, 'wgs', 'completed', 'S13238', 14, 6, '1631', 'A00516_0183', '2021-08-17', 'Illumina HiSeq 2500 PE125', 'SureSelect Custom DNA Target', TRUE, 151, '2021-09-12 13:08:00', '2021-09-12 13:08:00'),
(16, 6, 16, 16, 'wgs', 'completed', 'S14029', 16, 6, '1632', 'A00516_0184', '2021-08-17', 'Illumina HiSeq 2500 PE125', 'SureSelect Custom DNA Target', TRUE, 151, '2021-09-12 13:08:00', '2021-09-12 13:08:00'),
(17, 6, 17, 17, 'wgs', 'completed', 'S14030', 17, 6, '1633', 'A00516_0185', '2021-08-17', 'Illumina HiSeq 2500 PE125', 'SureSelect Custom DNA Target', TRUE, 151, '2021-09-12 13:08:00', '2021-09-12 13:08:00'),
(18, 6, 18, 18, 'wgs', 'completed', 'S14031', 18, 6, '1634', 'A00516_0186', '2021-08-17', 'Illumina HiSeq 2500 PE125', 'SureSelect Custom DNA Target', TRUE, 151, '2021-09-12 13:08:00', '2021-09-12 13:08:00'),
(19, 7, 20, 19, 'wgs', 'completed', 'S14048', 20, 6, '1635', 'A00516_0187', '2021-08-17', 'Illumina HiSeq 2500 PE125', 'SureSelect Custom DNA Target', TRUE, 151, '2021-09-12 13:08:00', '2021-09-12 13:08:00'),
(20, 7, 19, 20, 'wgs', 'completed', 'S14049', 19, 6, '1636', 'A00516_0188', '2021-08-17', 'Illumina HiSeq 2500 PE125', 'SureSelect Custom DNA Target', TRUE, 151, '2021-09-12 13:08:00', '2021-09-12 13:08:00'),
(21, 7, 21, 21, 'wgs', 'completed', 'S14050', 21, 6, '1637', 'A00516_0189', '2021-08-17', 'Illumina HiSeq 2500 PE125', 'SureSelect Custom DNA Target', TRUE, 151, '2021-09-12 13:08:00', '2021-09-12 13:08:00'),
(22, 8, 22, 22, 'wgs', 'completed', 'HG00513', 22, 6, '1638', 'A00516_0190', '2021-08-17', 'Illumina HiSeq 2500 PE125', 'SureSelect Custom DNA Target', TRUE, 151, '2021-09-12 13:08:00', '2021-09-12 13:08:00'),
(23, 9, 23, 23, 'wgs', 'completed', 'S14131', 23, 6, '1639', 'A00516_0191', '2021-08-17', 'Illumina HiSeq 2500 PE125', 'SureSelect Custom DNA Target', TRUE, 151, '2021-09-12 13:08:00', '2021-09-12 13:08:00'),
(24, 9, 24, 24, 'wgs', 'completed', 'S14132', 24, 6, '1640', 'A00516_0192', '2021-08-17', 'Illumina HiSeq 2500 PE125', 'SureSelect Custom DNA Target', TRUE, 151, '2021-09-12 13:08:00', '2021-09-12 13:08:00'),
(25, 9, 25, 25, 'wgs', 'completed', 'S14133', 25, 6, '1641', 'A00516_0193', '2021-08-17', 'Illumina HiSeq 2500 PE125', 'SureSelect Custom DNA Target', TRUE, 151, '2021-09-12 13:08:00', '2021-09-12 13:08:00'),
(26, 10, 27, 26, 'wgs', 'completed', 'S14134', 27, 6, '1642', 'A00516_0194', '2021-08-17', 'Illumina HiSeq 2500 PE125', 'SureSelect Custom DNA Target', TRUE, 151, '2021-09-12 13:08:00', '2021-09-12 13:08:00'),
(27, 10, 28, 27, 'wgs', 'completed', 'S14135', 28, 6, '1643', 'A00516_0195', '2021-08-17', 'Illumina HiSeq 2500 PE125', 'SureSelect Custom DNA Target', TRUE, 151, '2021-09-12 13:08:00', '2021-09-12 13:08:00'),
(28, 10, 26, 28, 'wgs', 'completed', 'S14136', 26, 6, '1644', 'A00516_0196', '2021-08-17', 'Illumina HiSeq 2500 PE125', 'SureSelect Custom DNA Target', TRUE, 151, '2021-09-12 13:08:00', '2021-09-12 13:08:00'),
(29, 11, 30, 29, 'wgs', 'completed', 'S14137', 30, 6, '1645', 'A00516_0197', '2021-08-17', 'Illumina HiSeq 2500 PE125', 'SureSelect Custom DNA Target', TRUE, 151, '2021-09-12 13:08:00', '2021-09-12 13:08:00'),
(30, 11, 31, 30, 'wgs', 'completed', 'S14138', 31, 6, '1646', 'A00516_0198', '2021-08-17', 'Illumina HiSeq 2500 PE125', 'SureSelect Custom DNA Target', TRUE, 151, '2021-09-12 13:08:00', '2021-09-12 13:08:00'),
(31, 11, 29, 31, 'wgs', 'completed', 'S14139', 29, 6, '1647', 'A00516_0199', '2021-08-17', 'Illumina HiSeq 2500 PE125', 'SureSelect Custom DNA Target', TRUE, 151, '2021-09-12 13:08:00', '2021-09-12 13:08:00'),
(32, 12, 34, 32, 'wgs', 'completed', 'S14691', 34, 6, '1648', 'A00516_0200', '2021-08-17', 'Illumina HiSeq 2500 PE125', 'SureSelect Custom DNA Target', TRUE, 151, '2021-09-12 13:08:00', '2021-09-12 13:08:00'),
(33, 12, 33, 33, 'wgs', 'completed', 'S14692', 33, 6, '1649', 'A00516_0201', '2021-08-17', 'Illumina HiSeq 2500 PE125', 'SureSelect Custom DNA Target', TRUE, 151, '2021-09-12 13:08:00', '2021-09-12 13:08:00'),
(34, 12, 32, 34, 'wgs', 'completed', 'S14693', 32, 6, '1650', 'A00516_0202', '2021-08-17', 'Illumina HiSeq 2500 PE125', 'SureSelect Custom DNA Target', TRUE, 151, '2021-09-12 13:08:00', '2021-09-12 13:08:00'),
(35, 13, 37, 35, 'wgs', 'completed', 'S14711', 37, 6, '1651', 'A00516_0203', '2021-08-17', 'Illumina HiSeq 2500 PE125', 'SureSelect Custom DNA Target', TRUE, 151, '2021-09-12 13:08:00', '2021-09-12 13:08:00'),
(36, 13, 36, 36, 'wgs', 'submitted', 'S14712', 36, 6, '1652', 'A00516_0204', '2021-08-17', 'Illumina HiSeq 2500 PE125', 'SureSelect Custom DNA Target', TRUE, 151, '2021-09-12 13:08:00', '2021-09-12 13:08:00'),
(37, 13, 35, 37, 'wgs', 'submitted', 'S14713', 35, 6, '1653', 'A00516_0205', '2021-08-17', 'Illumina HiSeq 2500 PE125', 'SureSelect Custom DNA Target', TRUE, 151, '2021-09-12 13:08:00', '2021-09-12 13:08:00'),
(38, 14, 39, 38, 'wgs', 'submitted', 'S14730', 39, 6, '1654', 'A00516_0206', '2021-08-17', 'Illumina HiSeq 2500 PE125', 'SureSelect Custom DNA Target', TRUE, 151, '2021-09-12 13:08:00', '2021-09-12 13:08:00'),
(39, 14, 38, 39, 'wgs', 'submitted', 'S14731', 38, 6, '1655', 'A00516_0207', '2021-08-17', 'Illumina HiSeq 2500 PE125', 'SureSelect Custom DNA Target', TRUE, 151, '2021-09-12 13:08:00', '2021-09-12 13:08:00'),
(40, 14, 40, 40, 'wgs', 'submitted', 'S14732', 40, 6, '1656', 'A00516_0208', '2021-08-17', 'Illumina HiSeq 2500 PE125', 'SureSelect Custom DNA Target', TRUE, 151, '2021-09-12 13:08:00', '2021-09-12 13:08:00'),
(41, 15, 42, 41, 'wgs', 'submitted', 'S14741', 42, 6, '1657', 'A00516_0209', '2021-08-17', 'Illumina HiSeq 2500 PE125', 'SureSelect Custom DNA Target', TRUE, 151, '2021-09-12 13:08:00', '2021-09-12 13:08:00'),
(42, 15, 43, 42, 'wgs', 'submitted', 'S14742', 43, 6, '1658', 'A00516_0210', '2021-08-17', 'Illumina HiSeq 2500 PE125', 'SureSelect Custom DNA Target', TRUE, 151, '2021-09-12 13:08:00', '2021-09-12 13:08:00'),
(43, 15, 41, 43, 'wgs', 'submitted', 'S14743', 41, 6, '1659', 'A00516_0211', '2021-08-17', 'Illumina HiSeq 2500 PE125', 'SureSelect Custom DNA Target', TRUE, 151, '2021-09-12 13:08:00', '2021-09-12 13:08:00'),
(44, 16, 44, 44, 'wgs', 'submitted', 'S14744', 44, 6, '1660', 'A00516_0212', '2021-08-17', 'Illumina HiSeq 2500 PE125', 'SureSelect Custom DNA Target', TRUE, 151, '2021-09-12 13:08:00', '2021-09-12 13:08:00'),
(45, 16, 46, 45, 'wgs', 'submitted', 'S14745', 46, 6, '1661', 'A00516_0213', '2021-08-17', 'Illumina HiSeq 2500 PE125', 'SureSelect Custom DNA Target', TRUE, 151, '2021-09-12 13:08:00', '2021-09-12 13:08:00'),
(46, 16, 45, 46, 'wgs', 'submitted', 'S14746', 45, 6, '1662', 'A00516_0214', '2021-08-17', 'Illumina HiSeq 2500 PE125', 'SureSelect Custom DNA Target', TRUE, 151, '2021-09-12 13:08:00', '2021-09-12 13:08:00'),
(47, 17, 47, 47, 'wgs', 'submitted', 'S14747', 47, 6, '1663', 'A00516_0215', '2021-08-17', 'Illumina HiSeq 2500 PE125', 'SureSelect Custom DNA Target', TRUE, 151, '2021-09-12 13:08:00', '2021-09-12 13:08:00'),
(48, 17, 49, 48, 'wgs', 'submitted', 'S14748', 49, 6, '1664', 'A00516_0216', '2021-08-17', 'Illumina HiSeq 2500 PE125', 'SureSelect Custom DNA Target', TRUE, 151, '2021-09-12 13:08:00', '2021-09-12 13:08:00'),
(49, 17, 48, 49, 'wgs', 'submitted', 'S14749', 48, 6, '1665', 'A00516_0217', '2021-08-17', 'Illumina HiSeq 2500 PE125', 'SureSelect Custom DNA Target', TRUE, 151, '2021-09-12 13:08:00', '2021-09-12 13:08:00'),
(50, 18, 50, 50, 'wgs', 'submitted', 'S14750', 50, 6, '1666', 'A00516_0218', '2021-08-17', 'Illumina HiSeq 2500 PE125', 'SureSelect Custom DNA Target', TRUE, 151, '2021-09-12 13:08:00', '2021-09-12 13:08:00'),
(51, 18, 51, 51, 'wgs', 'submitted', 'S14751', 51, 6, '1667', 'A00516_0219', '2021-08-17', 'Illumina HiSeq 2500 PE125', 'SureSelect Custom DNA Target', TRUE, 151, '2021-09-12 13:08:00', '2021-09-12 13:08:00'),
(52, 18, 52, 52, 'wgs', 'submitted', 'S14752', 52, 6, '1668', 'A00516_0220', '2021-08-17', 'Illumina HiSeq 2500 PE125', 'SureSelect Custom DNA Target', TRUE, 151, '2021-09-12 13:08:00', '2021-09-12 13:08:00'),
(53, 19, 55, 53, 'wgs', 'submitted', 'S14756', 55, 6, '1669', 'A00516_0221', '2021-08-17', 'Illumina HiSeq 2500 PE125', 'SureSelect Custom DNA Target', TRUE, 151, '2021-09-12 13:08:00', '2021-09-12 13:08:00'),
(54, 19, 53, 54, 'wgs', 'submitted', 'S14757', 53, 6, '1670', 'A00516_0222', '2021-08-17', 'Illumina HiSeq 2500 PE125', 'SureSelect Custom DNA Target', TRUE, 151, '2021-09-12 13:08:00', '2021-09-12 13:08:00'),
(55, 19, 54, 55, 'wgs', 'submitted', 'S14758', 54, 6, '1671', 'A00516_0223', '2021-08-17', 'Illumina HiSeq 2500 PE125', 'SureSelect Custom DNA Target', TRUE, 151, '2021-09-12 13:08:00', '2021-09-12 13:08:00'),
(56, 20, 58, 56, 'wgs', 'submitted', 'S14786', 58, 6, '1672', 'A00516_0224', '2021-08-17', 'Illumina HiSeq 2500 PE125', 'SureSelect Custom DNA Target', TRUE, 151, '2021-09-12 13:08:00', '2021-09-12 13:08:00'),
(57, 20, 57, 57, 'wgs', 'submitted', 'S14787', 57, 6, '1673', 'A00516_0225', '2021-08-17', 'Illumina HiSeq 2500 PE125', 'SureSelect Custom DNA Target', TRUE, 151, '2021-09-12 13:08:00', '2021-09-12 13:08:00'),
(58, 20, 56, 58, 'wgs', 'submitted', 'S14788', 56, 6, '1674', 'A00516_0226', '2021-08-17', 'Illumina HiSeq 2500 PE125', 'SureSelect Custom DNA Target', TRUE, 151, '2021-09-12 13:08:00', '2021-09-12 13:08:00'),
(59, 21, 60, 59, 'wgs', 'submitted', 'S14857', 60, 6, '1675', 'A00516_0227', '2021-08-17', 'Illumina HiSeq 2500 PE125', 'SureSelect Custom DNA Target', TRUE, 151, '2021-09-12 13:08:00', '2021-09-12 13:08:00'),
(60, 21, 61, 60, 'wgs', 'submitted', 'S14858', 61, 6, '1676', 'A00516_0228', '2021-08-17', 'Illumina HiSeq 2500 PE125', 'SureSelect Custom DNA Target', TRUE, 151, '2021-09-12 13:08:00', '2021-09-12 13:08:00'),
(61, 21, 59, 61, 'wgs', 'submitted', 'S14859', 59, 6, '1677', 'A00516_0229', '2021-08-17', 'Illumina HiSeq 2500 PE125', 'SureSelect Custom DNA Target', TRUE, 151, '2021-09-12 13:08:00', '2021-09-12 13:08:00')
ON CONFLICT (id) DO NOTHING;

    
-- Task

INSERT INTO "task" (id, type, pipeline_id, created_on) VALUES
(1, 'ngba', 2, '2021-10-12 13:08:00'),
(2, 'ngba', 2, '2021-10-12 13:08:00'),
(3, 'ngba', 2, '2021-10-12 13:08:00'),
(4, 'ngba', 2, '2021-10-12 13:08:00'),
(5, 'ngba', 2, '2021-10-12 13:08:00'),
(6, 'ngba', 2, '2021-10-12 13:08:00'),
(7, 'ngba', 2, '2021-10-12 13:08:00'),
(8, 'ngba', 2, '2021-10-12 13:08:00'),
(9, 'ngba', 2, '2021-10-12 13:08:00'),
(10, 'ngba', 2, '2021-10-12 13:08:00'),
(11, 'ngba', 2, '2021-10-12 13:08:00'),
(12, 'ngba', 2, '2021-10-12 13:08:00'),
(13, 'ngba', 2, '2021-10-12 13:08:00'),
(14, 'ngba', 2, '2021-10-12 13:08:00'),
(15, 'ngba', 2, '2021-10-12 13:08:00'),
(16, 'ngba', 2, '2021-10-12 13:08:00'),
(17, 'ngba', 2, '2021-10-12 13:08:00'),
(18, 'ngba', 2, '2021-10-12 13:08:00'),
(19, 'ngba', 2, '2021-10-12 13:08:00'),
(20, 'ngba', 2, '2021-10-12 13:08:00'),
(21, 'ngba', 2, '2021-10-12 13:08:00'),
(22, 'ngba', 2, '2021-10-12 13:08:00'),
(23, 'ngba', 2, '2021-10-12 13:08:00'),
(24, 'ngba', 2, '2021-10-12 13:08:00'),
(25, 'ngba', 2, '2021-10-12 13:08:00'),
(26, 'ngba', 2, '2021-10-12 13:08:00'),
(27, 'ngba', 2, '2021-10-12 13:08:00'),
(28, 'ngba', 2, '2021-10-12 13:08:00'),
(29, 'ngba', 2, '2021-10-12 13:08:00'),
(30, 'ngba', 2, '2021-10-12 13:08:00'),
(31, 'ngba', 2, '2021-10-12 13:08:00'),
(32, 'ngba', 2, '2021-10-12 13:08:00'),
(33, 'ngba', 2, '2021-10-12 13:08:00'),
(34, 'ngba', 2, '2021-10-12 13:08:00'),
(35, 'ngba', 2, '2021-10-12 13:08:00'),
(36, 'ngba', 2, '2021-10-12 13:08:00'),
(37, 'ngba', 2, '2021-10-12 13:08:00'),
(38, 'ngba', 2, '2021-10-12 13:08:00'),
(39, 'ngba', 2, '2021-10-12 13:08:00'),
(40, 'ngba', 2, '2021-10-12 13:08:00'),
(41, 'ngba', 2, '2021-10-12 13:08:00'),
(42, 'ngba', 2, '2021-10-12 13:08:00'),
(43, 'ngba', 2, '2021-10-12 13:08:00'),
(44, 'ngba', 2, '2021-10-12 13:08:00'),
(45, 'ngba', 2, '2021-10-12 13:08:00'),
(46, 'ngba', 2, '2021-10-12 13:08:00'),
(47, 'ngba', 2, '2021-10-12 13:08:00'),
(48, 'ngba', 2, '2021-10-12 13:08:00'),
(49, 'ngba', 2, '2021-10-12 13:08:00'),
(50, 'ngba', 2, '2021-10-12 13:08:00'),
(51, 'ngba', 2, '2021-10-12 13:08:00'),
(52, 'ngba', 2, '2021-10-12 13:08:00'),
(53, 'ngba', 2, '2021-10-12 13:08:00'),
(54, 'ngba', 2, '2021-10-12 13:08:00'),
(55, 'ngba', 2, '2021-10-12 13:08:00'),
(56, 'ngba', 2, '2021-10-12 13:08:00'),
(57, 'ngba', 2, '2021-10-12 13:08:00'),
(58, 'ngba', 2, '2021-10-12 13:08:00'),
(59, 'ngba', 2, '2021-10-12 13:08:00'),
(60, 'ngba', 2, '2021-10-12 13:08:00'),
(61, 'ngba', 2, '2021-10-12 13:08:00')
ON CONFLICT (id) DO NOTHING;


INSERT INTO "task_has_sequencing_experiments" (
    task_id,
    sequencing_experiment_id
) VALUES
(1, 1),
(2, 2),
(3, 3),
(4, 4),
(5, 5),
(6, 6),
(7, 7),
(8, 8),
(9, 9),
(10, 10),
(11, 11),
(12, 12),
(13, 13),
(14, 14),
(15, 15),
(16, 16),
(17, 17),
(18, 18),
(19, 19),
(20, 20),
(21, 21),
(22, 22),
(23, 23),
(24, 24),
(25, 25),
(26, 26),
(27, 27),
(28, 28),
(29, 29),
(30, 30),
(31, 31),
(32, 32),
(33, 33),
(34, 34),
(35, 35),
(36, 36),
(37, 37),
(38, 38),
(39, 39),
(40, 40),
(41, 41),
(42, 42),
(43, 43),
(44, 44),
(45, 45),
(46, 46),
(47, 47),
(48, 48),
(49, 49),
(50, 50),
(51, 51),
(52, 52),
(53, 53),
(54, 54),
(55, 55),
(56, 56),
(57, 57),
(58, 58),
(59, 59),
(60, 60),
(61, 61)
ON CONFLICT(task_id, sequencing_experiment_id) DO NOTHING;

INSERT INTO "pipeline" (id, description, genome_build) VALUES
(1, 'Dragen', 'GRch38'),
(2, 'Nexflow Variant Annotation', 'GRch38');


INSERT INTO "document" (id, name, data_category, data_type, format, size, url, hash) VALUES
(1, 'FI0037662.S13230.cram', 'genomic', 'alignment', 'cram', 110187385978, 's3://cqdg-prod-file-workspace/sarek/preprocessing/', '5d41402abc4b2a76b9719d911017c592'),
(2, 'FI0037662.S13230.cram.crai', 'genomic', 'alignment', 'crai', 2453667, 's3://cqdg-prod-file-workspace/sarek/preprocessing/', '5d41402abc4b2a76b9719d911017c593'),
(3, 'FI0037665.S13228.cram', 'genomic', 'alignment', 'cram', 109940425359, 's3://cqdg-prod-file-workspace/sarek/preprocessing/', '5d41402abc4b2a76b9719d911017c594'),
(4, 'FI0037665.S13228.cram.crai', 'genomic', 'alignment', 'crai', 2527068, 's3://cqdg-prod-file-workspace/sarek/preprocessing/', '5d41402abc4b2a76b9719d911017c595'),
(5, 'FI0037681.S14748.cram', 'genomic', 'alignment', 'cram', 81937238589, 's3://cqdg-prod-file-workspace/sarek/preprocessing/', '5d41402abc4b2a76b9719d911017c596'),
(6, 'FI0037681.S14748.cram.crai', 'genomic', 'alignment', 'crai', 2065694, 's3://cqdg-prod-file-workspace/sarek/preprocessing/', '5d41402abc4b2a76b9719d911017c597'),
(7, 'FI0037690.S14746.cram', 'genomic', 'alignment', 'cram', 96668976414, 's3://cqdg-prod-file-workspace/sarek/preprocessing/', '5d41402abc4b2a76b9719d911017c598'),
(8, 'FI0037690.S14746.cram.crai', 'genomic', 'alignment', 'crai', 2663383, 's3://cqdg-prod-file-workspace/sarek/preprocessing/', '5d41402abc4b2a76b9719d911017c599'),
(9, 'FI0037693.S14750.cram', 'genomic', 'alignment', 'cram', 90387586744, 's3://cqdg-prod-file-workspace/sarek/preprocessing/', '5d41402abc4b2a76b9719d911017c600'),
(10, 'FI0037693.S14750.cram.crai', 'genomic', 'alignment', 'crai', 2380267, 's3://cqdg-prod-file-workspace/sarek/preprocessing/', '5d41402abc4b2a76b9719d911017c601'),
(11, 'FI0037694.S13231.cram', 'genomic', 'alignment', 'cram', 110241073070, 's3://cqdg-prod-file-workspace/sarek/preprocessing/', '5d41402abc4b2a76b9719d911017c602'),
(12, 'FI0037694.S13231.cram.crai', 'genomic', 'alignment', 'crai', 2548039, 's3://cqdg-prod-file-workspace/sarek/preprocessing/', '5d41402abc4b2a76b9719d911017c603'),
(13, 'FI0037695.S14692.cram', 'genomic', 'alignment', 'cram', 100920994037, 's3://cqdg-prod-file-workspace/sarek/preprocessing/', '5d41402abc4b2a76b9719d911017c604'),
(14, 'FI0037695.S14692.cram.crai', 'genomic', 'alignment', 'crai', 2128609, 's3://cqdg-prod-file-workspace/sarek/preprocessing/', '5d41402abc4b2a76b9719d911017c605'),
(15, 'FI0037698.S13238.cram', 'genomic', 'alignment', 'cram', 115491670589, 's3://cqdg-prod-file-workspace/sarek/preprocessing/', '5d41402abc4b2a76b9719d911017c606'),
(16, 'FI0037698.S13238.cram.crai', 'genomic', 'alignment', 'crai', 2820669, 's3://cqdg-prod-file-workspace/sarek/preprocessing/', '5d41402abc4b2a76b9719d911017c607'),
(17, 'FI0037699.S14743.cram', 'genomic', 'alignment', 'cram', 85308787916, 's3://cqdg-prod-file-workspace/sarek/preprocessing/', '5d41402abc4b2a76b9719d911017c608'),
(18, 'FI0037699.S14743.cram.crai', 'genomic', 'alignment', 'crai', 2306867, 's3://cqdg-prod-file-workspace/sarek/preprocessing/', '5d41402abc4b2a76b9719d911017c609'),
(19, 'FI0037700.S14732.cram', 'genomic', 'alignment', 'cram', 119035018608, 's3://cqdg-prod-file-workspace/sarek/preprocessing/', '5d41402abc4b2a76b9719d911017c610'),
(20, 'FI0037700.S14732.cram.crai', 'genomic', 'alignment', 'crai', 2537553, 's3://cqdg-prod-file-workspace/sarek/preprocessing/', '5d41402abc4b2a76b9719d911017c611'),
(21, 'FI0037702.S13229.cram', 'genomic', 'alignment', 'cram', 91235842785, 's3://cqdg-prod-file-workspace/sarek/preprocessing/', '5d41402abc4b2a76b9719d911017c612'),
(22, 'FI0037702.S13229.cram.crai', 'genomic', 'alignment', 'crai', 2002780, 's3://cqdg-prod-file-workspace/sarek/preprocessing/', '5d41402abc4b2a76b9719d911017c613'),
(23, 'FI0037704.S13232.cram', 'genomic', 'alignment', 'cram', 107911053312, 's3://cqdg-prod-file-workspace/sarek/preprocessing/', '5d41402abc4b2a76b9719d911017c614'),
(24, 'FI0037704.S13232.cram.crai', 'genomic', 'alignment', 'crai', 2348810, 's3://cqdg-prod-file-workspace/sarek/preprocessing/', '5d41402abc4b2a76b9719d911017c615'),
(25, 'FI0037707.S14135.cram', 'genomic', 'alignment', 'cram', 96239479685, 's3://cqdg-prod-file-workspace/sarek/preprocessing/', '5d41402abc4b2a76b9719d911017c616'),
(26, 'FI0037707.S14135.cram.crai', 'genomic', 'alignment', 'crai', 2747269, 's3://cqdg-prod-file-workspace/sarek/preprocessing/', '5d41402abc4b2a76b9719d911017c617'),
(27, 'NA12878.recal.cram', 'genomic', 'alignment', 'cram', 118444460605, 's3://cqdg-prod-file-workspace/sarek/preprocessing/recalibrated/NA12878/NA12878.recal.cram', '5d41402abc4b2a76b9719d911017c618'),
(28, 'NA12878.recal.crai', 'genomic', 'alignment', 'crai', 2579496, 's3://cqdg-prod-file-workspace/sarek/preprocessing/recalibrated/NA12878/NA12878.recal.crai', '5d41402abc4b2a76b9719d911017c619'),
(29, 'FI0037713.S14752.cram', 'genomic', 'alignment', 'cram', 81615116042, 's3://cqdg-prod-file-workspace/sarek/preprocessing/', '5d41402abc4b2a76b9719d911017c620'),
(30, 'FI0037713.S14752.cram.crai', 'genomic', 'alignment', 'crai', 2327838, 's3://cqdg-prod-file-workspace/sarek/preprocessing/', '5d41402abc4b2a76b9719d911017c621'),
(31, 'FI0037715.S14788.cram', 'genomic', 'alignment', 'cram', 82302310809, 's3://cqdg-prod-file-workspace/sarek/preprocessing/', '5d41402abc4b2a76b9719d911017c622'),
(32, 'FI0037715.S14788.cram.crai', 'genomic', 'alignment', 'crai', 2254438, 's3://cqdg-prod-file-workspace/sarek/preprocessing/', '5d41402abc4b2a76b9719d911017c623'),
(33, 'FI0037721.S13236.cram', 'genomic', 'alignment', 'cram', 72434623447, 's3://cqdg-prod-file-workspace/sarek/preprocessing/', '5d41402abc4b2a76b9719d911017c624'),
(34, 'FI0037721.S13236.cram.crai', 'genomic', 'alignment', 'crai', 1855979, 's3://cqdg-prod-file-workspace/sarek/preprocessing/', '5d41402abc4b2a76b9719d911017c625'),
(35, 'FI0037722.S14132.cram', 'genomic', 'alignment', 'cram', 72252087336, 's3://cqdg-prod-file-workspace/sarek/preprocessing/', '5d41402abc4b2a76b9719d911017c626'),
(36, 'FI0037722.S14132.cram.crai', 'genomic', 'alignment', 'crai', 2264924, 's3://cqdg-prod-file-workspace/sarek/preprocessing/', '5d41402abc4b2a76b9719d911017c627'),
(37, 'FI0037724.S14730.cram', 'genomic', 'alignment', 'cram', 107320495308, 's3://cqdg-prod-file-workspace/sarek/preprocessing/', '5d41402abc4b2a76b9719d911017c628'),
(38, 'FI0037724.S14730.cram.crai', 'genomic', 'alignment', 'crai', 2306867, 's3://cqdg-prod-file-workspace/sarek/preprocessing/', '5d41402abc4b2a76b9719d911017c629'),
(39, 'FI0037725.S14030.cram', 'genomic', 'alignment', 'cram', 107245333381, 's3://cqdg-prod-file-workspace/sarek/preprocessing/', '5d41402abc4b2a76b9719d911017c630'),
(40, 'FI0037725.S14030.cram.crai', 'genomic', 'alignment', 'crai', 2264924, 's3://cqdg-prod-file-workspace/sarek/preprocessing/', '5d41402abc4b2a76b9719d911017c631'),
(41, 'FI0037727.S14751.cram', 'genomic', 'alignment', 'cram', 89227945574, 's3://cqdg-prod-file-workspace/sarek/preprocessing/', '5d41402abc4b2a76b9719d911017c632'),
(42, 'FI0037727.S14751.cram.crai', 'genomic', 'alignment', 'crai', 2589982, 's3://cqdg-prod-file-workspace/sarek/preprocessing/', '5d41402abc4b2a76b9719d911017c633'),
(43, 'FI0037729.S14133.cram', 'genomic', 'alignment', 'cram', 82431159828, 's3://cqdg-prod-file-workspace/sarek/preprocessing/', '5d41402abc4b2a76b9719d911017c634'),
(44, 'FI0037729.S14133.cram.crai', 'genomic', 'alignment', 'crai', 2558525, 's3://cqdg-prod-file-workspace/sarek/preprocessing/', '5d41402abc4b2a76b9719d911017c635'),
(45, 'FI0037731.S14756.cram', 'genomic', 'alignment', 'cram', 90774133800, 's3://cqdg-prod-file-workspace/sarek/preprocessing/', '5d41402abc4b2a76b9719d911017c636'),
(46, 'FI0037731.S14756.cram.crai', 'genomic', 'alignment', 'crai', 2537553, 's3://cqdg-prod-file-workspace/sarek/preprocessing/', '5d41402abc4b2a76b9719d911017c637'),
(47, 'FI0037732.S14857.cram', 'genomic', 'alignment', 'cram', 102778567393, 's3://cqdg-prod-file-workspace/sarek/preprocessing/', '5d41402abc4b2a76b9719d911017c638'),
(48, 'FI0037732.S14857.cram.crai', 'genomic', 'alignment', 'crai', 2222981, 's3://cqdg-prod-file-workspace/sarek/preprocessing/', '5d41402abc4b2a76b9719d911017c639'),
(49, 'FI0037733.S14758.cram', 'genomic', 'alignment', 'cram', 76203457249, 's3://cqdg-prod-file-workspace/sarek/preprocessing/', '5d41402abc4b2a76b9719d911017c640'),
(50, 'FI0037733.S14758.cram.crai', 'genomic', 'alignment', 'crai', 2076180, 's3://cqdg-prod-file-workspace/sarek/preprocessing/', '5d41402abc4b2a76b9719d911017c641'),
(51, 'FI0037734.S14050.cram', 'genomic', 'alignment', 'cram', 112936165048, 's3://cqdg-prod-file-workspace/sarek/preprocessing/', '5d41402abc4b2a76b9719d911017c642'),
(52, 'FI0037734.S14050.cram.crai', 'genomic', 'alignment', 'crai', 2485125, 's3://cqdg-prod-file-workspace/sarek/preprocessing/', '5d41402abc4b2a76b9719d911017c643'),
(53, 'FI0037738.S14131.cram', 'genomic', 'alignment', 'cram', 79392470466, 's3://cqdg-prod-file-workspace/sarek/preprocessing/', '5d41402abc4b2a76b9719d911017c644'),
(54, 'FI0037738.S14131.cram.crai', 'genomic', 'alignment', 'crai', 2390753, 's3://cqdg-prod-file-workspace/sarek/preprocessing/', '5d41402abc4b2a76b9719d911017c645'),
(55, 'FI0037745.S14711.cram', 'genomic', 'alignment', 'cram', 110477296271, 's3://cqdg-prod-file-workspace/sarek/preprocessing/', '5d41402abc4b2a76b9719d911017c646'),
(56, 'FI0037745.S14711.cram.crai', 'genomic', 'alignment', 'crai', 2359296, 's3://cqdg-prod-file-workspace/sarek/preprocessing/', '5d41402abc4b2a76b9719d911017c647'),
(57, 'FI0037747.S14138.cram', 'genomic', 'alignment', 'cram', 87381109637, 's3://cqdg-prod-file-workspace/sarek/preprocessing/', '5d41402abc4b2a76b9719d911017c648'),
(58, 'FI0037747.S14138.cram.crai', 'genomic', 'alignment', 'crai', 2369781, 's3://cqdg-prod-file-workspace/sarek/preprocessing/', '5d41402abc4b2a76b9719d911017c649'),
(59, 'FI0037755.S14858.cram', 'genomic', 'alignment', 'cram', 103970420817, 's3://cqdg-prod-file-workspace/sarek/preprocessing/', '5d41402abc4b2a76b9719d911017c650'),
(60, 'FI0037755.S14858.cram.crai', 'genomic', 'alignment', 'crai', 2243952, 's3://cqdg-prod-file-workspace/sarek/preprocessing/', '5d41402abc4b2a76b9719d911017c651'),
(61, 'NA12892.recal.cram', 'genomic', 'alignment', 'cram', 105087112314, 's3://cqdg-prod-file-workspace/sarek/preprocessing/recalibrated/NA12892/NA12892.recal.cram', '5d41402abc4b2a76b9719d911017c652'),
(62, 'NA12892.recal.crai', 'genomic', 'alignment', 'crai', 2474639, 's3://cqdg-prod-file-workspace/sarek/preprocessing/recalibrated/NA12892/NA12892.recal.crai', '5d41402abc4b2a76b9719d911017c653'),
(63, 'FI0037766.S14747.cram', 'genomic', 'alignment', 'cram', 67881958113, 's3://cqdg-prod-file-workspace/sarek/preprocessing/', '5d41402abc4b2a76b9719d911017c654'),
(64, 'FI0037766.S14747.cram.crai', 'genomic', 'alignment', 'crai', 1887436, 's3://cqdg-prod-file-workspace/sarek/preprocessing/', '5d41402abc4b2a76b9719d911017c655'),
(65, 'FI0037767.S14691.cram', 'genomic', 'alignment', 'cram', 127259880980, 's3://cqdg-prod-file-workspace/sarek/preprocessing/', '5d41402abc4b2a76b9719d911017c656'),
(66, 'FI0037767.S14691.cram.crai', 'genomic', 'alignment', 'crai', 2726297, 's3://cqdg-prod-file-workspace/sarek/preprocessing/', '5d41402abc4b2a76b9719d911017c657'),
(67, 'FI0037772.S14712.cram', 'genomic', 'alignment', 'cram', 162553774735, 's3://cqdg-prod-file-workspace/sarek/preprocessing/', '5d41402abc4b2a76b9719d911017c658'),
(68, 'FI0037772.S14712.cram.crai', 'genomic', 'alignment', 'crai', 3491758, 's3://cqdg-prod-file-workspace/sarek/preprocessing/', '5d41402abc4b2a76b9719d911017c659'),
(69, 'FI0037775.S13235.cram', 'genomic', 'alignment', 'cram', 91600915005, 's3://cqdg-prod-file-workspace/sarek/preprocessing/', '5d41402abc4b2a76b9719d911017c660'),
(70, 'FI0037775.S13235.cram.crai', 'genomic', 'alignment', 'crai', 2160066, 's3://cqdg-prod-file-workspace/sarek/preprocessing/', '5d41402abc4b2a76b9719d911017c661'),
(71, 'FI0037776.S14757.cram', 'genomic', 'alignment', 'cram', 83021717831, 's3://cqdg-prod-file-workspace/sarek/preprocessing/', '5d41402abc4b2a76b9719d911017c662'),
(72, 'FI0037776.S14757.cram.crai', 'genomic', 'alignment', 'crai', 2443182, 's3://cqdg-prod-file-workspace/sarek/preprocessing/', '5d41402abc4b2a76b9719d911017c663'),
(73, 'FI0037778.S14136.cram', 'genomic', 'alignment', 'cram', 64832531333, 's3://cqdg-prod-file-workspace/sarek/preprocessing/', '5d41402abc4b2a76b9719d911017c664'),
(74, 'FI0037778.S14136.cram.crai', 'genomic', 'alignment', 'crai', 1960837, 's3://cqdg-prod-file-workspace/sarek/preprocessing/', '5d41402abc4b2a76b9719d911017c665'),
(75, 'FI0037782.S14029.cram', 'genomic', 'alignment', 'cram', 132467528826, 's3://cqdg-prod-file-workspace/sarek/preprocessing/', '5d41402abc4b2a76b9719d911017c666'),
(76, 'FI0037782.S14029.cram.crai', 'genomic', 'alignment', 'crai', 2820669, 's3://cqdg-prod-file-workspace/sarek/preprocessing/', '5d41402abc4b2a76b9719d911017c667'),
(77, 'FI0037786.S13234.cram', 'genomic', 'alignment', 'cram', 98923834245, 's3://cqdg-prod-file-workspace/sarek/preprocessing/', '5d41402abc4b2a76b9719d911017c668'),
(78, 'FI0037786.S13234.cram.crai', 'genomic', 'alignment', 'crai', 2401239, 's3://cqdg-prod-file-workspace/sarek/preprocessing/', '5d41402abc4b2a76b9719d911017c669'),
(79, 'FI0037789.S14744.cram', 'genomic', 'alignment', 'cram', 96615289323, 's3://cqdg-prod-file-workspace/sarek/preprocessing/', '5d41402abc4b2a76b9719d911017c670'),
(80, 'FI0037789.S14744.cram.crai', 'genomic', 'alignment', 'crai', 2600468, 's3://cqdg-prod-file-workspace/sarek/preprocessing/', '5d41402abc4b2a76b9719d911017c671'),
(81, 'FI0037798.S14745.cram', 'genomic', 'alignment', 'cram', 88980984954, 's3://cqdg-prod-file-workspace/sarek/preprocessing/', '5d41402abc4b2a76b9719d911017c672'),
(82, 'FI0037798.S14745.cram.crai', 'genomic', 'alignment', 'crai', 2527068, 's3://cqdg-prod-file-workspace/sarek/preprocessing/', '5d41402abc4b2a76b9719d911017c673'),
(83, 'FI0037801.S14859.cram', 'genomic', 'alignment', 'cram', 110391396925, 's3://cqdg-prod-file-workspace/sarek/preprocessing/', '5d41402abc4b2a76b9719d911017c674'),
(84, 'FI0037801.S14859.cram.crai', 'genomic', 'alignment', 'crai', 2359296, 's3://cqdg-prod-file-workspace/sarek/preprocessing/', '5d41402abc4b2a76b9719d911017c675'),
(85, 'NA12891.recal.cram', 'genomic', 'alignment', 'cram', 104238856273, 's3://cqdg-prod-file-workspace/sarek/preprocessing/recalibrated/NA12891/NA12891.recal.cram', '5d41402abc4b2a76b9719d911017c676'),
(86, 'NA12891.recal.crai', 'genomic', 'alignment', 'crai', 2306867, 's3://cqdg-prod-file-workspace/sarek/preprocessing/recalibrated/NA12891/NA12891.recal.crai', '5d41402abc4b2a76b9719d911017c677'),
(87, 'FI0037808.S14137.cram', 'genomic', 'alignment', 'cram', 90709709291, 's3://cqdg-prod-file-workspace/sarek/preprocessing/', '5d41402abc4b2a76b9719d911017c678'),
(88, 'FI0037808.S14137.cram.crai', 'genomic', 'alignment', 'crai', 2443182, 's3://cqdg-prod-file-workspace/sarek/preprocessing/', '5d41402abc4b2a76b9719d911017c679'),
(89, 'HG00513.recal.cram', 'genomic', 'alignment', 'cram', 115212497715, 's3://cqdg-prod-file-workspace/sarek/preprocessing/recalibrated/HG00513/HG00513.recal.cram', '5d41402abc4b2a76b9719d911017c680'),
(90, 'HG00513.recal.crai', 'genomic', 'alignment', 'crai', 2956984, 's3://cqdg-prod-file-workspace/sarek/preprocessing/recalibrated/HG00513/HG00513.recal.crai', '5d41402abc4b2a76b9719d911017c681'),
(91, 'FI0037813.S14742.cram', 'genomic', 'alignment', 'cram', 85555748536, 's3://cqdg-prod-file-workspace/sarek/preprocessing/', '5d41402abc4b2a76b9719d911017c682'),
(92, 'FI0037813.S14742.cram.crai', 'genomic', 'alignment', 'crai', 2317352, 's3://cqdg-prod-file-workspace/sarek/preprocessing/', '5d41402abc4b2a76b9719d911017c683'),
(93, 'FI0037816.S14049.cram', 'genomic', 'alignment', 'cram', 101221641748, 's3://cqdg-prod-file-workspace/sarek/preprocessing/', '5d41402abc4b2a76b9719d911017c684'),
(94, 'FI0037816.S14049.cram.crai', 'genomic', 'alignment', 'crai', 2222981, 's3://cqdg-prod-file-workspace/sarek/preprocessing/', '5d41402abc4b2a76b9719d911017c685'),
(95, 'FI0037818.S13233.cram', 'genomic', 'alignment', 'cram', 91944512389, 's3://cqdg-prod-file-workspace/sarek/preprocessing/', '5d41402abc4b2a76b9719d911017c686'),
(96, 'FI0037818.S13233.cram.crai', 'genomic', 'alignment', 'crai', 2233466, 's3://cqdg-prod-file-workspace/sarek/preprocessing/', '5d41402abc4b2a76b9719d911017c687'),
(97, 'FI0037827.S14031.cram', 'genomic', 'alignment', 'cram', 132821863628, 's3://cqdg-prod-file-workspace/sarek/preprocessing/', '5d41402abc4b2a76b9719d911017c688'),
(98, 'FI0037827.S14031.cram.crai', 'genomic', 'alignment', 'crai', 2820669, 's3://cqdg-prod-file-workspace/sarek/preprocessing/', '5d41402abc4b2a76b9719d911017c689'),
(99, 'FI0037829.S13227.cram', 'genomic', 'alignment', 'cram', 88068304404, 's3://cqdg-prod-file-workspace/sarek/preprocessing/', '5d41402abc4b2a76b9719d911017c690'),
(100, 'FI0037829.S13227.cram.crai', 'genomic', 'alignment', 'crai', 1939865, 's3://cqdg-prod-file-workspace/sarek/preprocessing/', '5d41402abc4b2a76b9719d911017c691'),
(101, 'FI0037830.S14731.cram', 'genomic', 'alignment', 'cram', 107331232727, 's3://cqdg-prod-file-workspace/sarek/preprocessing/', '5d41402abc4b2a76b9719d911017c692'),
(102, 'FI0037830.S14731.cram.crai', 'genomic', 'alignment', 'crai', 2317352, 's3://cqdg-prod-file-workspace/sarek/preprocessing/', '5d41402abc4b2a76b9719d911017c693'),
(103, 'FI0037833.S14693.cram', 'genomic', 'alignment', 'cram', 124543314165, 's3://cqdg-prod-file-workspace/sarek/preprocessing/', '5d41402abc4b2a76b9719d911017c694'),
(104, 'FI0037833.S14693.cram.crai', 'genomic', 'alignment', 'crai', 2432696, 's3://cqdg-prod-file-workspace/sarek/preprocessing/', '5d41402abc4b2a76b9719d911017c695'),
(105, 'FI0037835.S13237.cram', 'genomic', 'alignment', 'cram', 83408264888, 's3://cqdg-prod-file-workspace/sarek/preprocessing/', '5d41402abc4b2a76b9719d911017c696'),
(106, 'FI0037835.S13237.cram.crai', 'genomic', 'alignment', 'crai', 2128609, 's3://cqdg-prod-file-workspace/sarek/preprocessing/', '5d41402abc4b2a76b9719d911017c697'),
(107, 'FI0037843.S14713.cram', 'genomic', 'alignment', 'cram', 112624779919, 's3://cqdg-prod-file-workspace/sarek/preprocessing/', '5d41402abc4b2a76b9719d911017c698'),
(108, 'FI0037843.S14713.cram.crai', 'genomic', 'alignment', 'crai', 2411724, 's3://cqdg-prod-file-workspace/sarek/preprocessing/', '5d41402abc4b2a76b9719d911017c699'),
(109, 'FI0037845.S14048.cram', 'genomic', 'alignment', 'cram', 131576323112, 's3://cqdg-prod-file-workspace/sarek/preprocessing/', '5d41402abc4b2a76b9719d911017c700'),
(110, 'FI0037845.S14048.cram.crai', 'genomic', 'alignment', 'crai', 2873098, 's3://cqdg-prod-file-workspace/sarek/preprocessing/', '5d41402abc4b2a76b9719d911017c701'),
(111, 'FI0037847.S14787.cram', 'genomic', 'alignment', 'cram', 102617506119, 's3://cqdg-prod-file-workspace/sarek/preprocessing/', '5d41402abc4b2a76b9719d911017c702'),
(112, 'FI0037847.S14787.cram.crai', 'genomic', 'alignment', 'crai', 2705326, 's3://cqdg-prod-file-workspace/sarek/preprocessing/', '5d41402abc4b2a76b9719d911017c703'),
(113, 'FI0037849.S14741.cram', 'genomic', 'alignment', 'cram', 87928717967, 's3://cqdg-prod-file-workspace/sarek/preprocessing/', '5d41402abc4b2a76b9719d911017c704'),
(114, 'FI0037849.S14741.cram.crai', 'genomic', 'alignment', 'crai', 2317352, 's3://cqdg-prod-file-workspace/sarek/preprocessing/', '5d41402abc4b2a76b9719d911017c705'),
(115, 'FI0037850.S14134.cram', 'genomic', 'alignment', 'cram', 98762772971, 's3://cqdg-prod-file-workspace/sarek/preprocessing/', '5d41402abc4b2a76b9719d911017c706'),
(116, 'FI0037850.S14134.cram.crai', 'genomic', 'alignment', 'crai', 2778726, 's3://cqdg-prod-file-workspace/sarek/preprocessing/', '5d41402abc4b2a76b9719d911017c707'),
(117, 'FI0037851.S14139.cram', 'genomic', 'alignment', 'cram', 84449794457, 's3://cqdg-prod-file-workspace/sarek/preprocessing/', '5d41402abc4b2a76b9719d911017c708'),
(118, 'FI0037851.S14139.cram.crai', 'genomic', 'alignment', 'crai', 2411724, 's3://cqdg-prod-file-workspace/sarek/preprocessing/', '5d41402abc4b2a76b9719d911017c709'),
(119, 'FI0037857.S14749.cram', 'genomic', 'alignment', 'cram', 91880087879, 's3://cqdg-prod-file-workspace/sarek/preprocessing/', '5d41402abc4b2a76b9719d911017c710'),
(120, 'FI0037857.S14749.cram.crai', 'genomic', 'alignment', 'crai', 2390753, 's3://cqdg-prod-file-workspace/sarek/preprocessing/', '5d41402abc4b2a76b9719d911017c711'),
(121, 'FI0037858.S14786.cram', 'genomic', 'alignment', 'cram', 88809186263, 's3://cqdg-prod-file-workspace/sarek/preprocessing/', '5d41402abc4b2a76b9719d911017c712'),
(122, 'FI0037858.S14786.cram.crai', 'genomic', 'alignment', 'crai', 2841640, 's3://cqdg-prod-file-workspace/sarek/preprocessing/', '5d41402abc4b2a76b9719d911017c713'),
(123, 'FI0037862.S14747.vcf.gz', 'genomic', 'snv', 'vcf', 302650490, 's3://cqdg-prod-file-workspace/sarek/preprocessing/', '5d41402abc4b2a76b9719d911017c714'),
(124, 'FI0037862.S14747.vcf.gz.tbi', 'genomic', 'snv', 'tbi', 2411724, 's3://cqdg-prod-file-workspace/sarek/preprocessing/', '5d41402abc4b2a76b9719d911017c715'),
(125, 'FI0037863.S14693.vcf.gz', 'genomic', 'snv', 'vcf', 301518028, 's3://cqdg-prod-file-workspace/sarek/preprocessing/', '5d41402abc4b2a76b9719d911017c716'),
(126, 'FI0037863.S14693.vcf.gz.tbi', 'genomic', 'snv', 'tbi', 2411724, 's3://cqdg-prod-file-workspace/sarek/preprocessing/', '5d41402abc4b2a76b9719d911017c717'),
(127, 'FI0037864.S13228.vcf.gz', 'genomic', 'snv', 'vcf', 306718965, 's3://cqdg-prod-file-workspace/sarek/preprocessing/', '5d41402abc4b2a76b9719d911017c718'),
(128, 'FI0037864.S13228.vcf.gz.tbi', 'genomic', 'snv', 'tbi', 2422210, 's3://cqdg-prod-file-workspace/sarek/preprocessing/', '5d41402abc4b2a76b9719d911017c719'),
(129, 'FI0037865.S14743.vcf.gz', 'genomic', 'snv', 'vcf', 325488476, 's3://cqdg-prod-file-workspace/sarek/preprocessing/', '5d41402abc4b2a76b9719d911017c720'),
(130, 'FI0037865.S14743.vcf.gz.tbi', 'genomic', 'snv', 'tbi', 2432696, 's3://cqdg-prod-file-workspace/sarek/preprocessing/', '5d41402abc4b2a76b9719d911017c721'),
(131, 'FI0037866.S14757.vcf.gz', 'genomic', 'snv', 'vcf', 384963706, 's3://cqdg-prod-file-workspace/sarek/preprocessing/', '5d41402abc4b2a76b9719d911017c722'),
(132, 'FI0037866.S14757.vcf.gz.tbi', 'genomic', 'snv', 'tbi', 2453667, 's3://cqdg-prod-file-workspace/sarek/preprocessing/', '5d41402abc4b2a76b9719d911017c723'),
(133, 'FI0037867.S14746.vcf.gz', 'genomic', 'snv', 'vcf', 315914977, 's3://cqdg-prod-file-workspace/sarek/preprocessing/', '5d41402abc4b2a76b9719d911017c724'),
(134, 'FI0037867.S14746.vcf.gz.tbi', 'genomic', 'snv', 'tbi', 2432696, 's3://cqdg-prod-file-workspace/sarek/preprocessing/', '5d41402abc4b2a76b9719d911017c725'),
(135, 'CEPH-1463.exomiser.vcf.gz', 'genomic', 'snv', 'vcf', 303866839, 's3://cqdg-prod-file-workspace/Postprocessing/exomiser/CEPH-1463.exomiser.vcf.gz', '5d41402abc4b2a76b9719d911017c726'),
(136, 'CEPH-1463.exomiser.vcf.gz.tbi', 'genomic', 'snv', 'tbi', 2422210, 's3://cqdg-prod-file-workspace/Postprocessing/exomiser/CEPH-1463.exomiser.vcf.gz.tbi', '5d41402abc4b2a76b9719d911017c727'),
(137, 'FI0037869.S14741.vcf.gz', 'genomic', 'snv', 'vcf', 330647470, 's3://cqdg-prod-file-workspace/sarek/preprocessing/', '5d41402abc4b2a76b9719d911017c728'),
(138, 'FI0037869.S14741.vcf.gz.tbi', 'genomic', 'snv', 'tbi', 2443182, 's3://cqdg-prod-file-workspace/sarek/preprocessing/', '5d41402abc4b2a76b9719d911017c729'),
(139, 'FI0037870.S14745.vcf.gz', 'genomic', 'snv', 'vcf', 320822312, 's3://cqdg-prod-file-workspace/sarek/preprocessing/', '5d41402abc4b2a76b9719d911017c730'),
(140, 'FI0037870.S14745.vcf.gz.tbi', 'genomic', 'snv', 'tbi', 2432696, 's3://cqdg-prod-file-workspace/sarek/preprocessing/', '5d41402abc4b2a76b9719d911017c731'),
(141, 'FI0037872.S14732.vcf.gz', 'genomic', 'snv', 'vcf', 305198530, 's3://cqdg-prod-file-workspace/sarek/preprocessing/', '5d41402abc4b2a76b9719d911017c732'),
(142, 'FI0037872.S14732.vcf.gz.tbi', 'genomic', 'snv', 'tbi', 2411724, 's3://cqdg-prod-file-workspace/sarek/preprocessing/', '5d41402abc4b2a76b9719d911017c733'),
(143, 'FI0037873.S14731.vcf.gz', 'genomic', 'snv', 'vcf', 306173706, 's3://cqdg-prod-file-workspace/sarek/preprocessing/', '5d41402abc4b2a76b9719d911017c734'),
(144, 'FI0037873.S14731.vcf.gz.tbi', 'genomic', 'snv', 'tbi', 2411724, 's3://cqdg-prod-file-workspace/sarek/preprocessing/', '5d41402abc4b2a76b9719d911017c735'),
(145, 'FI0037874.S13233.vcf.gz', 'genomic', 'snv', 'vcf', 304202383, 's3://cqdg-prod-file-workspace/sarek/preprocessing/', '5d41402abc4b2a76b9719d911017c736'),
(146, 'FI0037874.S13233.vcf.gz.tbi', 'genomic', 'snv', 'tbi', 2411724, 's3://cqdg-prod-file-workspace/sarek/preprocessing/', '5d41402abc4b2a76b9719d911017c737'),
(147, 'CEPH-1463.exomiser.vcf.gz', 'genomic', 'snv', 'vcf', 303866839, 's3://cqdg-prod-file-workspace/Postprocessing/exomiser/CEPH-1463.exomiser.vcf.gz', '5d41402abc4b2a76b9719d911017c738'),
(148, 'CEPH-1463.exomiser.vcf.gz.tbi', 'genomic', 'snv', 'tbi', 2422210, 's3://cqdg-prod-file-workspace/Postprocessing/exomiser/CEPH-1463.exomiser.vcf.gz.tbi', '5d41402abc4b2a76b9719d911017c739'),
(149, 'FI0037876.S14713.vcf.gz', 'genomic', 'snv', 'vcf', 319375278, 's3://cqdg-prod-file-workspace/sarek/preprocessing/', '5d41402abc4b2a76b9719d911017c740'),
(150, 'FI0037876.S14713.vcf.gz.tbi', 'genomic', 'snv', 'tbi', 2432696, 's3://cqdg-prod-file-workspace/sarek/preprocessing/', '5d41402abc4b2a76b9719d911017c741'),
(151, 'FI0037877.S13230.vcf.gz', 'genomic', 'snv', 'vcf', 308994375, 's3://cqdg-prod-file-workspace/sarek/preprocessing/', '5d41402abc4b2a76b9719d911017c742'),
(152, 'FI0037877.S13230.vcf.gz.tbi', 'genomic', 'snv', 'tbi', 2422210, 's3://cqdg-prod-file-workspace/sarek/preprocessing/', '5d41402abc4b2a76b9719d911017c743'),
(153, 'FI0037878.S14139.vcf.gz', 'genomic', 'snv', 'vcf', 305009786, 's3://cqdg-prod-file-workspace/sarek/preprocessing/', '5d41402abc4b2a76b9719d911017c744'),
(154, 'FI0037878.S14139.vcf.gz.tbi', 'genomic', 'snv', 'tbi', 2411724, 's3://cqdg-prod-file-workspace/sarek/preprocessing/', '5d41402abc4b2a76b9719d911017c745'),
(155, 'FI0037879.S14748.vcf.gz', 'genomic', 'snv', 'vcf', 303185264, 's3://cqdg-prod-file-workspace/sarek/preprocessing/', '5d41402abc4b2a76b9719d911017c746'),
(156, 'FI0037879.S14748.vcf.gz.tbi', 'genomic', 'snv', 'tbi', 2411724, 's3://cqdg-prod-file-workspace/sarek/preprocessing/', '5d41402abc4b2a76b9719d911017c747'),
(157, 'FI0037880.S14744.vcf.gz', 'genomic', 'snv', 'vcf', 319899566, 's3://cqdg-prod-file-workspace/sarek/preprocessing/', '5d41402abc4b2a76b9719d911017c748'),
(158, 'FI0037880.S14744.vcf.gz.tbi', 'genomic', 'snv', 'tbi', 2432696, 's3://cqdg-prod-file-workspace/sarek/preprocessing/', '5d41402abc4b2a76b9719d911017c749'),
(159, 'FI0037881.S14137.vcf.gz', 'genomic', 'snv', 'vcf', 304852500, 's3://cqdg-prod-file-workspace/sarek/preprocessing/', '5d41402abc4b2a76b9719d911017c750'),
(160, 'FI0037881.S14137.vcf.gz.tbi', 'genomic', 'snv', 'tbi', 2411724, 's3://cqdg-prod-file-workspace/sarek/preprocessing/', '5d41402abc4b2a76b9719d911017c751'),
(161, 'FI0037882.S14788.vcf.gz', 'genomic', 'snv', 'vcf', 307369082, 's3://cqdg-prod-file-workspace/sarek/preprocessing/', '5d41402abc4b2a76b9719d911017c752'),
(162, 'FI0037882.S14788.vcf.gz.tbi', 'genomic', 'snv', 'tbi', 2422210, 's3://cqdg-prod-file-workspace/sarek/preprocessing/', '5d41402abc4b2a76b9719d911017c753'),
(163, 'FI0037883.S14030.vcf.gz', 'genomic', 'snv', 'vcf', 304862986, 's3://cqdg-prod-file-workspace/sarek/preprocessing/', '5d41402abc4b2a76b9719d911017c754'),
(164, 'FI0037883.S14030.vcf.gz.tbi', 'genomic', 'snv', 'tbi', 2411724, 's3://cqdg-prod-file-workspace/sarek/preprocessing/', '5d41402abc4b2a76b9719d911017c755'),
(165, 'FI0037884.S14031.vcf.gz', 'genomic', 'snv', 'vcf', 308113571, 's3://cqdg-prod-file-workspace/sarek/preprocessing/', '5d41402abc4b2a76b9719d911017c756'),
(166, 'FI0037884.S14031.vcf.gz.tbi', 'genomic', 'snv', 'tbi', 2422210, 's3://cqdg-prod-file-workspace/sarek/preprocessing/', '5d41402abc4b2a76b9719d911017c757'),
(167, 'FI0037885.S14136.vcf.gz', 'genomic', 'snv', 'vcf', 310892298, 's3://cqdg-prod-file-workspace/sarek/preprocessing/', '5d41402abc4b2a76b9719d911017c758'),
(168, 'FI0037885.S14136.vcf.gz.tbi', 'genomic', 'snv', 'tbi', 2432696, 's3://cqdg-prod-file-workspace/sarek/preprocessing/', '5d41402abc4b2a76b9719d911017c759'),
(169, 'FI0037886.S13231.vcf.gz', 'genomic', 'snv', 'vcf', 314908344, 's3://cqdg-prod-file-workspace/sarek/preprocessing/', '5d41402abc4b2a76b9719d911017c760'),
(170, 'FI0037886.S13231.vcf.gz.tbi', 'genomic', 'snv', 'tbi', 2422210, 's3://cqdg-prod-file-workspace/sarek/preprocessing/', '5d41402abc4b2a76b9719d911017c761'),
(171, 'FI0037888.S14133.vcf.gz', 'genomic', 'snv', 'vcf', 380161228, 's3://cqdg-prod-file-workspace/sarek/preprocessing/', '5d41402abc4b2a76b9719d911017c762'),
(172, 'FI0037888.S14133.vcf.gz.tbi', 'genomic', 'snv', 'tbi', 2464153, 's3://cqdg-prod-file-workspace/sarek/preprocessing/', '5d41402abc4b2a76b9719d911017c763'),
(173, 'FI0037889.S13232.vcf.gz', 'genomic', 'snv', 'vcf', 306561679, 's3://cqdg-prod-file-workspace/sarek/preprocessing/', '5d41402abc4b2a76b9719d911017c764'),
(174, 'FI0037889.S13232.vcf.gz.tbi', 'genomic', 'snv', 'tbi', 2422210, 's3://cqdg-prod-file-workspace/sarek/preprocessing/', '5d41402abc4b2a76b9719d911017c765'),
(175, 'FI0037890.S13237.vcf.gz', 'genomic', 'snv', 'vcf', 320633569, 's3://cqdg-prod-file-workspace/sarek/preprocessing/', '5d41402abc4b2a76b9719d911017c766'),
(176, 'FI0037890.S13237.vcf.gz.tbi', 'genomic', 'snv', 'tbi', 2432696, 's3://cqdg-prod-file-workspace/sarek/preprocessing/', '5d41402abc4b2a76b9719d911017c767'),
(177, 'FI0037891.S14691.vcf.gz', 'genomic', 'snv', 'vcf', 311238328, 's3://cqdg-prod-file-workspace/sarek/preprocessing/', '5d41402abc4b2a76b9719d911017c768'),
(178, 'FI0037891.S14691.vcf.gz.tbi', 'genomic', 'snv', 'tbi', 2422210, 's3://cqdg-prod-file-workspace/sarek/preprocessing/', '5d41402abc4b2a76b9719d911017c769'),
(179, 'FI0037892.S13229.vcf.gz', 'genomic', 'snv', 'vcf', 299011932, 's3://cqdg-prod-file-workspace/sarek/preprocessing/', '5d41402abc4b2a76b9719d911017c770'),
(180, 'FI0037892.S13229.vcf.gz.tbi', 'genomic', 'snv', 'tbi', 2411724, 's3://cqdg-prod-file-workspace/sarek/preprocessing/', '5d41402abc4b2a76b9719d911017c771'),
(181, 'FI0037894.S14049.vcf.gz', 'genomic', 'snv', 'vcf', 376344412, 's3://cqdg-prod-file-workspace/sarek/preprocessing/', '5d41402abc4b2a76b9719d911017c772'),
(182, 'FI0037894.S14049.vcf.gz.tbi', 'genomic', 'snv', 'tbi', 2453667, 's3://cqdg-prod-file-workspace/sarek/preprocessing/', '5d41402abc4b2a76b9719d911017c773'),
(183, 'FI0037895.S14758.vcf.gz', 'genomic', 'snv', 'vcf', 371594362, 's3://cqdg-prod-file-workspace/sarek/preprocessing/', '5d41402abc4b2a76b9719d911017c774'),
(184, 'FI0037895.S14758.vcf.gz.tbi', 'genomic', 'snv', 'tbi', 2464153, 's3://cqdg-prod-file-workspace/sarek/preprocessing/', '5d41402abc4b2a76b9719d911017c775'),
(185, 'FI0037896.S14858.vcf.gz', 'genomic', 'snv', 'vcf', 304716185, 's3://cqdg-prod-file-workspace/sarek/preprocessing/', '5d41402abc4b2a76b9719d911017c776'),
(186, 'FI0037896.S14858.vcf.gz.tbi', 'genomic', 'snv', 'tbi', 2411724, 's3://cqdg-prod-file-workspace/sarek/preprocessing/', '5d41402abc4b2a76b9719d911017c777'),
(187, 'FI0037897.S13236.vcf.gz', 'genomic', 'snv', 'vcf', 311856988, 's3://cqdg-prod-file-workspace/sarek/preprocessing/', '5d41402abc4b2a76b9719d911017c778'),
(188, 'FI0037897.S13236.vcf.gz.tbi', 'genomic', 'snv', 'tbi', 2432696, 's3://cqdg-prod-file-workspace/sarek/preprocessing/', '5d41402abc4b2a76b9719d911017c779'),
(189, 'FI0037898.S14756.vcf.gz', 'genomic', 'snv', 'vcf', 378514964, 's3://cqdg-prod-file-workspace/sarek/preprocessing/', '5d41402abc4b2a76b9719d911017c780'),
(190, 'FI0037898.S14756.vcf.gz.tbi', 'genomic', 'snv', 'tbi', 2464153, 's3://cqdg-prod-file-workspace/sarek/preprocessing/', '5d41402abc4b2a76b9719d911017c781'),
(191, 'FI0037899.S14712.vcf.gz', 'genomic', 'snv', 'vcf', 344121671, 's3://cqdg-prod-file-workspace/sarek/preprocessing/', '5d41402abc4b2a76b9719d911017c782'),
(192, 'FI0037899.S14712.vcf.gz.tbi', 'genomic', 'snv', 'tbi', 2432696, 's3://cqdg-prod-file-workspace/sarek/preprocessing/', '5d41402abc4b2a76b9719d911017c783'),
(193, 'FI0037900.S13234.vcf.gz', 'genomic', 'snv', 'vcf', 308994375, 's3://cqdg-prod-file-workspace/sarek/preprocessing/', '5d41402abc4b2a76b9719d911017c784'),
(194, 'FI0037900.S13234.vcf.gz.tbi', 'genomic', 'snv', 'tbi', 2411724, 's3://cqdg-prod-file-workspace/sarek/preprocessing/', '5d41402abc4b2a76b9719d911017c785'),
(195, 'FI0037901.S14730.vcf.gz', 'genomic', 'snv', 'vcf', 302273003, 's3://cqdg-prod-file-workspace/sarek/preprocessing/', '5d41402abc4b2a76b9719d911017c786'),
(196, 'FI0037901.S14730.vcf.gz.tbi', 'genomic', 'snv', 'tbi', 2411724, 's3://cqdg-prod-file-workspace/sarek/preprocessing/', '5d41402abc4b2a76b9719d911017c787'),
(197, 'FI0037902.S14048.vcf.gz', 'genomic', 'snv', 'vcf', 384869335, 's3://cqdg-prod-file-workspace/sarek/preprocessing/', '5d41402abc4b2a76b9719d911017c788'),
(198, 'FI0037902.S14048.vcf.gz.tbi', 'genomic', 'snv', 'tbi', 2453667, 's3://cqdg-prod-file-workspace/sarek/preprocessing/', '5d41402abc4b2a76b9719d911017c789'),
(199, 'FI0037903.S14751.vcf.gz', 'genomic', 'snv', 'vcf', 312957992, 's3://cqdg-prod-file-workspace/sarek/preprocessing/', '5d41402abc4b2a76b9719d911017c790'),
(200, 'FI0037903.S14751.vcf.gz.tbi', 'genomic', 'snv', 'tbi', 2422210, 's3://cqdg-prod-file-workspace/sarek/preprocessing/', '5d41402abc4b2a76b9719d911017c791'),
(201, 'FI0037904.S14135.vcf.gz', 'genomic', 'snv', 'vcf', 320518225, 's3://cqdg-prod-file-workspace/sarek/preprocessing/', '5d41402abc4b2a76b9719d911017c792'),
(202, 'FI0037904.S14135.vcf.gz.tbi', 'genomic', 'snv', 'tbi', 2422210, 's3://cqdg-prod-file-workspace/sarek/preprocessing/', '5d41402abc4b2a76b9719d911017c793'),
(203, 'FI0037905.S14786.vcf.gz', 'genomic', 'snv', 'vcf', 325362647, 's3://cqdg-prod-file-workspace/sarek/preprocessing/', '5d41402abc4b2a76b9719d911017c794'),
(204, 'FI0037905.S14786.vcf.gz.tbi', 'genomic', 'snv', 'tbi', 2432696, 's3://cqdg-prod-file-workspace/sarek/preprocessing/', '5d41402abc4b2a76b9719d911017c795'),
(205, 'FI0037906.S14138.vcf.gz', 'genomic', 'snv', 'vcf', 309308948, 's3://cqdg-prod-file-workspace/sarek/preprocessing/', '5d41402abc4b2a76b9719d911017c796'),
(206, 'FI0037906.S14138.vcf.gz.tbi', 'genomic', 'snv', 'tbi', 2411724, 's3://cqdg-prod-file-workspace/sarek/preprocessing/', '5d41402abc4b2a76b9719d911017c797'),
(207, 'FI0037907.S14134.vcf.gz', 'genomic', 'snv', 'vcf', 319427706, 's3://cqdg-prod-file-workspace/sarek/preprocessing/', '5d41402abc4b2a76b9719d911017c798'),
(208, 'FI0037907.S14134.vcf.gz.tbi', 'genomic', 'snv', 'tbi', 2432696, 's3://cqdg-prod-file-workspace/sarek/preprocessing/', '5d41402abc4b2a76b9719d911017c799'),
(209, 'FI0037908.S14711.vcf.gz', 'genomic', 'snv', 'vcf', 327763886, 's3://cqdg-prod-file-workspace/sarek/preprocessing/', '5d41402abc4b2a76b9719d911017c800'),
(210, 'FI0037908.S14711.vcf.gz.tbi', 'genomic', 'snv', 'tbi', 2432696, 's3://cqdg-prod-file-workspace/sarek/preprocessing/', '5d41402abc4b2a76b9719d911017c801'),
(211, 'FI0037909.S14787.vcf.gz', 'genomic', 'snv', 'vcf', 311825530, 's3://cqdg-prod-file-workspace/sarek/preprocessing/', '5d41402abc4b2a76b9719d911017c802'),
(212, 'FI0037909.S14787.vcf.gz.tbi', 'genomic', 'snv', 'tbi', 2422210, 's3://cqdg-prod-file-workspace/sarek/preprocessing/', '5d41402abc4b2a76b9719d911017c803'),
(213, 'FI0037910.S14132.vcf.gz', 'genomic', 'snv', 'vcf', 380003942, 's3://cqdg-prod-file-workspace/sarek/preprocessing/', '5d41402abc4b2a76b9719d911017c804'),
(214, 'FI0037910.S14132.vcf.gz.tbi', 'genomic', 'snv', 'tbi', 2453667, 's3://cqdg-prod-file-workspace/sarek/preprocessing/', '5d41402abc4b2a76b9719d911017c805'),
(215, 'FI0037911.S13227.vcf.gz', 'genomic', 'snv', 'vcf', 310724526, 's3://cqdg-prod-file-workspace/sarek/preprocessing/', '5d41402abc4b2a76b9719d911017c806'),
(216, 'FI0037911.S13227.vcf.gz.tbi', 'genomic', 'snv', 'tbi', 2422210, 's3://cqdg-prod-file-workspace/sarek/preprocessing/', '5d41402abc4b2a76b9719d911017c807'),
(217, 'CEPH-1463.exomiser.vcf.gz', 'genomic', 'snv', 'vcf', 303866839, 's3://cqdg-prod-file-workspace/Postprocessing/exomiser/CEPH-1463.exomiser.vcf.gz', '5d41402abc4b2a76b9719d911017c808'),
(218, 'CEPH-1463.exomiser.vcf.gz.tbi', 'genomic', 'snv', 'tbi', 2422210, 's3://cqdg-prod-file-workspace/Postprocessing/exomiser/CEPH-1463.exomiser.vcf.gz.tbi', '5d41402abc4b2a76b9719d911017c809'),
(219, 'FI0037913.S14742.vcf.gz', 'genomic', 'snv', 'vcf', 335355576, 's3://cqdg-prod-file-workspace/sarek/preprocessing/', '5d41402abc4b2a76b9719d911017c810'),
(220, 'FI0037913.S14742.vcf.gz.tbi', 'genomic', 'snv', 'tbi', 2432696, 's3://cqdg-prod-file-workspace/sarek/preprocessing/', '5d41402abc4b2a76b9719d911017c811'),
(221, 'FI0037914.S14752.vcf.gz', 'genomic', 'snv', 'vcf', 305806704, 's3://cqdg-prod-file-workspace/sarek/preprocessing/', '5d41402abc4b2a76b9719d911017c812'),
(222, 'FI0037914.S14752.vcf.gz.tbi', 'genomic', 'snv', 'tbi', 2411724, 's3://cqdg-prod-file-workspace/sarek/preprocessing/', '5d41402abc4b2a76b9719d911017c813'),
(223, 'FI0037915.S14050.vcf.gz', 'genomic', 'snv', 'vcf', 368836608, 's3://cqdg-prod-file-workspace/sarek/preprocessing/', '5d41402abc4b2a76b9719d911017c814'),
(224, 'FI0037915.S14050.vcf.gz.tbi', 'genomic', 'snv', 'tbi', 2453667, 's3://cqdg-prod-file-workspace/sarek/preprocessing/', '5d41402abc4b2a76b9719d911017c815'),
(225, 'FI0037916.S13238.vcf.gz', 'genomic', 'snv', 'vcf', 327449313, 's3://cqdg-prod-file-workspace/sarek/preprocessing/', '5d41402abc4b2a76b9719d911017c816'),
(226, 'FI0037916.S13238.vcf.gz.tbi', 'genomic', 'snv', 'tbi', 2432696, 's3://cqdg-prod-file-workspace/sarek/preprocessing/', '5d41402abc4b2a76b9719d911017c817'),
(227, 'FI0037917.S14692.vcf.gz', 'genomic', 'snv', 'vcf', 301056655, 's3://cqdg-prod-file-workspace/sarek/preprocessing/', '5d41402abc4b2a76b9719d911017c818'),
(228, 'FI0037917.S14692.vcf.gz.tbi', 'genomic', 'snv', 'tbi', 2411724, 's3://cqdg-prod-file-workspace/sarek/preprocessing/', '5d41402abc4b2a76b9719d911017c819'),
(229, 'FI0037920.S14749.vcf.gz', 'genomic', 'snv', 'vcf', 305586503, 's3://cqdg-prod-file-workspace/sarek/preprocessing/', '5d41402abc4b2a76b9719d911017c820'),
(230, 'FI0037920.S14749.vcf.gz.tbi', 'genomic', 'snv', 'tbi', 2411724, 's3://cqdg-prod-file-workspace/sarek/preprocessing/', '5d41402abc4b2a76b9719d911017c821'),
(231, 'FI0037921.S14859.vcf.gz', 'genomic', 'snv', 'vcf', 304003153, 's3://cqdg-prod-file-workspace/sarek/preprocessing/', '5d41402abc4b2a76b9719d911017c822'),
(232, 'FI0037921.S14859.vcf.gz.tbi', 'genomic', 'snv', 'tbi', 2422210, 's3://cqdg-prod-file-workspace/sarek/preprocessing/', '5d41402abc4b2a76b9719d911017c823'),
(233, 'FI0037922.S14750.vcf.gz', 'genomic', 'snv', 'vcf', 304716185, 's3://cqdg-prod-file-workspace/sarek/preprocessing/', '5d41402abc4b2a76b9719d911017c824'),
(234, 'FI0037922.S14750.vcf.gz.tbi', 'genomic', 'snv', 'tbi', 2411724, 's3://cqdg-prod-file-workspace/sarek/preprocessing/', '5d41402abc4b2a76b9719d911017c825'),
(235, 'SH032.exomiser.vcf.gz', 'genomic', 'snv', 'vcf', 307610255, 's3://cqdg-prod-file-workspace/Postprocessing/exomiser/SH032.exomiser.vcf.gz', '5d41402abc4b2a76b9719d911017c826'),
(236, 'SH032.exomiser.vcf.gz.tbi', 'genomic', 'snv', 'tbi', 2411724, 's3://cqdg-prod-file-workspace/Postprocessing/exomiser/SH032.exomiser.vcf.gz.tbi', '5d41402abc4b2a76b9719d911017c827'),
(237, 'FI0037925.S14131.vcf.gz', 'genomic', 'snv', 'vcf', 382111580, 's3://cqdg-prod-file-workspace/sarek/preprocessing/', '5d41402abc4b2a76b9719d911017c828'),
(238, 'FI0037925.S14131.vcf.gz.tbi', 'genomic', 'snv', 'tbi', 2453667, 's3://cqdg-prod-file-workspace/sarek/preprocessing/', '5d41402abc4b2a76b9719d911017c829'),
(239, 'FI0037926.S13235.vcf.gz', 'genomic', 'snv', 'vcf', 298078699, 's3://cqdg-prod-file-workspace/sarek/preprocessing/', '5d41402abc4b2a76b9719d911017c830'),
(240, 'FI0037926.S13235.vcf.gz.tbi', 'genomic', 'snv', 'tbi', 2411724, 's3://cqdg-prod-file-workspace/sarek/preprocessing/', '5d41402abc4b2a76b9719d911017c831'),
(241, 'FI0037927.S14029.vcf.gz', 'genomic', 'snv', 'vcf', 307243253, 's3://cqdg-prod-file-workspace/sarek/preprocessing/', '5d41402abc4b2a76b9719d911017c832'),
(242, 'FI0037927.S14029.vcf.gz.tbi', 'genomic', 'snv', 'tbi', 2422210, 's3://cqdg-prod-file-workspace/sarek/preprocessing/', '5d41402abc4b2a76b9719d911017c833'),
(243, 'FI0037928.S14857.vcf.gz', 'genomic', 'snv', 'vcf', 304055582, 's3://cqdg-prod-file-workspace/sarek/preprocessing/', '5d41402abc4b2a76b9719d911017c834'),
(244, 'FI0037928.S14857.vcf.gz.tbi', 'genomic', 'snv', 'tbi', 2411724, 's3://cqdg-prod-file-workspace/sarek/preprocessing/', '5d41402abc4b2a76b9719d911017c835')
ON CONFLICT(id) DO NOTHING;

INSERT INTO "task_has_documents" (task_id, document_id) VALUES
(1, 1),
(1, 62),
(1, 123),
(1, 184),
(2, 2),
(2, 63),
(2, 124),
(2, 185),
(3, 3),
(3, 64),
(3, 125),
(3, 186),
(4, 4),
(4, 65),
(4, 126),
(4, 187),
(5, 5),
(5, 66),
(5, 127),
(5, 188),
(6, 6),
(6, 67),
(6, 128),
(6, 189),
(7, 7),
(7, 68),
(7, 129),
(7, 190),
(8, 8),
(8, 69),
(8, 130),
(8, 191),
(9, 9),
(9, 70),
(9, 131),
(9, 192),
(10, 10),
(10, 71),
(10, 132),
(10, 193),
(11, 11),
(11, 72),
(11, 133),
(11, 194),
(12, 12),
(12, 73),
(12, 134),
(12, 195),
(13, 13),
(13, 74),
(13, 135),
(13, 196),
(14, 14),
(14, 75),
(14, 136),
(14, 197),
(15, 15),
(15, 76),
(15, 137),
(15, 198),
(16, 16),
(16, 77),
(16, 138),
(16, 199),
(17, 17),
(17, 78),
(17, 139),
(17, 200),
(18, 18),
(18, 79),
(18, 140),
(18, 201),
(19, 19),
(19, 80),
(19, 141),
(19, 202),
(20, 20),
(20, 81),
(20, 142),
(20, 203),
(21, 21),
(21, 82),
(21, 143),
(21, 204),
(22, 22),
(22, 83),
(22, 144),
(22, 205),
(23, 23),
(23, 84),
(23, 145),
(23, 206),
(24, 24),
(24, 85),
(24, 146),
(24, 207),
(25, 25),
(25, 86),
(25, 147),
(25, 208),
(26, 26),
(26, 87),
(26, 148),
(26, 209),
(27, 27),
(27, 88),
(27, 149),
(27, 210),
(28, 28),
(28, 89),
(28, 150),
(28, 211),
(29, 29),
(29, 90),
(29, 151),
(29, 212),
(30, 30),
(30, 91),
(30, 152),
(30, 213),
(31, 31),
(31, 92),
(31, 153),
(31, 214),
(32, 32),
(32, 93),
(32, 154),
(32, 215),
(33, 33),
(33, 94),
(33, 155),
(33, 216),
(34, 34),
(34, 95),
(34, 156),
(34, 217),
(35, 35),
(35, 96),
(35, 157),
(35, 218),
(36, 36),
(36, 97),
(36, 158),
(36, 219),
(37, 37),
(37, 98),
(37, 159),
(37, 220),
(38, 38),
(38, 99),
(38, 160),
(38, 221),
(39, 39),
(39, 100),
(39, 161),
(39, 222),
(40, 40),
(40, 101),
(40, 162),
(40, 223),
(41, 41),
(41, 102),
(41, 163),
(41, 224),
(42, 42),
(42, 103),
(42, 164),
(42, 225),
(43, 43),
(43, 104),
(43, 165),
(43, 226),
(44, 44),
(44, 105),
(44, 166),
(44, 227),
(45, 45),
(45, 106),
(45, 167),
(45, 228),
(46, 46),
(46, 107),
(46, 168),
(46, 229),
(47, 47),
(47, 108),
(47, 169),
(47, 230),
(48, 48),
(48, 109),
(48, 170),
(48, 231),
(49, 49),
(49, 110),
(49, 171),
(49, 232),
(50, 50),
(50, 111),
(50, 172),
(50, 233),
(51, 51),
(51, 112),
(51, 173),
(51, 234),
(52, 52),
(52, 113),
(52, 174),
(52, 235),
(53, 53),
(53, 114),
(53, 175),
(53, 236),
(54, 54),
(54, 115),
(54, 176),
(54, 237),
(55, 55),
(55, 116),
(55, 177),
(55, 238),
(56, 56),
(56, 117),
(56, 178),
(56, 239),
(57, 57),
(57, 118),
(57, 179),
(57, 240),
(58, 58),
(58, 119),
(58, 180),
(58, 241),
(59, 59),
(59, 120),
(59, 181),
(59, 242),
(60, 60),
(60, 121),
(60, 182),
(60, 243),
(61, 61),
(61, 122),
(61, 183),
(61, 244)
ON CONFLICT(task_id, document_id) DO NOTHING;



INSERT INTO "document_has_patients" (document_id, patient_id) VALUES
(1, 8),
(2, 8),
(3, 6),
(4, 6),
(5, 49),
(6, 49),
(7, 45),
(8, 45),
(9, 50),
(10, 50),
(11, 9),
(12, 9),
(13, 33),
(14, 33),
(15, 14),
(16, 14),
(17, 41),
(18, 41),
(19, 40),
(20, 40),
(21, 5),
(22, 5),
(23, 7),
(24, 7),
(25, 28),
(26, 28),
(27, 3),
(28, 3),
(29, 52),
(30, 52),
(31, 56),
(32, 56),
(33, 15),
(34, 15),
(35, 24),
(36, 24),
(37, 39),
(38, 39),
(39, 17),
(40, 17),
(41, 51),
(42, 51),
(43, 25),
(44, 25),
(45, 55),
(46, 55),
(47, 60),
(48, 60),
(49, 54),
(50, 54),
(51, 21),
(52, 21),
(53, 23),
(54, 23),
(55, 37),
(56, 37),
(57, 31),
(58, 31),
(59, 61),
(60, 61),
(61, 2),
(62, 2),
(63, 47),
(64, 47),
(65, 34),
(66, 34),
(67, 36),
(68, 36),
(69, 11),
(70, 11),
(71, 53),
(72, 53),
(73, 26),
(74, 26),
(75, 16),
(76, 16),
(77, 12),
(78, 12),
(79, 44),
(80, 44),
(81, 46),
(82, 46),
(83, 59),
(84, 59),
(85, 1),
(86, 1),
(87, 30),
(88, 30),
(89, 22),
(90, 22),
(91, 43),
(92, 43),
(93, 19),
(94, 19),
(95, 10),
(96, 10),
(97, 18),
(98, 18),
(99, 4),
(100, 4),
(101, 38),
(102, 38),
(103, 32),
(104, 32),
(105, 13),
(106, 13),
(107, 35),
(108, 35),
(109, 20),
(110, 20),
(111, 57),
(112, 57),
(113, 42),
(114, 42),
(115, 27),
(116, 27),
(117, 29),
(118, 29),
(119, 48),
(120, 48),
(121, 58),
(122, 58),
(123, 47),
(124, 47),
(125, 32),
(126, 32),
(127, 6),
(128, 6),
(129, 41),
(130, 41),
(131, 53),
(132, 53),
(133, 45),
(134, 45),
(135, 3),
(136, 3),
(137, 42),
(138, 42),
(139, 46),
(140, 46),
(141, 40),
(142, 40),
(143, 38),
(144, 38),
(145, 10),
(146, 10),
(147, 1),
(148, 1),
(149, 35),
(150, 35),
(151, 8),
(152, 8),
(153, 29),
(154, 29),
(155, 49),
(156, 49),
(157, 44),
(158, 44),
(159, 30),
(160, 30),
(161, 56),
(162, 56),
(163, 17),
(164, 17),
(165, 18),
(166, 18),
(167, 26),
(168, 26),
(169, 9),
(170, 9),
(171, 25),
(172, 25),
(173, 7),
(174, 7),
(175, 13),
(176, 13),
(177, 34),
(178, 34),
(179, 5),
(180, 5),
(181, 19),
(182, 19),
(183, 54),
(184, 54),
(185, 61),
(186, 61),
(187, 15),
(188, 15),
(189, 55),
(190, 55),
(191, 36),
(192, 36),
(193, 12),
(194, 12),
(195, 39),
(196, 39),
(197, 20),
(198, 20),
(199, 51),
(200, 51),
(201, 28),
(202, 28),
(203, 58),
(204, 58),
(205, 31),
(206, 31),
(207, 27),
(208, 27),
(209, 37),
(210, 37),
(211, 57),
(212, 57),
(213, 24),
(214, 24),
(215, 4),
(216, 4),
(217, 2),
(218, 2),
(219, 43),
(220, 43),
(221, 52),
(222, 52),
(223, 21),
(224, 21),
(225, 14),
(226, 14),
(227, 33),
(228, 33),
(229, 48),
(230, 48),
(231, 59),
(232, 59),
(233, 50),
(234, 50),
(235, 22),
(236, 22),
(237, 23),
(238, 23),
(239, 11),
(240, 11),
(241, 16),
(242, 16),
(243, 60),
(244, 60)
ON CONFLICT( document_id,patient_id) DO NOTHING;
