-- Active: 1746963621814@@127.0.0.1@5435@radiant
-- Actors
INSERT INTO organization (id, code, name, category) VALUES
  (1, 'CHOP', 'ChilDrn Hospital of Philadelphia', 'healthcare_provider'),
  (2, 'UCSF', 'University of California San-Francisco', 'healthcare_provider'),
  (3, 'CHUSJ', 'Centre hospitalier universitaire Sainte-Justine', 'healthcare_provider'),
  (4, 'LDM-CHUSJ', 'Laboratoire de diagnostic moléculaire, CHU Sainte-Justine', 'diagnostic_laboratory'),
  (5, 'LDM-CHOP', 'Molecular Diagnostic Laboratory, CHOP', 'diagnostic_laboratory'),
  (6, 'CQGC', 'Quebec Clinical Genomic Center', 'sequencing_center')
  ON CONFLICT (code) DO NOTHING;

INSERT INTO practitioner (id, last_name, first_name, license, prefix, suffix) VALUES 
(1, 'Laflamme', 'Felix', '37498', 'Dr', NULL),
(2, 'Lopez', 'Melissa', '37500', 'Dr', NULL),
(3, 'Watson', 'Christopher', '37502', 'Dr', NULL),
(4, 'Breton', 'Victoria', '37504', 'Dr', NULL),
(5, 'Paré', 'Antoine', '37506', 'Dr', NULL),
(6, 'Frye', 'Jonathan', '37508', 'Dr', NULL),
(7, 'Taylor', 'Dawn', '37510', 'Dr', NULL),
(8, 'Maxwell', 'Lauren', '37512', 'Dr', NULL),
(9, 'Duchesne', 'Elliot', '37514', 'Dr', NULL),
(10, 'Williams', 'Alex', '37516', 'Dr', NULL),
(11, 'Séguin', 'Arthur', '37518', 'Dr', NULL),
(12, 'Veilleux', 'Raphaelle', '37520', 'Dr', NULL),
(13, 'Stevens', 'Louis', '37522', 'Dr', NULL),
(14, 'Gervais', 'Sarah', '37524', 'Dr', NULL),
(15, 'Peterson', 'Xavier', '37526', 'Dr', NULL),
(16, 'Laroche', 'Jeanne', '37528', 'Dr', NULL),
(17, 'Morissette', 'Arnaud', '37530', 'Dr', NULL),
(18, 'Charron', 'Sophia', '37532', 'Dr', NULL),
(19, 'Reid', 'Ethan', '37534', 'Dr', NULL),
(20, 'Laplante', 'Leonie', '37536', 'Dr', NULL),
(21, 'Chabot', 'Henri', '37538', 'Dr', NULL),
(22, 'Brunet', 'Alexia', '37540', 'Dr', NULL),
(23, 'Vézina', 'Loic', '37542', 'Dr', NULL),
(24, 'Desrochers', 'Rose', '37544', 'Dr', NULL),
(25, 'Morgan', 'Zachary', '37546', 'Dr', NULL),
(26, 'Hall', 'Julie', NULL, 'PhD', NULL),
(27, 'Hamdan', 'Fadi', NULL, 'PhD', NULL),
(28, 'Anoja', 'Nancy', NULL, 'PhD', NULL),
(29, 'Baret', 'Laurence', NULL, 'PhD', NULL),
(30, 'Canales', 'Karen', NULL, 'PhD', NULL),
(31, 'Sillon', 'Guillaume', NULL, 'PhD', NULL),
(32, 'Chong', 'George', NULL, 'PhD', NULL),
(33, 'Monczak', 'Yury', NULL, 'PhD', NULL),
(34, 'Roy', 'Leonard', '37549', 'Dr', NULL),
(35, 'Leclerc', 'Juliette', '37550', 'Dr', NULL),
(36, 'Roy', 'Leon', '37551', 'Dr', NULL),
(37, 'Gagnon', 'Ella', '37552', 'Dr', NULL),
(38, 'Poirier', 'Eva', '37553', 'Dr', NULL),
(39, 'Leblanc', 'Thomas', '37554', 'Dr', NULL),
(40, 'Jordan', 'Romy', NULL, NULL, NULL),
(41, 'Boucher', 'Alexis', NULL, NULL, NULL),
(42, 'Girard', 'Nathan', NULL, NULL, NULL),
(43, 'Thibault', 'Victoria', NULL, NULL, NULL),
(44, 'Beaulieu', 'Samuel', NULL, NULL, NULL),
(45, 'Poulin', 'Mia', NULL, NULL, NULL)
ON CONFLICT (id) DO NOTHING;


INSERT INTO practitioner_has_roles (id, practitioner_id, organization_id, role, email, phone) VALUES
(1, 1, 3, 'doctor', 'laflamme.felix@chusj.org', '514-564-3099'),
(2, 2, 3, 'doctor', 'lopez.melissa@chusj.org', '514-564-3100'),
(3, 3, 3, 'doctor', 'watson.christopher@chusj.org', '514-564-3101'),
(4, 4, 3, 'doctor', 'breton.victoria@chusj.org', '514-564-3102'),
(5, 5, 3, 'doctor', 'pare.antoine@chusj.org', '514-564-3103'),
(6, 6, 3, 'doctor', 'frye.jonathan@chusj.org', '514-564-3104'),
(7, 7, 1, 'doctor', 'taylor.dawn@chop.org', '514-564-3105'),
(8, 8, 1, 'doctor', 'maxwell.lauren@chop.org', '514-564-3106'),
(9, 9, 1, 'doctor', 'duchesne.elliot@chop.org', '514-564-3107'),
(10, 10, 1, 'doctor', 'williams.alex@chop.org', '514-564-3108'),
(11, 11, 1, 'doctor', 'seguin.arthur@chop.org', '514-564-3109'),
(12, 12, 1, 'doctor', 'veilleux.raphaelle@chop.org', '514-564-3110'),
(13, 13, 2, 'doctor', 'stevens.louis@ucsf.org', '514-564-3111'),
(14, 14, 2, 'doctor', 'gervais.sarah@ucsf.org', '514-564-3112'),
(15, 15, 2, 'doctor', 'peterson.xavier@ucsf.org', '514-564-3113'),
(16, 16, 2, 'doctor', 'laroche.jeanne@ucsf.org', '514-564-3114'),
(17, 17, 2, 'doctor', 'morissette.arnaud@ucsf.org', '514-564-3115'),
(18, 18, 3, 'geneticist', 'charron.sophia@ucsfj.org', '514-564-3116'),
(19, 19, 3, 'geneticist', 'reid.ethan@chusj.org', '514-564-3117'),
(20, 20, 3, 'geneticist', 'laplante.leonie@chusj.org', '514-564-3118'),
(21, 21, 3, 'geneticist', 'chabot.henri@chusj.org', '514-564-3119'),
(22, 22, 1, 'geneticist', 'brunet.alexia@chop.org', '514-564-3120'),
(23, 23, 2, 'geneticist', 'vezina.loic@chop.org', '514-564-3121'),
(24, 24, 2, 'geneticist', 'desrochers.rose@ucsf.org', '514-564-3122'),
(25, 25, 2, 'geneticist', 'morgan.zachary@ucsf.org', '514-564-3123'),
(26, 26, 4, 'geneticist', 'hall.julie@ldm-chusj.org', '514-564-3124'),
(27, 27, 4, 'geneticist', 'hamdan.fadi@ldm-chusj.org', '514-564-3125'),
(28, 28, 4, 'geneticist', 'anoja.nancy@ldm-chusj.org', '514-564-3126'),
(29, 29, 5, 'geneticist', 'baret.laurence@ldm-chop.org', '514-564-3127'),
(30, 30, 5, 'geneticist', 'canales.karen@ldm-chop.org', '514-564-3128'),
(31, 31, 5, 'geneticist', 'sillon.guillaume@ldm-chop.org', '514-564-3129'),
(32, 32, 5, 'geneticist', 'chong.george@ldm-chop.org', '514-564-3130'),
(33, 33, 5, 'geneticist', 'monczak.yury@ldm-chop.org', '514-564-3131'),
(34, 34, 4, 'geneticist', 'roy.leonard@ldm-chusj.org', '514-564-3132'),
(35, 35, 4, 'geneticist', 'leclerc.juliette@ldm-chusj.org', '514-564-3133'),
(36, 36, 5, 'geneticist', 'roy.leon@ldm-chop.org', '514-564-3134'),
(37, 37, 5, 'geneticist', 'gagnon.ella@ldm-chop.org', '514-564-3135'),
(38, 38, 5, 'geneticist', 'poirier.eva@ldm-chop.org', '514-564-3136'),
(39, 39, 5, 'geneticist', 'leblanc.thomas@ldm-chop.org', '514-564-3137'),
(40, 40, 4, 'geneticist', 'jordan.romy@ldm-chusj.org', '514-564-3138'),
(41, 41, 5, 'geneticist', 'boucher.alexis@ldm-chop.org', '514-564-3139'),
(42, 42, 5, 'geneticist', 'girard.nathan@ldm-chop.org', '514-564-3140'),
(43, 43, 4, 'geneticist', 'thibault.victoria@ldm-chusj.org', '514-564-3141'),
(44, 44, 5, 'geneticist', 'beaulieu.samuel@ldm-chop.org', '514-564-3142'),
(45, 45, 5, 'geneticist', 'poulin.mia@ldm-chop.org', '514-564-3143')
ON CONFLICT (id) DO NOTHING;

-- Patients
INSERT INTO person (id, last_name, first_name, sex, dob, jhn) VALUES
(1, 'Anderson', 'Jaccoba', 'female', '2012-02-03', 'CHAJ12020376'),
(2, 'Baker', 'Lea', 'male', '1970-01-30', 'MORL70513037'),
(3, 'Bennett', 'Thomas', 'male', '1973-03-23', 'CHAT73032326'),
(4, 'Blake', 'Raphael', 'male', '1995-08-05', 'BOUR95080581'),
(5, 'Brooks', 'Alice', 'female', '1971-08-22', 'LEPA71582256'),
(6, 'Brown', 'Nathan', 'male', '1969-03-21', 'BOUN69032192'),
(7, 'Campbell', 'Leo', 'male', '2013-01-24', 'RICL13012437'),
(8, 'Carter', 'Olivio', 'male', '1988-06-02', 'LACO88560220'),
(9, 'Clark', 'Alexie', 'female', '1985-11-05', 'RICA85110573'),
(10, 'Collins', 'Emilie', 'female', '2011-11-23', 'NGUE11112362'),
(11, 'Cooper', 'Florence', 'female', '1987-06-09', 'GREF87560940'),
(12, 'Cox', 'Samuel', 'male', '1986-10-18', 'NGUS86101881'),
(13, 'Davis', 'Edouard', 'male', '2017-09-11', 'BLAE17091181'),
(14, 'Dixon', 'Charlotte', 'female', '1989-07-06', 'LAUC89570634'),
(15, 'Edwards', 'Finomena', 'female', '1987-01-12', 'BLAF87011237'),
(16, 'Evans', 'Olivier', 'male', '2016-07-13', 'GILO16071311'),
(17, 'Fisher', 'Charlie', 'male', '1989-04-30', 'MASC89543062'),
(18, 'Foster', 'Gabriel', 'male', '1987-11-06', 'GILG87110683'),
(19, 'Garcia', 'Charlotte', 'female', '1996-06-30', 'FORC96063024'),
(20, 'Gray', 'Rousseau', 'male', '1995-05-07', 'DROR95550784'),
(21, 'Green', 'Antoine', 'male', '2002-06-17', 'BEDA02061770'),
(22, 'Hall', 'Alice', 'female', '2008-01-05', 'PILA08010529'),
(23, 'Harris', 'Victoria', 'female', '2003-04-16', 'COUV03041667'),
(24, 'Harrison', 'Benjamin', 'male', '2012-06-21', 'ROBB12062170'),
(25, 'Henderson', 'Beatrice', 'female', '1981-08-16', 'MERB81581688'),
(26, 'Hill', 'Zo', 'male', '2006-04-06', 'BEAZ06540688'),
(27, 'Holmes', 'Elliot', 'male', '1991-01-09', 'CLOE91010953'),
(28, 'Howard', 'Joey', 'male', '2013-08-12', 'POIJ13581280'),
(29, 'Hughes', 'Jayden', 'male', '1957-03-11', 'COUJ57031167'),
(30, 'Hunt', 'Arianna', 'female', '2010-04-07', 'LEBA10040725'),
(31, 'Jackson', 'Chloe', 'female', '1956-12-08', 'BOUC56620835'),
(32, 'James', 'Eva', 'female', '1988-07-17', 'ARSE88571771'),
(33, 'Jenkins', 'Jamie', 'female', '1988-12-06', 'CARJ88120683'),
(34, 'Johnson', 'Soufianne', 'male', '2001-05-08', 'AUDS01550878'),
(35, 'Jones', 'Julien', 'male', '1978-05-28', 'FOUJ78552867'),
(36, 'Kelly', 'Romy', 'female', '1987-04-26', 'DEMR87542632'),
(37, 'King', 'Louis', 'male', '1956-01-15', 'LANL56011596'),
(38, 'Knight', 'Theo', 'female', '1999-05-23', 'GAUT99052351'),
(39, 'Lee', 'Xavier', 'male', '2016-11-09', 'CHOX16110972'),
(40, 'Lewis', 'Mia', 'female', '1974-01-13', 'LEMM74511326'),
(41, 'Long', 'Victoria', 'male', '1965-08-15', 'GOSV65581593'),
(42, 'Martin', 'Zaina', 'female', '1995-06-18', 'EMOZ95061858'),
(43, 'Mason', 'Arnaud', 'male', '2014-10-26', 'MICA14102620'),
(44, 'Matthews', 'Rose', 'female', '2021-02-14', 'HAMR21521437'),
(45, 'Miller', 'Clara', 'female', '1956-04-29', 'ALLC56542942'),
(46, 'Mitchell', 'Lucy', 'female', '1956-01-15', 'LAVL56011572'),
(47, 'Moore', 'Liv', 'male', '1973-04-03', 'ROBL73540336'),
(48, 'Morgan', 'Eve', 'female', '1963-01-13', 'GUAE63011346'),
(49, 'Morris', 'Mila', 'female', '1995-07-16', 'OUEM95571685'),
(50, 'Murphy', 'Nolan', 'male', '1990-03-06', 'LARN90030672'),
(51, 'Nelson', 'Maeva', 'male', '1974-08-09', 'PAQM74580934'),
(52, 'Parker', 'Henri', 'male', '1960-07-08', 'ROBH60070829'),
(53, 'Patterson', 'Milan', 'male', '2019-12-05', 'BERM19120523'),
(54, 'Perry', 'Camille', 'female', '1989-10-22', 'PAQC89602292'),
(55, 'Phillips', 'Laurence', 'female', '2020-02-16', 'CHAL20521646'),
(56, 'Price', 'Raphaelle', 'female', '1977-12-06', 'GAGR77620610'),
(57, 'Reed', 'Loicia', 'female', '1979-08-04', 'BOIL79080483'),
(58, 'Richardson', 'Mathis', 'male', '1994-06-26', 'CHAM94062622'),
(59, 'Roberts', 'Frédérique', 'female', '1984-02-09', 'PLAZ84020945'),
(60, 'Robinson', 'Dina', 'female', '1979-07-01', 'MARD79070187'),
(61, 'Rogers', 'Alexia', 'female', '1971-07-25', 'LARA71072588')
ON CONFLICT (id) DO NOTHING;

INSERT INTO patient (id, submitter_id, person_id, sex, mrn, managing_organization_id, note) VALUES
(1, '803.2', 1, 'female', 'MRN-283773', 3, 'note on patient'),
(2, '803.3', 2, 'male', 'MRN-283774', 3, 'note on patient'),
(3, '803.1', 3, 'male', 'MRN-283775', 3, 'note on patient'),
(4, '804.1', 4, 'male', 'MRN-283776', 3, 'note on patient'),
(5, '804.3', 5, 'male', 'MRN-283777', 3, 'note on patient'),
(6, '804.2', 6, 'female', 'MRN-283778', 3, 'note on patient'),
(7, '805.3', 7, 'male', 'MRN-283779', 3, 'note on patient'),
(8, '805.1', 8, 'male', 'MRN-283780', 3, 'note on patient'),
(9, '805.2', 9, 'female', 'MRN-283781', 3, 'note on patient'),
(10, '806.1', 10, 'female', 'MRN-283782', 3, 'note on patient'),
(11, '806.3', 11, 'male', 'MRN-283783', 3, 'note on patient'),
(12, '806.2', 12, 'female', 'MRN-283784', 3, 'note on patient'),
(13, '807.2', 13, 'female', 'MRN-283785', 3, 'note on patient'),
(14, '807.3', 14, 'male', 'MRN-283786', 3, 'note on patient'),
(15, '807.1', 15, 'male', 'MRN-283787', 3, 'note on patient'),
(16, '836.1', 16, 'male', 'MRN-283788', 3, 'note on patient'),
(17, '836.2', 17, 'female', 'MRN-283789', 3, 'note on patient'),
(18, '836.3', 18, 'male', 'MRN-283790', 3, 'note on patient'),
(19, '839.2', 19, 'female', 'MRN-283791', 3, 'note on patient'),
(20, '839.1', 20, 'female', 'MRN-283792', 3, 'note on patient'),
(21, '839.3', 21, 'male', 'MRN-283793', 3, 'note on patient'),
(22, '859.1', 22, 'male', 'MRN-283794', 3, 'note on patient'),
(23, '869.1', 23, 'female', 'MRN-283795', 3, 'note on patient'),
(24, '869.2', 24, 'female', 'MRN-283796', 3, 'note on patient'),
(25, '869.3', 25, 'male', 'MRN-283797', 3, 'note on patient'),
(26, '870.3', 26, 'male', 'MRN-283798', 3, 'note on patient'),
(27, '870.1', 27, 'male', 'MRN-283799', 3, 'note on patient'),
(28, '870.2', 28, 'female', 'MRN-283800', 3, 'note on patient'),
(29, '871.3', 29, 'male', 'MRN-283801', 3, 'note on patient'),
(30, '871.1', 30, 'male', 'MRN-283802', 3, 'note on patient'),
(31, '871.2', 31, 'female', 'MRN-283803', 3, 'note on patient'),
(32, '912.3', 32, 'male', 'MRN-283804', 2, 'note on patient'),
(33, '912.2', 33, 'female', 'MRN-283805', 2, 'note on patient'),
(34, '912.1', 34, 'female', 'MRN-283806', 2, 'note on patient'),
(35, '948.3', 35, 'male', 'MRN-283807', 2, 'note on patient'),
(36, '948.2', 36, 'female', 'MRN-283808', 2, 'note on patient'),
(37, '948.1', 37, 'female', 'MRN-283809', 2, 'note on patient'),
(38, '950.2', 38, 'female', 'MRN-283810', 1, 'note on patient'),
(39, '950.1', 39, 'male', 'MRN-283811', 1, 'note on patient'),
(40, '950.3', 40, 'male', 'MRN-283812', 1, 'note on patient'),
(41, '951.3', 41, 'male', 'MRN-283813', 1, 'note on patient'),
(42, '951.1', 42, 'male', 'MRN-283814', 1, 'note on patient'),
(43, '951.2', 43, 'female', 'MRN-283815', 1, 'note on patient'),
(44, '952.1', 44, 'female', 'MRN-283816', 1, 'note on patient'),
(45, '952.3', 45, 'male', 'MRN-283817', 1, 'note on patient'),
(46, '952.2', 46, 'female', 'MRN-283818', 1, 'note on patient'),
(47, '953.1', 47, 'female', 'MRN-283819', 1, 'note on patient'),
(48, '953.3', 48, 'male', 'MRN-283820', 1, 'note on patient'),
(49, '953.2', 49, 'female', 'MRN-283821', 1, 'note on patient'),
(50, '954.1', 50, 'male', 'MRN-283822', 1, 'note on patient'),
(51, '954.2', 51, 'female', 'MRN-283823', 1, 'note on patient'),
(52, '954.3', 52, 'male', 'MRN-283824', 1, 'note on patient'),
(53, '956.2', 53, 'female', 'MRN-283825', 1, 'note on patient'),
(54, '956.3', 54, 'male', 'MRN-283826', 1, 'note on patient'),
(55, '956.1', 55, 'male', 'MRN-283827', 2, 'note on patient'),
(56, '958.3', 56, 'male', 'MRN-283828', 2, 'note on patient'),
(57, '958.2', 57, 'female', 'MRN-283829', 2, 'note on patient'),
(58, '958.1', 58, 'female', 'MRN-283830', 2, 'note on patient'),
(59, '990.3', 59, 'male', 'MRN-283831', 2, 'note on patient'),
(60, '990.1', 60, 'female', 'MRN-283832', 2, 'note on patient'),
(61, '990.2', 61, 'female', 'MRN-283833', 2, 'note on patient')
ON CONFLICT (id) DO NOTHING;

INSERT INTO study (id, code, name, description) VALUES
(1, 'CaG', 'CARTaGENE','CARTaGENE est une plateforme publique de recherche du CHU Sainte-Justine'),
(2, 'NeuroDev', 'WGS for the investigation of neuro-developmental disorders', NULL)
ON CONFLICT (id) DO NOTHING;

INSERT INTO study_has_patients (study_id, patient_id) VALUES
(2, 1),
(2, 2),
(2, 3),
(2, 4),
(2, 5),
(2, 6),
(2, 7),
(2, 8),
(2, 9),
(2, 10),
(2, 11),
(2, 12),
(2, 13),
(2, 14),
(2, 15),
(2, 16),
(2, 17),
(2, 18),
(2, 19),
(2, 20),
(2, 21),
(2, 22),
(2, 23),
(2, 24),
(2, 25),
(2, 26),
(2, 27),
(2, 28),
(2, 29),
(2, 30),
(2, 31),
(2, 32),
(2, 33),
(2, 34),
(2, 35),
(2, 36),
(2, 37),
(2, 38),
(2, 39),
(2, 40),
(2, 41),
(2, 42),
(2, 43),
(2, 44),
(2, 45),
(2, 46),
(2, 47),
(2, 48),
(2, 49),
(2, 50),
(2, 51),
(2, 52),
(2, 53),
(2, 54),
(2, 55),
(2, 56),
(2, 57),
(2, 58),
(2, 59),
(2, 60),
(2, 61)
ON CONFLICT (study_id, patient_id) DO NOTHING;

INSERT INTO event (id, patient_id, type, age_at_event, age_at_event_unit, start_date, end_date) VALUES
(1, 3, 'baseline', 1, 'year', NULL, NULL),
(2, 4, 'baseline', 1, 'year', NULL, NULL),
(3, 8, 'baseline', 1, 'year', NULL, NULL),
(4, 10, 'baseline', 1, 'year', NULL, NULL),
(5, 15, 'baseline', 1, 'year', NULL, NULL),
(6, 16, 'baseline', 1, 'year', NULL, NULL),
(7, 20, 'baseline', 1, 'year', NULL, NULL),
(8, 22, 'baseline', 1, 'year', NULL, NULL),
(9, 23, 'baseline', 1, 'year', NULL, NULL),
(10, 27, 'baseline', 1, 'year', NULL, NULL),
(11, 30, 'baseline', 1, 'year', NULL, NULL),
(12, 34, 'baseline', 1, 'year', NULL, NULL),
(13, 37, 'baseline', 1, 'year', NULL, NULL),
(14, 39, 'baseline', 1, 'year', NULL, NULL),
(15, 42, 'baseline', 1, 'year', NULL, NULL),
(16, 44, 'baseline', 1, 'year', NULL, NULL),
(17, 47, 'baseline', 1, 'year', NULL, NULL),
(18, 50, 'baseline', 1, 'year', NULL, NULL),
(19, 55, 'baseline', 1, 'year', NULL, NULL),
(20, 58, 'baseline', 1, 'year', NULL, NULL),
(21, 60, 'baseline', 1, 'year', NULL, NULL)
ON CONFLICT (id) DO NOTHING;

-- Cases

INSERT INTO project (id, code, name, description) VALUES
(1, 'N1', 'NeuroDev Phase I', 'Phase one NeuroDev cases'),
(2, 'N2', 'NeuroDev Phase II', 'Phase two NeuroDev cases')
ON CONFLICT (id) DO NOTHING;

 INSERT INTO "case" (id, analysis_catalog_id, proband_id, project_id, event_id, type, status, priority, life_stage, requester_id, performer_org_id, created_on, updated_on, reflex_panel, diagnosis_hypothesis, note) VALUES
(1, 1, 3, 1, 1, 'familial_germline', 'active', 'routine', 'postnatal', 2, 6, '2021-09-12T13:08:00-04:00', '2021-09-12T13:08:00-04:00', False, 'This is a diagnosis hypothesis', 'Administrative comment'),
(2, 1, 4, 1, 2, 'familial_germline', 'active', 'routine', 'postnatal', 8, 6, '2021-09-12T13:08:00-04:00', '2021-09-12T13:08:00-04:00', False, 'This is a diagnosis hypothesis', 'Administrative comment'),
(3, 1, 8, 1, 3, 'familial_germline', 'active', 'routine', 'postnatal', 14, 6, '2021-09-12T13:08:00-04:00', '2021-09-12T13:08:00-04:00', False, 'This is a diagnosis hypothesis', 'Administrative comment'),
(4, 1, 10, 1, 4, 'familial_germline', 'active', 'routine', 'postnatal', 2, 6, '2021-09-12T13:08:00-04:00', '2021-09-12T13:08:00-04:00', False, 'This is a diagnosis hypothesis', 'Administrative comment'),
(5, 1, 15, 1, 5, 'familial_germline', 'active', 'routine', 'postnatal', 8, 6, '2021-09-12T13:08:00-04:00', '2021-09-12T13:08:00-04:00', False, 'This is a diagnosis hypothesis', 'Administrative comment'),
(6, 1, 16, 1, 6, 'familial_germline', 'active', 'routine', 'postnatal', 14, 6, '2021-09-12T13:08:00-04:00', '2021-09-12T13:08:00-04:00', False, 'This is a diagnosis hypothesis', 'Administrative comment'),
(7, 1, 20, 1, 7, 'familial_germline', 'active', 'routine', 'postnatal', 2, 6, '2021-09-12T13:08:00-04:00', '2021-09-12T13:08:00-04:00', False, 'This is a diagnosis hypothesis', 'Administrative comment'),
(8, 1, 22, 1, 8, 'single_germline', 'active', 'urgent', 'postnatal', 8, 6, '2021-09-12T13:08:00-04:00', '2021-09-12T13:08:00-04:00', False, 'This is a diagnosis hypothesis', 'Administrative comment'),
(9, 1, 23, 1, 9, 'familial_germline', 'active', 'urgent', 'postnatal', 14, 6, '2021-09-12T13:08:00-04:00', '2021-09-12T13:08:00-04:00', False, 'This is a diagnosis hypothesis', 'Administrative comment'),
(10, 1, 27, 2, 10, 'familial_germline', 'active', 'routine', 'postnatal', 2, 6, '2021-09-12T13:08:00-04:00', '2021-09-12T13:08:00-04:00', False, 'This is a diagnosis hypothesis', 'Administrative comment'),
(11, 1, 30, 2, 11, 'familial_germline', 'active', 'routine', 'postnatal', 8, 6, '2021-09-12T13:08:00-04:00', '2021-09-12T13:08:00-04:00', False, 'This is a diagnosis hypothesis', 'Administrative comment'),
(12, 1, 34, 2, 12, 'familial_germline', 'active', 'routine', 'postnatal', 14, 6, '2021-09-12T13:08:00-04:00', '2021-09-12T13:08:00-04:00', False, 'This is a diagnosis hypothesis', 'Administrative comment'),
(13, 1, 37, 2, 13, 'familial_germline', 'active', 'stat', 'postnatal', 2, 6, '2021-09-12T13:08:00-04:00', '2021-09-12T13:08:00-04:00', False, 'This is a diagnosis hypothesis', 'Administrative comment'),
(14, 1, 39, 2, 14, 'familial_germline', 'active', 'routine', 'postnatal', 8, 6, '2021-09-12T13:08:00-04:00', '2021-09-12T13:08:00-04:00', False, 'This is a diagnosis hypothesis', 'Administrative comment'),
(15, 1, 42, 2, 15, 'familial_germline', 'active', 'routine', 'postnatal', 14, 6, '2021-09-12T13:08:00-04:00', '2021-09-12T13:08:00-04:00', False, 'This is a diagnosis hypothesis', 'Administrative comment'),
(16, 1, 44, 2, 16, 'familial_germline', 'active', 'routine', 'postnatal', 2, 6, '2021-09-12T13:08:00-04:00', '2021-09-12T13:08:00-04:00', False, 'This is a diagnosis hypothesis', 'Administrative comment'),
(17, 1, 47, 2, 17, 'familial_germline', 'active', 'routine', 'postnatal', 8, 6, '2021-09-12T13:08:00-04:00', '2021-09-12T13:08:00-04:00', False, 'This is a diagnosis hypothesis', 'Administrative comment'),
(18, 1, 50, 2, 18, 'familial_germline', 'active', 'routine', 'postnatal', 14, 6, '2021-09-12T13:08:00-04:00', '2021-09-12T13:08:00-04:00', False, 'This is a diagnosis hypothesis', 'Administrative comment'),
(19, 1, 55, 2, 19, 'familial_germline', 'active', 'routine', 'postnatal', 2, 6, '2021-09-12T13:08:00-04:00', '2021-09-12T13:08:00-04:00', False, 'This is a diagnosis hypothesis', 'Administrative comment'),
(20, 1, 58, 2, 20, 'familial_germline', 'active', 'routine', 'postnatal', 8, 6, '2021-09-12T13:08:00-04:00', '2021-09-12T13:08:00-04:00', False, 'This is a diagnosis hypothesis', 'Administrative comment'),
(21, 1, 60, 2, 21, 'familial_germline', 'active', 'routine', 'postnatal', 14, 6, '2021-09-12T13:08:00-04:00', '2021-09-12T13:08:00-04:00', False, 'This is a diagnosis hypothesis', 'Administrative comment');

INSERT INTO family (id, submitter_id, case_id, proband_id, family_member_id, relationship_to_proband, affected_status) VALUES
(1, '803', 1, 3, 1, 'mother', 'affected'),
(2, '803', 1, 3, 2, 'father', 'non_affected'),
(3, '804', 2, 4, 5, 'father', 'non_affected'),
(4, '804', 2, 4, 6, 'mother', 'affected'),
(5, '805', 3, 8, 7, 'father', 'non_affected'),
(6, '805', 3, 8, 9, 'mother', 'unknown'),
(7, '806', 4, 10, 11, 'father', 'non_affected'),
(8, '806', 4, 10, 12, 'mother', 'non_affected'),
(9, '807', 5, 15, 13, 'mother', 'affected'),
(10, '807', 5, 15, 14, 'father', 'non_affected'),
(11, '836', 6, 16, 17, 'mother', 'non_affected'),
(12, '836', 6, 16, 18, 'father', 'non_affected'),
(13, '839', 7, 20, 19, 'mother', 'non_affected'),
(14, '839', 7, 20, 21, 'father', 'affected'),
(15, '869', 9, 23, 24, 'mother', 'non_affected'),
(16, '869', 9, 23, 25, 'father', 'non_affected'),
(17, '870', 10, 27, 26, 'father', 'unknown'),
(18, '870', 10, 27, 28, 'mother', 'non_affected'),
(19, '871', 11, 30, 29, 'father', 'non_affected'),
(20, '871', 11, 30, 31, 'mother', 'affected'),
(21, '912', 12, 34, 32, 'father', 'non_affected'),
(22, '912', 12, 34, 33, 'mother', 'non_affected'),
(23, '948', 13, 37, 35, 'father', 'unknown'),
(24, '948', 13, 37, 36, 'mother', 'non_affected'),
(25, '950', 14, 39, 38, 'mother', 'non_affected'),
(26, '950', 14, 39, 40, 'father', 'non_affected'),
(27, '951', 15, 42, 41, 'father', 'non_affected'),
(28, '951', 15, 42, 43, 'mother', 'affected'),
(29, '952', 16, 44, 45, 'father', 'non_affected'),
(30, '952', 16, 44, 46, 'mother', 'non_affected'),
(31, '953', 17, 47, 48, 'father', 'affected'),
(32, '953', 17, 47, 49, 'mother', 'non_affected'),
(33, '954', 18, 50, 51, 'mother', 'non_affected'),
(34, '954', 18, 50, 52, 'father', 'unknown'),
(35, '956', 19, 55, 53, 'mother', 'non_affected'),
(36, '956', 19, 55, 54, 'father', 'non_affected'),
(37, '958', 20, 58, 56, 'father', 'affected'),
(38, '958', 20, 58, 57, 'mother', 'non_affected'),
(39, '990', 21, 60, 59, 'father', 'non_affected'),
(40, '990', 21, 60, 61, 'mother', 'non_affected')
ON CONFLICT (id) DO NOTHING;


INSERT INTO service_request (id, service_catalog_id, case_id, patient_id, status, priority, requester_id, performer_org_id, created_on, updated_on, note) VALUES
(1, 1, 1, 1, 'completed', 'routine', 2, 6, '2021-10-12T13:08:00-04:00', '2021-10-12T13:08:00-04:00', 'This is a service request note'),
(2, 1, 1, 2, 'completed', 'routine', 2, 6, '2021-10-12T13:08:00-04:00', '2021-10-12T13:08:00-04:00', 'This is a service request note'),
(3, 1, 1, 3, 'completed', 'routine', 2, 6, '2021-10-12T13:08:00-04:00', '2021-10-12T13:08:00-04:00', 'This is a service request note'),
(4, 1, 2, 4, 'completed', 'routine', 8, 6, '2021-10-12T13:08:00-04:00', '2021-10-12T13:08:00-04:00', 'This is a service request note'),
(5, 1, 2, 5, 'completed', 'routine', 8, 6, '2021-10-12T13:08:00-04:00', '2021-10-12T13:08:00-04:00', 'This is a service request note'),
(6, 1, 2, 6, 'completed', 'routine', 8, 6, '2021-10-12T13:08:00-04:00', '2021-10-12T13:08:00-04:00', 'This is a service request note'),
(7, 1, 3, 7, 'completed', 'routine', 14, 6, '2021-10-12T13:08:00-04:00', '2021-10-12T13:08:00-04:00', 'This is a service request note'),
(8, 1, 3, 8, 'completed', 'routine', 14, 6, '2021-10-12T13:08:00-04:00', '2021-10-12T13:08:00-04:00', 'This is a service request note'),
(9, 1, 3, 9, 'completed', 'routine', 14, 6, '2021-10-12T13:08:00-04:00', '2021-10-12T13:08:00-04:00', 'This is a service request note'),
(10, 1, 4, 10, 'completed', 'routine', 2, 6, '2021-10-12T13:08:00-04:00', '2021-10-12T13:08:00-04:00', 'This is a service request note'),
(11, 1, 4, 11, 'completed', 'routine', 2, 6, '2021-10-12T13:08:00-04:00', '2021-10-12T13:08:00-04:00', 'This is a service request note'),
(12, 1, 4, 12, 'completed', 'routine', 2, 6, '2021-10-12T13:08:00-04:00', '2021-10-12T13:08:00-04:00', 'This is a service request note'),
(13, 1, 5, 13, 'completed', 'routine', 8, 6, '2021-10-12T13:08:00-04:00', '2021-10-12T13:08:00-04:00', 'This is a service request note'),
(14, 1, 5, 14, 'completed', 'routine', 8, 6, '2021-10-12T13:08:00-04:00', '2021-10-12T13:08:00-04:00', 'This is a service request note'),
(15, 1, 5, 15, 'completed', 'routine', 8, 6, '2021-10-12T13:08:00-04:00', '2021-10-12T13:08:00-04:00', 'This is a service request note'),
(16, 1, 6, 16, 'completed', 'routine', 14, 6, '2021-10-12T13:08:00-04:00', '2021-10-12T13:08:00-04:00', 'This is a service request note'),
(17, 1, 6, 17, 'completed', 'routine', 14, 6, '2021-10-12T13:08:00-04:00', '2021-10-12T13:08:00-04:00', 'This is a service request note'),
(18, 1, 6, 18, 'completed', 'routine', 14, 6, '2021-10-12T13:08:00-04:00', '2021-10-12T13:08:00-04:00', 'This is a service request note'),
(19, 1, 7, 19, 'completed', 'routine', 2, 6, '2021-10-12T13:08:00-04:00', '2021-10-12T13:08:00-04:00', 'This is a service request note'),
(20, 1, 7, 20, 'completed', 'routine', 2, 6, '2021-10-12T13:08:00-04:00', '2021-10-12T13:08:00-04:00', 'This is a service request note'),
(21, 1, 7, 21, 'completed', 'routine', 2, 6, '2021-10-12T13:08:00-04:00', '2021-10-12T13:08:00-04:00', 'This is a service request note'),
(22, 1, 8, 22, 'completed', 'urgent', 8, 6, '2021-10-12T13:08:00-04:00', '2021-10-12T13:08:00-04:00', 'This is a service request note'),
(23, 1, 9, 23, 'completed', 'urgent', 14, 6, '2021-10-12T13:08:00-04:00', '2021-10-12T13:08:00-04:00', 'This is a service request note'),
(24, 1, 9, 24, 'completed', 'urgent', 14, 6, '2021-10-12T13:08:00-04:00', '2021-10-12T13:08:00-04:00', 'This is a service request note'),
(25, 1, 9, 25, 'completed', 'urgent', 14, 6, '2021-10-12T13:08:00-04:00', '2021-10-12T13:08:00-04:00', 'This is a service request note'),
(26, 1, 10, 26, 'completed', 'routine', 2, 6, '2021-10-12T13:08:00-04:00', '2021-10-12T13:08:00-04:00', 'This is a service request note'),
(27, 1, 10, 27, 'completed', 'routine', 2, 6, '2021-10-12T13:08:00-04:00', '2021-10-12T13:08:00-04:00', 'This is a service request note'),
(28, 1, 10, 28, 'completed', 'routine', 2, 6, '2021-10-12T13:08:00-04:00', '2021-10-12T13:08:00-04:00', 'This is a service request note'),
(29, 1, 11, 29, 'completed', 'routine', 8, 6, '2021-10-12T13:08:00-04:00', '2021-10-12T13:08:00-04:00', 'This is a service request note'),
(30, 1, 11, 30, 'completed', 'routine', 8, 6, '2021-10-12T13:08:00-04:00', '2021-10-12T13:08:00-04:00', 'This is a service request note'),
(31, 1, 11, 31, 'completed', 'routine', 8, 6, '2021-10-12T13:08:00-04:00', '2021-10-12T13:08:00-04:00', 'This is a service request note'),
(32, 1, 12, 32, 'completed', 'routine', 14, 6, '2021-10-12T13:08:00-04:00', '2021-10-12T13:08:00-04:00', 'This is a service request note'),
(33, 1, 12, 33, 'completed', 'routine', 14, 6, '2021-10-12T13:08:00-04:00', '2021-10-12T13:08:00-04:00', 'This is a service request note'),
(34, 1, 12, 34, 'completed', 'routine', 14, 6, '2021-10-12T13:08:00-04:00', '2021-10-12T13:08:00-04:00', 'This is a service request note'),
(35, 1, 13, 35, 'completed', 'stat', 2, 6, '2021-10-12T13:08:00-04:00', '2021-10-12T13:08:00-04:00', 'This is a service request note'),
(36, 1, 13, 36, 'completed', 'stat', 2, 6, '2021-10-12T13:08:00-04:00', '2021-10-12T13:08:00-04:00', 'This is a service request note'),
(37, 1, 13, 37, 'completed', 'stat', 2, 6, '2021-10-12T13:08:00-04:00', '2021-10-12T13:08:00-04:00', 'This is a service request note'),
(38, 1, 14, 38, 'completed', 'routine', 8, 6, '2021-10-12T13:08:00-04:00', '2021-10-12T13:08:00-04:00', 'This is a service request note'),
(39, 1, 14, 39, 'completed', 'routine', 8, 6, '2021-10-12T13:08:00-04:00', '2021-10-12T13:08:00-04:00', 'This is a service request note'),
(40, 1, 14, 40, 'completed', 'routine', 8, 6, '2021-10-12T13:08:00-04:00', '2021-10-12T13:08:00-04:00', 'This is a service request note'),
(41, 1, 15, 41, 'completed', 'routine', 14, 6, '2021-10-12T13:08:00-04:00', '2021-10-12T13:08:00-04:00', 'This is a service request note'),
(42, 1, 15, 42, 'completed', 'routine', 14, 6, '2021-10-12T13:08:00-04:00', '2021-10-12T13:08:00-04:00', 'This is a service request note'),
(43, 1, 15, 43, 'completed', 'routine', 14, 6, '2021-10-12T13:08:00-04:00', '2021-10-12T13:08:00-04:00', 'This is a service request note'),
(44, 1, 16, 44, 'completed', 'routine', 2, 6, '2021-10-12T13:08:00-04:00', '2021-10-12T13:08:00-04:00', 'This is a service request note'),
(45, 1, 16, 45, 'completed', 'routine', 2, 6, '2021-10-12T13:08:00-04:00', '2021-10-12T13:08:00-04:00', 'This is a service request note'),
(46, 1, 16, 46, 'completed', 'routine', 2, 6, '2021-10-12T13:08:00-04:00', '2021-10-12T13:08:00-04:00', 'This is a service request note'),
(47, 1, 17, 47, 'completed', 'routine', 8, 6, '2021-10-12T13:08:00-04:00', '2021-10-12T13:08:00-04:00', 'This is a service request note'),
(48, 1, 17, 48, 'completed', 'routine', 8, 6, '2021-10-12T13:08:00-04:00', '2021-10-12T13:08:00-04:00', 'This is a service request note'),
(49, 1, 17, 49, 'completed', 'routine', 8, 6, '2021-10-12T13:08:00-04:00', '2021-10-12T13:08:00-04:00', 'This is a service request note'),
(50, 1, 18, 50, 'completed', 'routine', 14, 6, '2021-10-12T13:08:00-04:00', '2021-10-12T13:08:00-04:00', 'This is a service request note'),
(51, 1, 18, 51, 'completed', 'routine', 14, 6, '2021-10-12T13:08:00-04:00', '2021-10-12T13:08:00-04:00', 'This is a service request note'),
(52, 1, 18, 52, 'completed', 'routine', 14, 6, '2021-10-12T13:08:00-04:00', '2021-10-12T13:08:00-04:00', 'This is a service request note'),
(53, 1, 19, 53, 'completed', 'routine', 2, 6, '2021-10-12T13:08:00-04:00', '2021-10-12T13:08:00-04:00', 'This is a service request note'),
(54, 1, 19, 54, 'completed', 'routine', 2, 6, '2021-10-12T13:08:00-04:00', '2021-10-12T13:08:00-04:00', 'This is a service request note'),
(55, 1, 19, 55, 'completed', 'routine', 2, 6, '2021-10-12T13:08:00-04:00', '2021-10-12T13:08:00-04:00', 'This is a service request note'),
(56, 1, 20, 56, 'completed', 'routine', 8, 6, '2021-10-12T13:08:00-04:00', '2021-10-12T13:08:00-04:00', 'This is a service request note'),
(57, 1, 20, 57, 'completed', 'routine', 8, 6, '2021-10-12T13:08:00-04:00', '2021-10-12T13:08:00-04:00', 'This is a service request note'),
(58, 1, 20, 58, 'completed', 'routine', 8, 6, '2021-10-12T13:08:00-04:00', '2021-10-12T13:08:00-04:00', 'This is a service request note'),
(59, 1, 21, 59, 'completed', 'routine', 14, 6, '2021-10-12T13:08:00-04:00', '2021-10-12T13:08:00-04:00', 'This is a service request note'),
(60, 1, 21, 60, 'completed', 'routine', 14, 6, '2021-10-12T13:08:00-04:00', '2021-10-12T13:08:00-04:00', 'This is a service request note'),
(61, 1, 21, 61, 'completed', 'routine', 14, 6, '2021-10-12T13:08:00-04:00', '2021-10-12T13:08:00-04:00', 'This is a service request note')
ON CONFLICT (id) DO NOTHING;


-- Phenotypes

INSERT INTO "observation_coding" (
    id,
    case_id,
    patient_id,
    observation_code,
    coding_system,
    code_value,
    onset_code,
    interpretation,
    note
) VALUES
    (1, 16, 44, 1, 'HPO', 'HP:0001263', 'unknown', 'negative', 'Clinical comment'),
    (2, 16, 44, 1, 'HPO', 'HP:0011344', 'infantile', 'negative', 'Clinical comment'),
    (3, 16, 44, 1, 'HPO', 'HP:0001518', 'infantile', 'negative', 'Clinical comment'),
    (4, 16, 44, 1, 'HPO', 'HP:0001558', 'unknown', 'negative', 'Clinical comment'),
    (5, 16, 44, 1, 'HPO', 'HP:0001561', 'childhood', 'positive', 'Clinical comment'),
    (6, 16, 44, 1, 'HPO', 'HP:0002643', 'infantile', 'positive', 'Clinical comment'),
    (7, 16, 44, 1, 'HPO', 'HP:0006579', 'childhood', 'positive', 'Clinical comment'),
    (8, 16, 44, 1, 'HPO', 'HP:0030244', 'infantile', 'positive', 'Clinical comment'),
    (9, 16, 44, 1, 'HPO', 'HP:0040187', 'childhood', 'positive', 'Clinical comment'),
    (10, 16, 44, 1, 'HPO', 'HP:0001787', 'childhood', 'positive', 'Clinical comment'),
    (11, 16, 44, 1, 'HPO', 'HP:0001998', 'childhood', 'positive', 'Clinical comment'),
    (12, 16, 44, 1, 'HPO', 'HP:0002033', 'unknown', 'negative', 'Clinical comment'),
    (13, 16, 44, 1, 'HPO', 'HP:0009800', 'childhood', 'positive', 'Clinical comment'),
    (14, 16, 44, 1, 'HPO', 'HP:0010519', 'childhood', 'negative', 'Clinical comment'),
    (15, 16, 44, 1, 'HPO', 'HP:0100622', 'childhood', 'negative', 'Clinical comment'),
    (16, 16, 44, 1, 'HPO', 'HP:0001511', 'unknown', 'negative', 'Clinical comment'),
    (17, 16, 44, 1, 'HPO', 'HP:0001520', 'unknown', 'negative', 'Clinical comment'),
    (18, 16, 44, 1, 'HPO', 'HP:0001562', 'unknown', 'negative', 'Clinical comment'),
    (19, 16, 44, 1, 'HPO', 'HP:0001622', 'unknown', 'positive', 'Clinical comment'),
    (20, 15, 42, 1, 'HPO', 'HP:0001513', 'infantile', 'negative', 'Clinical comment'),
    (21, 15, 42, 1, 'HPO', 'HP:0004324', 'unknown', 'negative', 'Clinical comment'),
    (22, 15, 42, 1, 'HPO', 'HP:0000256', 'infantile', 'positive', 'Clinical comment'),
    (23, 15, 42, 1, 'HPO', 'HP:0000098', 'infantile', 'positive', 'Clinical comment'),
    (24, 17, 47, 1, 'HPO', 'HP:0001631', 'infantile', 'positive', 'Clinical comment'),
    (25, 17, 47, 1, 'HPO', 'HP:0011408', 'childhood', 'positive', 'Clinical comment'),
    (26, 17, 47, 1, 'HPO', 'HP:0000316', 'unknown', 'positive', 'Clinical comment'),
    (27, 17, 47, 1, 'HPO', 'HP:0000486', 'childhood', 'positive', 'Clinical comment'),
    (28, 17, 47, 1, 'HPO', 'HP:0000565', 'infantile', 'positive', 'Clinical comment'),
    (29, 17, 47, 1, 'HPO', 'HP:0001511', 'infantile', 'positive', 'Clinical comment'),
    (30, 17, 47, 1, 'HPO', 'HP:0001562', 'childhood', 'negative', 'Clinical comment'),
    (31, 17, 47, 1, 'HPO', 'HP:0001622', 'childhood', 'positive', 'Clinical comment'),
    (32, 17, 47, 1, 'HPO', 'HP:0001684', 'childhood', 'positive', 'Clinical comment'),
    (33, 17, 47, 1, 'HPO', 'HP:0002033', 'childhood', 'negative', 'Clinical comment'),
    (34, 17, 47, 1, 'HPO', 'HP:0004322', 'childhood', 'negative', 'Clinical comment'),
    (35, 17, 47, 1, 'HPO', 'HP:0004325', 'unknown', 'negative', 'Clinical comment'),
    (36, 17, 47, 1, 'HPO', 'HP:0001629', 'childhood', 'negative', 'Clinical comment'),
    (37, 17, 47, 1, 'HPO', 'HP:0001636', 'unknown', 'negative', 'Clinical comment'),
    (38, 17, 47, 1, 'HPO', 'HP:0001655', 'childhood', 'negative', 'Clinical comment'),
    (39, 17, 47, 1, 'HPO', 'HP:0001680', 'childhood', 'negative', 'Clinical comment'),
    (40, 17, 47, 1, 'HPO', 'HP:0001787', 'infantile', 'positive', 'Clinical comment'),
    (41, 17, 47, 1, 'HPO', 'HP:0001998', 'unknown', 'positive', 'Clinical comment'),
    (42, 17, 47, 1, 'HPO', 'HP:0004488', 'infantile', 'positive', 'Clinical comment'),
    (43, 17, 47, 1, 'HPO', 'HP:0008883', 'unknown', 'negative', 'Clinical comment'),
    (44, 17, 47, 1, 'HPO', 'HP:0009800', 'infantile', 'positive', 'Clinical comment'),
    (45, 17, 47, 1, 'HPO', 'HP:0010519', 'infantile', 'positive', 'Clinical comment'),
    (46, 17, 47, 1, 'HPO', 'HP:0010877', 'infantile', 'negative', 'Clinical comment'),
    (47, 17, 47, 1, 'HPO', 'HP:0011567', 'childhood', 'positive', 'Clinical comment'),
    (48, 17, 47, 1, 'HPO', 'HP:0011675', 'infantile', 'negative', 'Clinical comment'),
    (49, 17, 47, 1, 'HPO', 'HP:0025069', 'childhood', 'positive', 'Clinical comment'),
    (50, 17, 47, 1, 'HPO', 'HP:0025312', 'unknown', 'positive', 'Clinical comment'),
    (51, 17, 47, 1, 'HPO', 'HP:0025313', 'childhood', 'positive', 'Clinical comment'),
    (52, 17, 47, 1, 'HPO', 'HP:0100622', 'childhood', 'positive', 'Clinical comment'),
    (53, 17, 47, 1, 'HPO', 'HP:0000479', 'childhood', 'positive', 'Clinical comment'),
    (54, 17, 47, 1, 'HPO', 'HP:0000481', 'unknown', 'negative', 'Clinical comment'),
    (55, 17, 47, 1, 'HPO', 'HP:0000505', 'unknown', 'negative', 'Clinical comment'),
    (56, 17, 47, 1, 'HPO', 'HP:0000577', 'childhood', 'positive', 'Clinical comment'),
    (57, 17, 47, 1, 'HPO', 'HP:0000587', 'unknown', 'positive', 'Clinical comment'),
    (58, 17, 47, 1, 'HPO', 'HP:0000589', 'childhood', 'negative', 'Clinical comment'),
    (59, 17, 47, 1, 'HPO', 'HP:0000639', 'infantile', 'negative', 'Clinical comment'),
    (60, 17, 47, 1, 'HPO', 'HP:0001520', 'infantile', 'positive', 'Clinical comment'),
    (61, 17, 47, 1, 'HPO', 'HP:0000518', 'infantile', 'negative', 'Clinical comment'),
    (62, 17, 47, 1, 'HPO', 'HP:0000568', 'infantile', 'positive', 'Clinical comment'),
    (63, 17, 47, 1, 'HPO', 'HP:0000593', 'childhood', 'positive', 'Clinical comment'),
    (64, 17, 47, 1, 'HPO', 'HP:0000601', 'childhood', 'positive', 'Clinical comment'),
    (65, 17, 47, 1, 'HPO', 'HP:0001558', 'infantile', 'positive', 'Clinical comment'),
    (66, 17, 47, 1, 'HPO', 'HP:0001561', 'unknown', 'positive', 'Clinical comment'),
    (67, 17, 47, 1, 'HPO', 'HP:0001638', 'infantile', 'negative', 'Clinical comment'),
    (68, 17, 47, 1, 'HPO', 'HP:0001674', 'childhood', 'positive', 'Clinical comment'),
    (69, 17, 47, 1, 'HPO', 'HP:0002643', 'childhood', 'positive', 'Clinical comment'),
    (70, 17, 47, 1, 'HPO', 'HP:0003517', 'unknown', 'positive', 'Clinical comment'),
    (71, 17, 47, 1, 'HPO', 'HP:0006579', 'childhood', 'negative', 'Clinical comment'),
    (72, 17, 47, 1, 'HPO', 'HP:0008846', 'unknown', 'negative', 'Clinical comment'),
    (73, 17, 47, 1, 'HPO', 'HP:0010445', 'childhood', 'negative', 'Clinical comment'),
    (74, 17, 47, 1, 'HPO', 'HP:0025068', 'infantile', 'negative', 'Clinical comment'),
    (75, 17, 47, 1, 'HPO', 'HP:0030244', 'childhood', 'negative', 'Clinical comment'),
    (76, 17, 47, 1, 'HPO', 'HP:0031017', 'infantile', 'positive', 'Clinical comment'),
    (77, 17, 47, 1, 'HPO', 'HP:0040187', 'infantile', 'positive', 'Clinical comment'),
    (78, 11, 30, 1, 'HPO', 'HP:0000486', 'infantile', 'negative', 'Clinical comment'),
    (79, 11, 30, 1, 'HPO', 'HP:0000639', 'infantile', 'negative', 'Clinical comment'),
    (80, 11, 30, 1, 'HPO', 'HP:0001999', 'infantile', 'negative', 'Clinical comment'),
    (81, 11, 30, 1, 'HPO', 'HP:0006934', 'unknown', 'positive', 'Clinical comment'),
    (82, 11, 30, 1, 'HPO', 'HP:0008050', 'infantile', 'positive', 'Clinical comment'),
    (83, 11, 30, 1, 'HPO', 'HP:0200005', 'unknown', 'positive', 'Clinical comment'),
    (84, 11, 30, 1, 'HPO', 'HP:0000098', 'childhood', 'negative', 'Clinical comment'),
    (85, 11, 30, 1, 'HPO', 'HP:0000175', 'infantile', 'negative', 'Clinical comment'),
    (86, 11, 30, 1, 'HPO', 'HP:0000316', 'childhood', 'negative', 'Clinical comment'),
    (87, 11, 30, 1, 'HPO', 'HP:0000518', 'unknown', 'positive', 'Clinical comment'),
    (88, 11, 30, 1, 'HPO', 'HP:0000568', 'childhood', 'positive', 'Clinical comment'),
    (89, 11, 30, 1, 'HPO', 'HP:0000593', 'unknown', 'negative', 'Clinical comment'),
    (90, 11, 30, 1, 'HPO', 'HP:0000601', 'childhood', 'positive', 'Clinical comment'),
    (91, 11, 30, 1, 'HPO', 'HP:0000640', 'childhood', 'negative', 'Clinical comment'),
    (92, 11, 30, 1, 'HPO', 'HP:0000666', 'unknown', 'negative', 'Clinical comment'),
    (93, 11, 30, 1, 'HPO', 'HP:0001363', 'childhood', 'negative', 'Clinical comment'),
    (94, 11, 30, 1, 'HPO', 'HP:0001558', 'childhood', 'positive', 'Clinical comment'),
    (95, 11, 30, 1, 'HPO', 'HP:0001561', 'childhood', 'negative', 'Clinical comment'),
    (96, 11, 30, 1, 'HPO', 'HP:0002643', 'infantile', 'negative', 'Clinical comment'),
    (97, 11, 30, 1, 'HPO', 'HP:0003517', 'childhood', 'positive', 'Clinical comment'),
    (98, 11, 30, 1, 'HPO', 'HP:0006579', 'infantile', 'negative', 'Clinical comment'),
    (99, 11, 30, 1, 'HPO', 'HP:0010542', 'infantile', 'positive', 'Clinical comment'),
    (100, 11, 30, 1, 'HPO', 'HP:0010544', 'infantile', 'negative', 'Clinical comment'),
    (101, 11, 30, 1, 'HPO', 'HP:0030244', 'unknown', 'positive', 'Clinical comment'),
    (102, 11, 30, 1, 'HPO', 'HP:0040187', 'childhood', 'positive', 'Clinical comment'),
    (103, 11, 30, 1, 'HPO', 'HP:0001787', 'unknown', 'positive', 'Clinical comment'),
    (104, 11, 30, 1, 'HPO', 'HP:0001998', 'infantile', 'negative', 'Clinical comment'),
    (105, 11, 30, 1, 'HPO', 'HP:0002033', 'unknown', 'negative', 'Clinical comment'),
    (106, 11, 30, 1, 'HPO', 'HP:0004322', 'unknown', 'negative', 'Clinical comment'),
    (107, 11, 30, 1, 'HPO', 'HP:0004324', 'unknown', 'positive', 'Clinical comment'),
    (108, 11, 30, 1, 'HPO', 'HP:0004325', 'childhood', 'positive', 'Clinical comment'),
    (109, 11, 30, 1, 'HPO', 'HP:0004488', 'unknown', 'negative', 'Clinical comment'),
    (110, 11, 30, 1, 'HPO', 'HP:0009800', 'childhood', 'negative', 'Clinical comment'),
    (111, 11, 30, 1, 'HPO', 'HP:0010519', 'childhood', 'negative', 'Clinical comment'),
    (112, 11, 30, 1, 'HPO', 'HP:0012043', 'childhood', 'negative', 'Clinical comment'),
    (113, 11, 30, 1, 'HPO', 'HP:0030691', 'childhood', 'negative', 'Clinical comment'),
    (114, 11, 30, 1, 'HPO', 'HP:0100622', 'childhood', 'positive', 'Clinical comment'),
    (115, 11, 30, 1, 'HPO', 'HP:0000204', 'childhood', 'negative', 'Clinical comment'),
    (116, 11, 30, 1, 'HPO', 'HP:0000252', 'unknown', 'negative', 'Clinical comment'),
    (117, 11, 30, 1, 'HPO', 'HP:0000256', 'infantile', 'positive', 'Clinical comment'),
    (118, 11, 30, 1, 'HPO', 'HP:0000479', 'unknown', 'negative', 'Clinical comment'),
    (119, 11, 30, 1, 'HPO', 'HP:0000481', 'childhood', 'positive', 'Clinical comment'),
    (120, 11, 30, 1, 'HPO', 'HP:0000505', 'infantile', 'negative', 'Clinical comment'),
    (121, 11, 30, 1, 'HPO', 'HP:0000587', 'unknown', 'negative', 'Clinical comment'),
    (122, 11, 30, 1, 'HPO', 'HP:0000589', 'infantile', 'positive', 'Clinical comment'),
    (123, 11, 30, 1, 'HPO', 'HP:0001361', 'childhood', 'negative', 'Clinical comment'),
    (124, 11, 30, 1, 'HPO', 'HP:0001508', 'unknown', 'negative', 'Clinical comment'),
    (125, 11, 30, 1, 'HPO', 'HP:0001511', 'unknown', 'negative', 'Clinical comment'),
    (126, 11, 30, 1, 'HPO', 'HP:0001528', 'childhood', 'negative', 'Clinical comment'),
    (127, 11, 30, 1, 'HPO', 'HP:0001562', 'infantile', 'negative', 'Clinical comment'),
    (128, 11, 30, 1, 'HPO', 'HP:0001583', 'infantile', 'negative', 'Clinical comment'),
    (129, 11, 30, 1, 'HPO', 'HP:0001622', 'childhood', 'positive', 'Clinical comment'),
    (130, 18, 50, 1, 'HPO', 'HP:0001290', 'childhood', 'positive', 'Clinical comment'),
    (131, 18, 50, 1, 'HPO', 'HP:0000407', 'unknown', 'positive', 'Clinical comment'),
    (132, 18, 50, 1, 'HPO', 'HP:0000408', 'unknown', 'positive', 'Clinical comment'),
    (133, 18, 50, 1, 'HPO', 'HP:0001263', 'infantile', 'negative', 'Clinical comment'),
    (134, 18, 50, 1, 'HPO', 'HP:0001999', 'childhood', 'negative', 'Clinical comment'),
    (135, 18, 50, 1, 'HPO', 'HP:0011344', 'childhood', 'negative', 'Clinical comment'),
    (136, 18, 50, 1, 'HPO', 'HP:0011474', 'childhood', 'positive', 'Clinical comment'),
    (137, 18, 50, 1, 'HPO', 'HP:0001787', 'childhood', 'negative', 'Clinical comment'),
    (138, 18, 50, 1, 'HPO', 'HP:0001998', 'childhood', 'negative', 'Clinical comment'),
    (139, 18, 50, 1, 'HPO', 'HP:0002033', 'childhood', 'negative', 'Clinical comment'),
    (140, 18, 50, 1, 'HPO', 'HP:0004488', 'infantile', 'negative', 'Clinical comment'),
    (141, 18, 50, 1, 'HPO', 'HP:0009800', 'infantile', 'negative', 'Clinical comment'),
    (142, 18, 50, 1, 'HPO', 'HP:0010519', 'infantile', 'negative', 'Clinical comment'),
    (143, 18, 50, 1, 'HPO', 'HP:0100622', 'infantile', 'positive', 'Clinical comment'),
    (144, 18, 50, 1, 'HPO', 'HP:0001511', 'infantile', 'negative', 'Clinical comment'),
    (145, 18, 50, 1, 'HPO', 'HP:0001520', 'unknown', 'positive', 'Clinical comment'),
    (146, 18, 50, 1, 'HPO', 'HP:0001562', 'infantile', 'negative', 'Clinical comment'),
    (147, 18, 50, 1, 'HPO', 'HP:0001622', 'unknown', 'positive', 'Clinical comment'),
    (148, 18, 50, 1, 'HPO', 'HP:0001518', 'infantile', 'positive', 'Clinical comment'),
    (149, 18, 50, 1, 'HPO', 'HP:0001558', 'unknown', 'positive', 'Clinical comment'),
    (150, 18, 50, 1, 'HPO', 'HP:0001561', 'unknown', 'positive', 'Clinical comment'),
    (151, 18, 50, 1, 'HPO', 'HP:0002643', 'unknown', 'positive', 'Clinical comment'),
    (152, 18, 50, 1, 'HPO', 'HP:0003517', 'unknown', 'positive', 'Clinical comment'),
    (153, 18, 50, 1, 'HPO', 'HP:0003561', 'infantile', 'positive', 'Clinical comment'),
    (154, 18, 50, 1, 'HPO', 'HP:0006579', 'unknown', 'positive', 'Clinical comment'),
    (155, 18, 50, 1, 'HPO', 'HP:0030244', 'unknown', 'negative', 'Clinical comment'),
    (156, 18, 50, 1, 'HPO', 'HP:0040187', 'unknown', 'positive', 'Clinical comment'),
    (157, 2, 4, 1, 'HPO', 'HP:0001263', 'childhood', 'negative', 'Clinical comment'),
    (158, 7, 20, 1, 'HPO', 'HP:0002904', 'unknown', 'negative', 'Clinical comment'),
    (159, 7, 20, 1, 'HPO', 'HP:0010818', 'childhood', 'positive', 'Clinical comment'),
    (160, 7, 20, 1, 'HPO', 'HP:0011282', 'childhood', 'negative', 'Clinical comment'),
    (161, 7, 20, 1, 'HPO', 'HP:0000646', 'childhood', 'negative', 'Clinical comment'),
    (162, 7, 20, 1, 'HPO', 'HP:0000486', 'unknown', 'negative', 'Clinical comment'),
    (163, 7, 20, 1, 'HPO', 'HP:0000577', 'unknown', 'negative', 'Clinical comment'),
    (164, 7, 20, 1, 'HPO', 'HP:0001250', 'infantile', 'negative', 'Clinical comment'),
    (165, 7, 20, 1, 'HPO', 'HP:0002011', 'infantile', 'positive', 'Clinical comment'),
    (166, 7, 20, 1, 'HPO', 'HP:0002197', 'infantile', 'negative', 'Clinical comment'),
    (167, 7, 20, 1, 'HPO', 'HP:0004325', 'unknown', 'positive', 'Clinical comment'),
    (168, 7, 20, 1, 'HPO', 'HP:0007068', 'childhood', 'positive', 'Clinical comment'),
    (169, 7, 20, 1, 'HPO', 'HP:0010819', 'unknown', 'positive', 'Clinical comment'),
    (170, 7, 20, 1, 'HPO', 'HP:0012443', 'infantile', 'positive', 'Clinical comment'),
    (171, 7, 20, 1, 'HPO', 'HP:0009800', 'unknown', 'positive', 'Clinical comment'),
    (172, 7, 20, 1, 'HPO', 'HP:0010519', 'childhood', 'positive', 'Clinical comment'),
    (173, 7, 20, 1, 'HPO', 'HP:0100622', 'unknown', 'positive', 'Clinical comment'),
    (174, 7, 20, 1, 'HPO', 'HP:0000479', 'childhood', 'positive', 'Clinical comment'),
    (175, 7, 20, 1, 'HPO', 'HP:0000587', 'childhood', 'negative', 'Clinical comment'),
    (176, 7, 20, 1, 'HPO', 'HP:0001562', 'unknown', 'positive', 'Clinical comment'),
    (177, 7, 20, 1, 'HPO', 'HP:0001622', 'infantile', 'negative', 'Clinical comment'),
    (178, 7, 20, 1, 'HPO', 'HP:0000568', 'childhood', 'negative', 'Clinical comment'),
    (179, 7, 20, 1, 'HPO', 'HP:0001558', 'childhood', 'negative', 'Clinical comment'),
    (180, 7, 20, 1, 'HPO', 'HP:0001561', 'childhood', 'positive', 'Clinical comment'),
    (181, 7, 20, 1, 'HPO', 'HP:0030244', 'childhood', 'negative', 'Clinical comment'),
    (182, 9, 23, 1, 'HPO', 'HP:0001272', 'unknown', 'positive', 'Clinical comment'),
    (183, 9, 23, 1, 'HPO', 'HP:0001520', 'unknown', 'negative', 'Clinical comment'),
    (184, 9, 23, 1, 'HPO', 'HP:0001623', 'unknown', 'negative', 'Clinical comment'),
    (185, 9, 23, 1, 'HPO', 'HP:0100277', 'childhood', 'positive', 'Clinical comment'),
    (186, 9, 23, 1, 'HPO', 'HP:0000256', 'unknown', 'positive', 'Clinical comment'),
    (187, 9, 23, 1, 'HPO', 'HP:0006579', 'childhood', 'negative', 'Clinical comment'),
    (188, 9, 23, 1, 'HPO', 'HP:0001622', 'childhood', 'negative', 'Clinical comment'),
    (189, 21, 60, 1, 'HPO', 'HP:0001518', 'unknown', 'negative', 'Clinical comment'),
    (190, 21, 60, 1, 'HPO', 'HP:0001558', 'infantile', 'negative', 'Clinical comment'),
    (191, 21, 60, 1, 'HPO', 'HP:0001561', 'infantile', 'negative', 'Clinical comment'),
    (192, 21, 60, 1, 'HPO', 'HP:0002643', 'childhood', 'negative', 'Clinical comment'),
    (193, 21, 60, 1, 'HPO', 'HP:0003517', 'unknown', 'positive', 'Clinical comment'),
    (194, 21, 60, 1, 'HPO', 'HP:0003561', 'childhood', 'positive', 'Clinical comment'),
    (195, 21, 60, 1, 'HPO', 'HP:0006579', 'infantile', 'negative', 'Clinical comment'),
    (196, 21, 60, 1, 'HPO', 'HP:0030244', 'infantile', 'positive', 'Clinical comment'),
    (197, 21, 60, 1, 'HPO', 'HP:0040187', 'infantile', 'positive', 'Clinical comment'),
    (198, 21, 60, 1, 'HPO', 'HP:0001787', 'unknown', 'negative', 'Clinical comment'),
    (199, 21, 60, 1, 'HPO', 'HP:0001998', 'childhood', 'negative', 'Clinical comment'),
    (200, 21, 60, 1, 'HPO', 'HP:0002033', 'infantile', 'positive', 'Clinical comment'),
    (201, 21, 60, 1, 'HPO', 'HP:0004488', 'childhood', 'negative', 'Clinical comment'),
    (202, 21, 60, 1, 'HPO', 'HP:0009800', 'childhood', 'negative', 'Clinical comment'),
    (203, 21, 60, 1, 'HPO', 'HP:0010519', 'unknown', 'positive', 'Clinical comment'),
    (204, 21, 60, 1, 'HPO', 'HP:0011451', 'infantile', 'positive', 'Clinical comment'),
    (205, 21, 60, 1, 'HPO', 'HP:0100622', 'infantile', 'positive', 'Clinical comment'),
    (206, 21, 60, 1, 'HPO', 'HP:0001511', 'unknown', 'positive', 'Clinical comment'),
    (207, 21, 60, 1, 'HPO', 'HP:0001520', 'infantile', 'positive', 'Clinical comment'),
    (208, 21, 60, 1, 'HPO', 'HP:0001562', 'childhood', 'positive', 'Clinical comment'),
    (209, 21, 60, 1, 'HPO', 'HP:0001622', 'infantile', 'positive', 'Clinical comment'),
    (210, 6, 16, 1, 'HPO', 'HP:0001263', 'unknown', 'positive', 'Clinical comment'),
    (211, 6, 16, 1, 'HPO', 'HP:0001290', 'unknown', 'negative', 'Clinical comment'),
    (212, 6, 16, 1, 'HPO', 'HP:0001622', 'unknown', 'positive', 'Clinical comment'),
    (213, 3, 8, 1, 'HPO', 'HP:0001263', 'infantile', 'negative', 'Clinical comment'),
    (214, 3, 8, 1, 'HPO', 'HP:0011451', 'unknown', 'positive', 'Clinical comment'),
    (215, 3, 8, 1, 'HPO', 'HP:0001622', 'childhood', 'negative', 'Clinical comment'),
    (216, 4, 10, 1, 'HPO', 'HP:0001257', 'childhood', 'positive', 'Clinical comment'),
    (217, 4, 10, 1, 'HPO', 'HP:0001344', 'childhood', 'negative', 'Clinical comment'),
    (218, 4, 10, 1, 'HPO', 'HP:0006863', 'infantile', 'negative', 'Clinical comment'),
    (219, 4, 10, 1, 'HPO', 'HP:0025335', 'infantile', 'negative', 'Clinical comment'),
    (220, 4, 10, 1, 'HPO', 'HP:0025336', 'infantile', 'negative', 'Clinical comment'),
    (221, 4, 10, 1, 'HPO', 'HP:0000750', 'infantile', 'positive', 'Clinical comment'),
    (222, 4, 10, 1, 'HPO', 'HP:0001263', 'childhood', 'negative', 'Clinical comment'),
    (223, 4, 10, 1, 'HPO', 'HP:0001276', 'unknown', 'positive', 'Clinical comment'),
    (224, 4, 10, 1, 'HPO', 'HP:0001328', 'unknown', 'positive', 'Clinical comment'),
    (225, 4, 10, 1, 'HPO', 'HP:0002194', 'infantile', 'negative', 'Clinical comment'),
    (226, 4, 10, 1, 'HPO', 'HP:0002474', 'unknown', 'negative', 'Clinical comment'),
    (227, 4, 10, 1, 'HPO', 'HP:0007728', 'unknown', 'positive', 'Clinical comment'),
    (228, 4, 10, 1, 'HPO', 'HP:0010862', 'unknown', 'negative', 'Clinical comment'),
    (229, 4, 10, 1, 'HPO', 'HP:0011344', 'unknown', 'positive', 'Clinical comment'),
    (230, 4, 10, 1, 'HPO', 'HP:0001787', 'childhood', 'positive', 'Clinical comment'),
    (231, 4, 10, 1, 'HPO', 'HP:0001998', 'unknown', 'negative', 'Clinical comment'),
    (232, 4, 10, 1, 'HPO', 'HP:0002033', 'childhood', 'negative', 'Clinical comment'),
    (233, 4, 10, 1, 'HPO', 'HP:0004488', 'childhood', 'positive', 'Clinical comment'),
    (234, 4, 10, 1, 'HPO', 'HP:0009800', 'unknown', 'negative', 'Clinical comment'),
    (235, 4, 10, 1, 'HPO', 'HP:0010519', 'childhood', 'negative', 'Clinical comment'),
    (236, 4, 10, 1, 'HPO', 'HP:0011342', 'infantile', 'positive', 'Clinical comment'),
    (237, 4, 10, 1, 'HPO', 'HP:0011346', 'unknown', 'positive', 'Clinical comment'),
    (238, 4, 10, 1, 'HPO', 'HP:0012736', 'infantile', 'positive', 'Clinical comment'),
    (239, 4, 10, 1, 'HPO', 'HP:0100622', 'unknown', 'positive', 'Clinical comment'),
    (240, 4, 10, 1, 'HPO', 'HP:0001511', 'unknown', 'positive', 'Clinical comment'),
    (241, 4, 10, 1, 'HPO', 'HP:0001520', 'infantile', 'negative', 'Clinical comment'),
    (242, 4, 10, 1, 'HPO', 'HP:0001562', 'unknown', 'positive', 'Clinical comment'),
    (243, 4, 10, 1, 'HPO', 'HP:0001622', 'childhood', 'negative', 'Clinical comment'),
    (244, 4, 10, 1, 'HPO', 'HP:0001518', 'childhood', 'positive', 'Clinical comment'),
    (245, 4, 10, 1, 'HPO', 'HP:0001558', 'childhood', 'positive', 'Clinical comment'),
    (246, 4, 10, 1, 'HPO', 'HP:0001561', 'unknown', 'negative', 'Clinical comment'),
    (247, 4, 10, 1, 'HPO', 'HP:0002643', 'infantile', 'negative', 'Clinical comment'),
    (248, 4, 10, 1, 'HPO', 'HP:0003517', 'childhood', 'negative', 'Clinical comment'),
    (249, 4, 10, 1, 'HPO', 'HP:0006579', 'childhood', 'negative', 'Clinical comment'),
    (250, 4, 10, 1, 'HPO', 'HP:0011343', 'infantile', 'positive', 'Clinical comment'),
    (251, 4, 10, 1, 'HPO', 'HP:0011345', 'unknown', 'negative', 'Clinical comment'),
    (252, 4, 10, 1, 'HPO', 'HP:0030244', 'unknown', 'positive', 'Clinical comment'),
    (253, 4, 10, 1, 'HPO', 'HP:0040187', 'infantile', 'negative', 'Clinical comment'),
    (254, 5, 15, 1, 'HPO', 'HP:0001319', 'infantile', 'negative', 'Clinical comment'),
    (255, 5, 15, 1, 'HPO', 'HP:0001513', 'unknown', 'positive', 'Clinical comment'),
    (256, 5, 15, 1, 'HPO', 'HP:0004324', 'infantile', 'positive', 'Clinical comment'),
    (257, 5, 15, 1, 'HPO', 'HP:0001787', 'unknown', 'positive', 'Clinical comment'),
    (258, 5, 15, 1, 'HPO', 'HP:0001998', 'unknown', 'positive', 'Clinical comment'),
    (259, 5, 15, 1, 'HPO', 'HP:0009800', 'infantile', 'positive', 'Clinical comment'),
    (260, 5, 15, 1, 'HPO', 'HP:0010519', 'infantile', 'negative', 'Clinical comment'),
    (261, 5, 15, 1, 'HPO', 'HP:0100622', 'infantile', 'positive', 'Clinical comment'),
    (262, 5, 15, 1, 'HPO', 'HP:0001511', 'childhood', 'positive', 'Clinical comment'),
    (263, 5, 15, 1, 'HPO', 'HP:0001562', 'childhood', 'negative', 'Clinical comment'),
    (264, 5, 15, 1, 'HPO', 'HP:0001622', 'unknown', 'positive', 'Clinical comment'),
    (265, 5, 15, 1, 'HPO', 'HP:0001558', 'infantile', 'negative', 'Clinical comment'),
    (266, 5, 15, 1, 'HPO', 'HP:0001561', 'unknown', 'negative', 'Clinical comment'),
    (267, 5, 15, 1, 'HPO', 'HP:0002643', 'infantile', 'negative', 'Clinical comment'),
    (268, 5, 15, 1, 'HPO', 'HP:0006579', 'childhood', 'negative', 'Clinical comment'),
    (269, 5, 15, 1, 'HPO', 'HP:0030244', 'childhood', 'positive', 'Clinical comment'),
    (270, 5, 15, 1, 'HPO', 'HP:0040187', 'infantile', 'negative', 'Clinical comment'),
    (271, 12, 34, 1, 'HPO', 'HP:0001257', 'childhood', 'negative', 'Clinical comment'),
    (272, 12, 34, 1, 'HPO', 'HP:0001290', 'childhood', 'negative', 'Clinical comment'),
    (273, 12, 34, 1, 'HPO', 'HP:0031165', 'infantile', 'positive', 'Clinical comment'),
    (274, 12, 34, 1, 'HPO', 'HP:0001250', 'childhood', 'negative', 'Clinical comment'),
    (275, 12, 34, 1, 'HPO', 'HP:0001263', 'infantile', 'positive', 'Clinical comment'),
    (276, 12, 34, 1, 'HPO', 'HP:0002072', 'childhood', 'positive', 'Clinical comment'),
    (277, 12, 34, 1, 'HPO', 'HP:0002266', 'infantile', 'negative', 'Clinical comment'),
    (278, 12, 34, 1, 'HPO', 'HP:0002384', 'infantile', 'negative', 'Clinical comment'),
    (279, 12, 34, 1, 'HPO', 'HP:0004322', 'infantile', 'negative', 'Clinical comment'),
    (280, 12, 34, 1, 'HPO', 'HP:0007359', 'childhood', 'negative', 'Clinical comment'),
    (281, 12, 34, 1, 'HPO', 'HP:0011146', 'infantile', 'positive', 'Clinical comment'),
    (282, 12, 34, 1, 'HPO', 'HP:0011153', 'unknown', 'positive', 'Clinical comment'),
    (283, 12, 34, 1, 'HPO', 'HP:0011344', 'unknown', 'negative', 'Clinical comment'),
    (284, 12, 34, 1, 'HPO', 'HP:0012736', 'childhood', 'positive', 'Clinical comment'),
    (285, 12, 34, 1, 'HPO', 'HP:0000252', 'childhood', 'negative', 'Clinical comment'),
    (286, 12, 34, 1, 'HPO', 'HP:0001787', 'childhood', 'negative', 'Clinical comment'),
    (287, 12, 34, 1, 'HPO', 'HP:0001998', 'childhood', 'negative', 'Clinical comment'),
    (288, 12, 34, 1, 'HPO', 'HP:0002033', 'childhood', 'negative', 'Clinical comment'),
    (289, 12, 34, 1, 'HPO', 'HP:0004488', 'childhood', 'negative', 'Clinical comment'),
    (290, 12, 34, 1, 'HPO', 'HP:0009800', 'infantile', 'negative', 'Clinical comment'),
    (291, 12, 34, 1, 'HPO', 'HP:0010519', 'infantile', 'negative', 'Clinical comment'),
    (292, 12, 34, 1, 'HPO', 'HP:0100622', 'infantile', 'negative', 'Clinical comment'),
    (293, 12, 34, 1, 'HPO', 'HP:0001511', 'infantile', 'positive', 'Clinical comment'),
    (294, 12, 34, 1, 'HPO', 'HP:0001520', 'infantile', 'negative', 'Clinical comment'),
    (295, 12, 34, 1, 'HPO', 'HP:0001562', 'unknown', 'positive', 'Clinical comment'),
    (296, 12, 34, 1, 'HPO', 'HP:0001622', 'unknown', 'positive', 'Clinical comment'),
    (297, 12, 34, 1, 'HPO', 'HP:0001558', 'unknown', 'positive', 'Clinical comment'),
    (298, 12, 34, 1, 'HPO', 'HP:0001561', 'infantile', 'positive', 'Clinical comment'),
    (299, 12, 34, 1, 'HPO', 'HP:0002643', 'unknown', 'positive', 'Clinical comment'),
    (300, 12, 34, 1, 'HPO', 'HP:0003517', 'unknown', 'positive', 'Clinical comment'),
    (301, 12, 34, 1, 'HPO', 'HP:0006579', 'unknown', 'positive', 'Clinical comment'),
    (302, 12, 34, 1, 'HPO', 'HP:0030244', 'unknown', 'negative', 'Clinical comment'),
    (303, 12, 34, 1, 'HPO', 'HP:0040187', 'unknown', 'negative', 'Clinical comment'),
    (304, 14, 39, 1, 'HPO', 'HP:0001263', 'unknown', 'negative', 'Clinical comment'),
    (305, 14, 39, 1, 'HPO', 'HP:0001999', 'infantile', 'negative', 'Clinical comment'),
    (306, 14, 39, 1, 'HPO', 'HP:0012498', 'infantile', 'negative', 'Clinical comment'),
    (307, 14, 39, 1, 'HPO', 'HP:0012736', 'infantile', 'negative', 'Clinical comment'),
    (308, 14, 39, 1, 'HPO', 'HP:0000280', 'childhood', 'positive', 'Clinical comment'),
    (309, 14, 39, 1, 'HPO', 'HP:0000325', 'unknown', 'positive', 'Clinical comment'),
    (310, 14, 39, 1, 'HPO', 'HP:0001195', 'childhood', 'positive', 'Clinical comment'),
    (311, 14, 39, 1, 'HPO', 'HP:0000175', 'infantile', 'negative', 'Clinical comment'),
    (312, 14, 39, 1, 'HPO', 'HP:0001257', 'unknown', 'positive', 'Clinical comment'),
    (313, 14, 39, 1, 'HPO', 'HP:0001290', 'infantile', 'negative', 'Clinical comment'),
    (314, 14, 39, 1, 'HPO', 'HP:0001363', 'childhood', 'positive', 'Clinical comment'),
    (315, 14, 39, 1, 'HPO', 'HP:0001518', 'unknown', 'positive', 'Clinical comment'),
    (316, 14, 39, 1, 'HPO', 'HP:0001558', 'unknown', 'positive', 'Clinical comment'),
    (317, 14, 39, 1, 'HPO', 'HP:0001561', 'childhood', 'negative', 'Clinical comment'),
    (318, 14, 39, 1, 'HPO', 'HP:0002643', 'unknown', 'negative', 'Clinical comment'),
    (319, 14, 39, 1, 'HPO', 'HP:0003517', 'childhood', 'negative', 'Clinical comment'),
    (320, 14, 39, 1, 'HPO', 'HP:0003561', 'childhood', 'negative', 'Clinical comment'),
    (321, 14, 39, 1, 'HPO', 'HP:0006579', 'childhood', 'negative', 'Clinical comment'),
    (322, 14, 39, 1, 'HPO', 'HP:0010301', 'infantile', 'negative', 'Clinical comment'),
    (323, 14, 39, 1, 'HPO', 'HP:0030244', 'infantile', 'positive', 'Clinical comment'),
    (324, 14, 39, 1, 'HPO', 'HP:0040187', 'infantile', 'negative', 'Clinical comment'),
    (325, 14, 39, 1, 'HPO', 'HP:0001787', 'infantile', 'negative', 'Clinical comment'),
    (326, 14, 39, 1, 'HPO', 'HP:0001998', 'infantile', 'negative', 'Clinical comment'),
    (327, 14, 39, 1, 'HPO', 'HP:0002033', 'unknown', 'positive', 'Clinical comment'),
    (328, 14, 39, 1, 'HPO', 'HP:0002072', 'childhood', 'positive', 'Clinical comment'),
    (329, 14, 39, 1, 'HPO', 'HP:0004488', 'infantile', 'positive', 'Clinical comment'),
    (330, 14, 39, 1, 'HPO', 'HP:0004875', 'childhood', 'positive', 'Clinical comment'),
    (331, 14, 39, 1, 'HPO', 'HP:0009800', 'infantile', 'negative', 'Clinical comment'),
    (332, 14, 39, 1, 'HPO', 'HP:0010519', 'childhood', 'negative', 'Clinical comment'),
    (333, 14, 39, 1, 'HPO', 'HP:0011451', 'infantile', 'negative', 'Clinical comment'),
    (334, 14, 39, 1, 'HPO', 'HP:0012768', 'childhood', 'positive', 'Clinical comment'),
    (335, 14, 39, 1, 'HPO', 'HP:0100622', 'childhood', 'negative', 'Clinical comment'),
    (336, 14, 39, 1, 'HPO', 'HP:0000204', 'childhood', 'positive', 'Clinical comment'),
    (337, 14, 39, 1, 'HPO', 'HP:0000339', 'infantile', 'negative', 'Clinical comment'),
    (338, 14, 39, 1, 'HPO', 'HP:0001250', 'unknown', 'negative', 'Clinical comment'),
    (339, 14, 39, 1, 'HPO', 'HP:0001251', 'childhood', 'negative', 'Clinical comment'),
    (340, 14, 39, 1, 'HPO', 'HP:0001332', 'childhood', 'positive', 'Clinical comment'),
    (341, 14, 39, 1, 'HPO', 'HP:0001511', 'childhood', 'positive', 'Clinical comment'),
    (342, 14, 39, 1, 'HPO', 'HP:0001520', 'childhood', 'negative', 'Clinical comment'),
    (343, 14, 39, 1, 'HPO', 'HP:0001562', 'childhood', 'positive', 'Clinical comment'),
    (344, 14, 39, 1, 'HPO', 'HP:0001622', 'infantile', 'negative', 'Clinical comment'),
    (345, 10, 27, 1, 'HPO', 'HP:0006986', 'childhood', 'positive', 'Clinical comment'),
    (346, 10, 27, 1, 'HPO', 'HP:0000256', 'infantile', 'negative', 'Clinical comment'),
    (347, 10, 27, 1, 'HPO', 'HP:0001257', 'unknown', 'positive', 'Clinical comment'),
    (348, 10, 27, 1, 'HPO', 'HP:0001290', 'childhood', 'positive', 'Clinical comment'),
    (349, 10, 27, 1, 'HPO', 'HP:0003517', 'unknown', 'positive', 'Clinical comment'),
    (350, 10, 27, 1, 'HPO', 'HP:0001998', 'infantile', 'negative', 'Clinical comment'),
    (351, 10, 27, 1, 'HPO', 'HP:0002033', 'infantile', 'negative', 'Clinical comment'),
    (352, 10, 27, 1, 'HPO', 'HP:0001520', 'unknown', 'positive', 'Clinical comment'),
    (353, 10, 27, 1, 'HPO', 'HP:0001622', 'unknown', 'positive', 'Clinical comment'),
    (354, 10, 27, 1, 'HPO', 'HP:0001518', 'childhood', 'positive', 'Clinical comment'),
    (355, 10, 27, 1, 'HPO', 'HP:0002643', 'unknown', 'negative', 'Clinical comment'),
    (356, 10, 27, 1, 'HPO', 'HP:0006579', 'childhood', 'negative', 'Clinical comment'),
    (357, 10, 27, 1, 'HPO', 'HP:0040187', 'infantile', 'negative', 'Clinical comment'),
    (358, 1, 3, 1, 'HPO', 'HP:0000717', 'childhood', 'negative', 'Clinical comment'),
    (359, 1, 3, 1, 'HPO', 'HP:0001263', 'childhood', 'negative', 'Clinical comment'),
    (360, 19, 55, 1, 'HPO', 'HP:0001998', 'childhood', 'positive', 'Clinical comment'),
    (361, 19, 55, 1, 'HPO', 'HP:0002033', 'childhood', 'negative', 'Clinical comment'),
    (362, 19, 55, 1, 'HPO', 'HP:0009800', 'infantile', 'negative', 'Clinical comment'),
    (363, 19, 55, 1, 'HPO', 'HP:0010519', 'infantile', 'negative', 'Clinical comment'),
    (364, 19, 55, 1, 'HPO', 'HP:0100622', 'unknown', 'negative', 'Clinical comment'),
    (365, 19, 55, 1, 'HPO', 'HP:0001511', 'childhood', 'positive', 'Clinical comment'),
    (366, 19, 55, 1, 'HPO', 'HP:0001562', 'infantile', 'positive', 'Clinical comment'),
    (367, 19, 55, 1, 'HPO', 'HP:0001622', 'unknown', 'positive', 'Clinical comment'),
    (368, 19, 55, 1, 'HPO', 'HP:0001558', 'infantile', 'negative', 'Clinical comment'),
    (369, 19, 55, 1, 'HPO', 'HP:0001561', 'unknown', 'positive', 'Clinical comment'),
    (370, 19, 55, 1, 'HPO', 'HP:0002643', 'unknown', 'negative', 'Clinical comment'),
    (371, 19, 55, 1, 'HPO', 'HP:0006579', 'unknown', 'negative', 'Clinical comment'),
    (372, 19, 55, 1, 'HPO', 'HP:0030244', 'childhood', 'negative', 'Clinical comment'),
    (373, 19, 55, 1, 'HPO', 'HP:0040187', 'childhood', 'negative', 'Clinical comment'),
    (374, 8, 22, 1, 'HPO', 'HP:0002069', 'childhood', 'negative', 'Clinical comment'),
    (375, 8, 22, 1, 'HPO', 'HP:0002123', 'childhood', 'negative', 'Clinical comment'),
    (376, 8, 22, 1, 'HPO', 'HP:0001250', 'infantile', 'negative', 'Clinical comment'),
    (377, 8, 22, 1, 'HPO', 'HP:0002197', 'unknown', 'positive', 'Clinical comment'),
    (378, 8, 22, 1, 'HPO', 'HP:0001629', 'childhood', 'negative', 'Clinical comment'),
    (379, 8, 22, 1, 'HPO', 'HP:0001636', 'infantile', 'negative', 'Clinical comment'),
    (380, 8, 22, 1, 'HPO', 'HP:0001680', 'infantile', 'positive', 'Clinical comment'),
    (381, 8, 22, 1, 'HPO', 'HP:0001738', 'infantile', 'negative', 'Clinical comment'),
    (382, 8, 22, 1, 'HPO', 'HP:0001787', 'unknown', 'positive', 'Clinical comment'),
    (383, 8, 22, 1, 'HPO', 'HP:0001998', 'unknown', 'positive', 'Clinical comment'),
    (384, 8, 22, 1, 'HPO', 'HP:0001999', 'unknown', 'negative', 'Clinical comment'),
    (385, 8, 22, 1, 'HPO', 'HP:0002033', 'infantile', 'negative', 'Clinical comment'),
    (386, 8, 22, 1, 'HPO', 'HP:0002088', 'childhood', 'negative', 'Clinical comment'),
    (387, 8, 22, 1, 'HPO', 'HP:0002251', 'unknown', 'negative', 'Clinical comment'),
    (388, 8, 22, 1, 'HPO', 'HP:0002652', 'childhood', 'positive', 'Clinical comment'),
    (389, 8, 22, 1, 'HPO', 'HP:0002659', 'childhood', 'negative', 'Clinical comment'),
    (390, 8, 22, 1, 'HPO', 'HP:0004467', 'childhood', 'negative', 'Clinical comment'),
    (391, 8, 22, 1, 'HPO', 'HP:0004488', 'childhood', 'negative', 'Clinical comment'),
    (392, 8, 22, 1, 'HPO', 'HP:0005306', 'childhood', 'negative', 'Clinical comment'),
    (393, 8, 22, 1, 'HPO', 'HP:0009800', 'childhood', 'negative', 'Clinical comment'),
    (394, 8, 22, 1, 'HPO', 'HP:0009816', 'infantile', 'negative', 'Clinical comment'),
    (395, 8, 22, 1, 'HPO', 'HP:0010519', 'childhood', 'positive', 'Clinical comment'),
    (396, 8, 22, 1, 'HPO', 'HP:0011451', 'infantile', 'negative', 'Clinical comment'),
    (397, 8, 22, 1, 'HPO', 'HP:0011675', 'unknown', 'positive', 'Clinical comment'),
    (398, 8, 22, 1, 'HPO', 'HP:0100622', 'infantile', 'negative', 'Clinical comment'),
    (399, 8, 22, 1, 'HPO', 'HP:0000028', 'unknown', 'positive', 'Clinical comment'),
    (400, 8, 22, 1, 'HPO', 'HP:0000062', 'infantile', 'positive', 'Clinical comment'),
    (401, 8, 22, 1, 'HPO', 'HP:0000107', 'unknown', 'positive', 'Clinical comment'),
    (402, 8, 22, 1, 'HPO', 'HP:0000204', 'unknown', 'negative', 'Clinical comment'),
    (403, 8, 22, 1, 'HPO', 'HP:0000819', 'unknown', 'positive', 'Clinical comment'),
    (404, 8, 22, 1, 'HPO', 'HP:0000953', 'childhood', 'positive', 'Clinical comment'),
    (405, 8, 22, 1, 'HPO', 'HP:0001010', 'infantile', 'negative', 'Clinical comment'),
    (406, 8, 22, 1, 'HPO', 'HP:0001396', 'childhood', 'positive', 'Clinical comment'),
    (407, 8, 22, 1, 'HPO', 'HP:0001511', 'unknown', 'negative', 'Clinical comment'),
    (408, 8, 22, 1, 'HPO', 'HP:0001520', 'unknown', 'positive', 'Clinical comment'),
    (409, 8, 22, 1, 'HPO', 'HP:0001562', 'childhood', 'positive', 'Clinical comment'),
    (410, 8, 22, 1, 'HPO', 'HP:0001622', 'unknown', 'negative', 'Clinical comment'),
    (411, 8, 22, 1, 'HPO', 'HP:0000047', 'childhood', 'positive', 'Clinical comment'),
    (412, 8, 22, 1, 'HPO', 'HP:0000069', 'childhood', 'negative', 'Clinical comment'),
    (413, 8, 22, 1, 'HPO', 'HP:0000085', 'unknown', 'negative', 'Clinical comment'),
    (414, 8, 22, 1, 'HPO', 'HP:0000175', 'unknown', 'negative', 'Clinical comment'),
    (415, 8, 22, 1, 'HPO', 'HP:0000384', 'unknown', 'negative', 'Clinical comment'),
    (416, 8, 22, 1, 'HPO', 'HP:0000776', 'infantile', 'negative', 'Clinical comment'),
    (417, 8, 22, 1, 'HPO', 'HP:0000795', 'childhood', 'positive', 'Clinical comment'),
    (418, 8, 22, 1, 'HPO', 'HP:0001363', 'childhood', 'negative', 'Clinical comment'),
    (419, 8, 22, 1, 'HPO', 'HP:0001518', 'unknown', 'positive', 'Clinical comment'),
    (420, 8, 22, 1, 'HPO', 'HP:0001539', 'childhood', 'negative', 'Clinical comment'),
    (421, 8, 22, 1, 'HPO', 'HP:0001543', 'unknown', 'positive', 'Clinical comment'),
    (422, 8, 22, 1, 'HPO', 'HP:0001558', 'infantile', 'positive', 'Clinical comment'),
    (423, 8, 22, 1, 'HPO', 'HP:0001561', 'infantile', 'positive', 'Clinical comment'),
    (424, 8, 22, 1, 'HPO', 'HP:0001631', 'childhood', 'positive', 'Clinical comment'),
    (425, 8, 22, 1, 'HPO', 'HP:0001638', 'unknown', 'positive', 'Clinical comment'),
    (426, 8, 22, 1, 'HPO', 'HP:0001674', 'unknown', 'positive', 'Clinical comment'),
    (427, 8, 22, 1, 'HPO', 'HP:0002032', 'childhood', 'negative', 'Clinical comment'),
    (428, 8, 22, 1, 'HPO', 'HP:0002575', 'infantile', 'positive', 'Clinical comment'),
    (429, 8, 22, 1, 'HPO', 'HP:0002643', 'infantile', 'negative', 'Clinical comment'),
    (430, 8, 22, 1, 'HPO', 'HP:0002910', 'childhood', 'negative', 'Clinical comment'),
    (431, 8, 22, 1, 'HPO', 'HP:0003517', 'childhood', 'positive', 'Clinical comment'),
    (432, 8, 22, 1, 'HPO', 'HP:0003561', 'childhood', 'positive', 'Clinical comment'),
    (433, 8, 22, 1, 'HPO', 'HP:0006579', 'childhood', 'positive', 'Clinical comment'),
    (434, 8, 22, 1, 'HPO', 'HP:0009824', 'unknown', 'negative', 'Clinical comment'),
    (435, 8, 22, 1, 'HPO', 'HP:0011276', 'infantile', 'negative', 'Clinical comment'),
    (436, 8, 22, 1, 'HPO', 'HP:0030244', 'infantile', 'positive', 'Clinical comment'),
    (437, 8, 22, 1, 'HPO', 'HP:0040187', 'infantile', 'positive', 'Clinical comment'),
    (438, 20, 58, 1, 'HPO', 'HP:0000708', 'infantile', 'positive', 'Clinical comment'),
    (439, 20, 58, 1, 'HPO', 'HP:0001250', 'infantile', 'positive', 'Clinical comment'),
    (440, 20, 58, 1, 'HPO', 'HP:0001263', 'unknown', 'positive', 'Clinical comment'),
    (441, 20, 58, 1, 'HPO', 'HP:0007359', 'infantile', 'positive', 'Clinical comment'),
    (442, 20, 58, 1, 'HPO', 'HP:0011342', 'childhood', 'negative', 'Clinical comment'),
    (443, 20, 58, 1, 'HPO', 'HP:0001290', 'childhood', 'negative', 'Clinical comment'),
    (444, 20, 58, 1, 'HPO', 'HP:0000750', 'infantile', 'negative', 'Clinical comment'),
    (445, 20, 58, 1, 'HPO', 'HP:0001558', 'childhood', 'negative', 'Clinical comment'),
    (446, 20, 58, 1, 'HPO', 'HP:0001561', 'childhood', 'negative', 'Clinical comment'),
    (447, 20, 58, 1, 'HPO', 'HP:0002643', 'childhood', 'positive', 'Clinical comment'),
    (448, 20, 58, 1, 'HPO', 'HP:0003517', 'infantile', 'negative', 'Clinical comment'),
    (449, 20, 58, 1, 'HPO', 'HP:0003561', 'infantile', 'positive', 'Clinical comment'),
    (450, 20, 58, 1, 'HPO', 'HP:0006579', 'infantile', 'negative', 'Clinical comment'),
    (451, 20, 58, 1, 'HPO', 'HP:0030244', 'infantile', 'positive', 'Clinical comment'),
    (452, 20, 58, 1, 'HPO', 'HP:0040187', 'childhood', 'positive', 'Clinical comment'),
    (453, 20, 58, 1, 'HPO', 'HP:0001787', 'unknown', 'positive', 'Clinical comment'),
    (454, 20, 58, 1, 'HPO', 'HP:0001998', 'unknown', 'positive', 'Clinical comment'),
    (455, 20, 58, 1, 'HPO', 'HP:0002033', 'unknown', 'positive', 'Clinical comment'),
    (456, 20, 58, 1, 'HPO', 'HP:0004488', 'unknown', 'negative', 'Clinical comment'),
    (457, 20, 58, 1, 'HPO', 'HP:0009800', 'unknown', 'negative', 'Clinical comment'),
    (458, 20, 58, 1, 'HPO', 'HP:0010519', 'unknown', 'positive', 'Clinical comment'),
    (459, 20, 58, 1, 'HPO', 'HP:0100622', 'unknown', 'positive', 'Clinical comment'),
    (460, 20, 58, 1, 'HPO', 'HP:0001511', 'childhood', 'negative', 'Clinical comment'),
    (461, 20, 58, 1, 'HPO', 'HP:0001520', 'childhood', 'negative', 'Clinical comment'),
    (462, 20, 58, 1, 'HPO', 'HP:0001562', 'unknown', 'negative', 'Clinical comment'),
    (463, 20, 58, 1, 'HPO', 'HP:0001622', 'childhood', 'negative', 'Clinical comment')
    ON CONFLICT (id) DO NOTHING;
